Order_ID,Order_Date,Customer_ID,Product_ID,Quantity,Discount,Payment_Method,Cost_Price,Unit_Price,Sales,Profit
ORD00001,2023-11-17,CUST0545,PROD071,3,0.05,Debit Card,43519,57837.38,164836.53,34279.53
ORD00002,2024-01-25,CUST0712,PROD076,2,0.18,Debit Card,19739,31328.52,51378.77,11900.77
ORD00003,2024-03-09,CUST1258,PROD019,2,0.0,UPI,26105,33829.88,67659.76,15449.76
ORD00004,2025-11-11,CUST1050,PROD027,4,0.24,Debit Card,33194,42060.33,127863.4,-4912.6
ORD00005,2025-05-22,CUST1578,PROD018,1,0.27,Cash on Delivery,34967,55784.96,40723.02,5756.02
ORD00006,2025-05-07,CUST1458,PROD013,1,0.15,UPI,24204,30560.87,25976.74,1772.74
ORD00007,2023-02-20,CUST1085,PROD001,2,0.21,UPI,19397,26184.27,41371.15,2577.15
ORD00008,2023-06-25,CUST0553,PROD085,4,0.14,Credit Card,21717,30954.12,106482.17,19614.17
ORD00009,2025-05-19,CUST1465,PROD034,3,0.09,Cash on Delivery,48452,62752.05,171313.1,25957.1
ORD00010,2023-09-10,CUST1154,PROD013,3,0.05,Credit Card,24204,32019.41,91255.32,18643.32
ORD00011,2025-08-23,CUST1891,PROD051,1,0.16,Cash on Delivery,47215,69611.04,58473.27,11258.27
ORD00012,2025-01-08,CUST1378,PROD087,2,0.28,Debit Card,1853,2733.84,3936.73,230.73
ORD00013,2023-10-29,CUST0198,PROD001,4,0.27,Credit Card,19397,29321.05,85617.47,8029.47
ORD00014,2024-07-01,CUST0799,PROD087,4,0.28,Debit Card,1853,2626.01,7562.91,150.91
ORD00015,2024-12-16,CUST1687,PROD028,3,0.29,Debit Card,24730,31038.27,66111.52,-8078.48
ORD00016,2025-02-17,CUST1740,PROD032,3,0.05,Credit Card,17963,23350.09,66547.76,12658.76
ORD00017,2023-09-25,CUST0694,PROD072,5,0.04,Credit Card,16543,25729.63,123502.22,40787.22
ORD00018,2025-10-06,CUST1395,PROD055,5,0.13,Debit Card,44065,65224.03,283724.53,63399.53
ORD00019,2024-07-04,CUST1948,PROD026,2,0.21,Debit Card,1165,1385.9,2189.72,-140.28
ORD00020,2023-11-10,CUST1743,PROD014,5,0.13,Cash on Delivery,6122,9116.44,39656.51,9046.51
ORD00021,2023-07-03,CUST0147,PROD088,4,0.27,Debit Card,27486,35698.71,104240.23,-5703.77
ORD00022,2024-12-13,CUST1740,PROD093,5,0.22,UPI,48575,56368.96,219838.94,-23036.06
ORD00023,2023-05-08,CUST0498,PROD068,1,0.19,Debit Card,30755,42062.98,34071.01,3316.01
ORD00024,2024-11-30,CUST0048,PROD063,1,0.02,Debit Card,48779,75486.88,73977.14,25198.14
ORD00025,2024-01-21,CUST0770,PROD082,3,0.05,Debit Card,37566,50712.49,144530.6,31832.6
ORD00026,2023-09-28,CUST0651,PROD014,3,0.13,Credit Card,6122,9764.35,25484.95,7118.95
ORD00027,2025-03-21,CUST1196,PROD027,2,0.29,Credit Card,33194,40833.08,57982.97,-8405.03
ORD00028,2024-02-19,CUST0613,PROD041,1,0.1,UPI,37776,49407.38,44466.64,6690.64
ORD00029,2023-07-17,CUST0699,PROD003,2,0.19,Debit Card,7361,8520.2,13802.72,-919.28
ORD00030,2025-12-15,CUST1920,PROD094,2,0.3,Cash on Delivery,11294,13244.01,18541.61,-4046.39
ORD00031,2025-04-10,CUST1339,PROD059,5,0.08,Cash on Delivery,42048,55059.44,253273.42,43033.42
ORD00032,2024-09-19,CUST0376,PROD100,3,0.05,Debit Card,41593,57721.71,164506.87,39727.87
ORD00033,2024-08-26,CUST0806,PROD023,2,0.16,Debit Card,14296,17965.67,30182.33,1590.33
ORD00034,2025-12-16,CUST0921,PROD018,2,0.17,Debit Card,34967,42831.33,71100.01,1166.01
ORD00035,2025-10-06,CUST0875,PROD074,3,0.28,Debit Card,36254,48555.09,104878.99,-3883.01
ORD00036,2023-03-12,CUST1557,PROD076,3,0.01,Debit Card,19739,24215.88,71921.16,12704.16
ORD00037,2025-06-29,CUST0810,PROD041,1,0.12,Credit Card,37776,54167.14,47667.08,9891.08
ORD00038,2024-08-16,CUST1444,PROD008,3,0.09,UPI,24024,37955.04,103617.26,31545.26
ORD00039,2024-08-22,CUST0905,PROD032,5,0.17,Credit Card,17963,27177.02,112784.63,22969.63
ORD00040,2024-05-28,CUST1420,PROD081,1,0.0,Cash on Delivery,2375,2961.26,2961.26,586.26
ORD00041,2023-03-25,CUST1546,PROD041,2,0.21,Credit Card,37776,59610.94,94185.29,18633.29
ORD00042,2025-09-20,CUST1211,PROD045,5,0.15,Credit Card,45004,66966.29,284606.73,59586.73
ORD00043,2025-12-02,CUST1006,PROD078,5,0.21,UPI,3912,4771.61,18847.86,-712.14
ORD00044,2025-04-18,CUST1669,PROD009,1,0.13,Cash on Delivery,7565,10672.28,9284.88,1719.88
ORD00045,2024-08-28,CUST0033,PROD090,2,0.14,Cash on Delivery,39865,63182.65,108674.16,28944.16
ORD00046,2025-03-20,CUST0069,PROD048,1,0.27,Debit Card,7733,9229.65,6737.64,-995.36
ORD00047,2023-05-13,CUST0592,PROD024,4,0.06,UPI,37354,47512.5,178647.0,29231.0
ORD00048,2025-12-24,CUST1215,PROD087,4,0.07,Credit Card,1853,2442.89,9087.55,1675.55
ORD00049,2023-10-17,CUST0101,PROD095,1,0.17,Credit Card,3434,4127.73,3426.02,-7.98
ORD00050,2024-01-11,CUST1509,PROD044,2,0.2,Credit Card,31606,40602.99,64964.78,1752.78
ORD00051,2025-02-07,CUST1309,PROD058,2,0.11,Cash on Delivery,29901,43701.7,77789.03,17987.03
ORD00052,2024-04-11,CUST0914,PROD066,3,0.16,Cash on Delivery,26705,36445.85,91843.54,11728.54
ORD00053,2024-04-15,CUST0733,PROD018,5,0.07,Credit Card,34967,46837.71,217795.35,42960.35
ORD00054,2023-05-29,CUST0390,PROD080,1,0.04,Cash on Delivery,24906,33482.95,32143.63,7237.63
ORD00055,2023-03-29,CUST1589,PROD029,5,0.07,Debit Card,23495,35050.86,162986.5,45511.5
ORD00056,2024-01-31,CUST0160,PROD075,5,0.27,Credit Card,900,1436.47,5243.12,743.12
ORD00057,2025-02-28,CUST0892,PROD002,4,0.24,Credit Card,8668,12264.27,37283.38,2611.38
ORD00058,2025-05-14,CUST1578,PROD078,4,0.04,Debit Card,3912,5821.83,22355.83,6707.83
ORD00059,2023-01-24,CUST1071,PROD068,1,0.01,Cash on Delivery,30755,40524.39,40119.15,9364.15
ORD00060,2025-08-13,CUST1183,PROD098,1,0.03,Credit Card,27372,42078.65,40816.29,13444.29
ORD00061,2023-11-07,CUST1470,PROD039,2,0.09,Debit Card,46187,61851.17,112569.13,20195.13
ORD00062,2024-10-25,CUST0696,PROD073,1,0.24,UPI,46032,72307.31,54953.56,8921.56
ORD00063,2024-03-13,CUST0758,PROD041,2,0.1,Debit Card,37776,56081.38,100946.48,25394.48
ORD00064,2024-12-06,CUST0523,PROD071,2,0.06,Credit Card,43519,63901.1,120134.07,33096.07
ORD00065,2024-02-26,CUST1690,PROD081,1,0.12,Debit Card,2375,3041.33,2676.37,301.37
ORD00066,2023-11-17,CUST0732,PROD087,2,0.04,Cash on Delivery,1853,2794.81,5366.04,1660.04
ORD00067,2024-08-09,CUST0155,PROD075,5,0.14,Credit Card,900,1077.64,4633.85,133.85
ORD00068,2025-08-04,CUST0339,PROD022,2,0.2,Credit Card,46697,65007.4,104011.84,10617.84
ORD00069,2025-04-28,CUST1977,PROD082,5,0.11,Cash on Delivery,37566,55632.23,247563.42,59733.42
ORD00070,2023-02-11,CUST1389,PROD049,5,0.05,Cash on Delivery,1602,2479.28,11776.58,3766.58
ORD00071,2025-07-27,CUST0795,PROD028,5,0.14,Cash on Delivery,24730,34778.89,149549.23,25899.23
ORD00072,2024-01-22,CUST1723,PROD016,3,0.23,UPI,45432,57528.06,132889.82,-3406.18
ORD00073,2025-06-28,CUST1598,PROD068,3,0.02,Credit Card,30755,47116.28,138521.86,46256.86
ORD00074,2024-12-16,CUST1172,PROD062,2,0.02,Credit Card,42867,64111.51,125658.56,39924.56
ORD00075,2024-03-06,CUST0899,PROD036,1,0.1,Credit Card,5763,7025.7,6323.13,560.13
ORD00076,2024-07-07,CUST1168,PROD022,2,0.12,Debit Card,46697,72033.6,126779.14,33385.14
ORD00077,2025-03-10,CUST0103,PROD011,3,0.06,Credit Card,23684,37466.78,105656.32,34604.32
ORD00078,2024-03-01,CUST0812,PROD085,4,0.01,Credit Card,21717,30229.64,119709.37,32841.37
ORD00079,2023-01-26,CUST0093,PROD080,4,0.07,Cash on Delivery,24906,29071.88,108147.39,8523.39
ORD00080,2024-01-20,CUST0975,PROD042,2,0.13,Cash on Delivery,35023,54706.85,95189.92,25143.92
ORD00081,2023-02-25,CUST1310,PROD055,3,0.02,Cash on Delivery,44065,53109.1,156140.75,23945.75
ORD00082,2024-09-25,CUST1448,PROD073,5,0.21,Credit Card,46032,66051.54,260903.58,30743.58
ORD00083,2023-04-16,CUST0119,PROD035,3,0.17,Cash on Delivery,34337,45682.23,113748.75,10737.75
ORD00084,2025-04-28,CUST1985,PROD057,2,0.13,UPI,43648,69680.33,121243.77,33947.77
ORD00085,2024-10-31,CUST0029,PROD034,3,0.16,Cash on Delivery,48452,75717.11,190807.12,45451.12
ORD00086,2024-01-11,CUST1013,PROD073,4,0.2,UPI,46032,69187.33,221399.46,37271.46
ORD00087,2025-01-12,CUST1535,PROD077,5,0.3,Debit Card,10916,13532.29,47363.02,-7216.98
ORD00088,2025-08-24,CUST1054,PROD070,2,0.23,UPI,39873,58399.46,89935.17,10189.17
ORD00089,2023-11-04,CUST0872,PROD004,2,0.16,UPI,42258,59476.68,99920.82,15404.82
ORD00090,2023-04-01,CUST1390,PROD046,1,0.23,Debit Card,11014,13336.92,10269.43,-744.57
ORD00091,2025-03-12,CUST0800,PROD092,5,0.14,UPI,4811,7253.09,31188.29,7133.29
ORD00092,2023-04-20,CUST1162,PROD011,2,0.09,Credit Card,23684,28158.03,51247.61,3879.61
ORD00093,2024-08-07,CUST0475,PROD098,3,0.08,Credit Card,27372,37409.98,103251.54,21135.54
ORD00094,2023-12-06,CUST0563,PROD061,3,0.12,Cash on Delivery,13164,17665.48,46636.87,7144.87
ORD00095,2025-09-05,CUST1416,PROD035,3,0.0,Cash on Delivery,34337,51944.63,155833.89,52822.89
ORD00096,2023-12-22,CUST0435,PROD069,3,0.05,Cash on Delivery,21682,29106.03,82952.19,17906.19
ORD00097,2023-06-17,CUST0804,PROD057,2,0.04,Cash on Delivery,43648,63832.58,122558.55,35262.55
ORD00098,2024-07-10,CUST1258,PROD011,4,0.29,Credit Card,23684,32333.81,91828.02,-2907.98
ORD00099,2025-06-23,CUST0055,PROD012,5,0.02,Cash on Delivery,33865,47814.31,234290.12,64965.12
ORD00100,2023-04-15,CUST0931,PROD043,3,0.15,UPI,1019,1282.38,3270.07,213.07
ORD00101,2023-05-30,CUST1316,PROD019,2,0.28,Debit Card,26105,32399.02,46654.59,-5555.41
ORD00102,2023-05-26,CUST0752,PROD077,2,0.18,UPI,10916,16040.64,26306.65,4474.65
ORD00103,2024-12-16,CUST0312,PROD068,3,0.15,Debit Card,30755,37061.27,94506.24,2241.24
ORD00104,2025-05-23,CUST1572,PROD078,1,0.22,Credit Card,3912,4808.6,3750.71,-161.29
ORD00105,2023-10-26,CUST1113,PROD059,2,0.11,Debit Card,42048,66159.41,117763.75,33667.75
ORD00106,2024-10-07,CUST1236,PROD002,5,0.06,Cash on Delivery,8668,10956.34,51494.8,8154.8
ORD00107,2024-12-23,CUST0957,PROD008,5,0.25,Credit Card,24024,31122.69,116710.09,-3409.91
ORD00108,2025-12-07,CUST0318,PROD022,1,0.02,Cash on Delivery,46697,67007.27,65667.12,18970.12
ORD00109,2024-09-29,CUST1901,PROD077,2,0.24,UPI,10916,14716.51,22369.1,537.1
ORD00110,2023-08-27,CUST0757,PROD021,1,0.03,UPI,22664,31764.73,30811.79,8147.79
ORD00111,2025-10-27,CUST0465,PROD085,2,0.19,Cash on Delivery,21717,26387.6,42747.91,-686.09
ORD00112,2024-04-08,CUST1111,PROD092,2,0.14,Debit Card,4811,6988.38,12020.01,2398.01
ORD00113,2024-03-28,CUST1433,PROD097,1,0.3,UPI,10894,13295.72,9307.0,-1587.0
ORD00114,2025-02-22,CUST1264,PROD029,4,0.12,Debit Card,23495,34924.77,122935.19,28955.19
ORD00115,2025-06-15,CUST1856,PROD086,3,0.29,UPI,12989,17997.92,38335.57,-631.43
ORD00116,2024-01-06,CUST0700,PROD090,3,0.12,Cash on Delivery,39865,60486.64,159684.73,40089.73
ORD00117,2024-05-01,CUST1081,PROD075,3,0.2,Cash on Delivery,900,1104.94,2651.86,-48.14
ORD00118,2023-06-14,CUST1137,PROD075,1,0.19,UPI,900,1187.9,962.2,62.2
ORD00119,2023-07-11,CUST0735,PROD098,2,0.03,UPI,27372,41908.57,81302.63,26558.63
ORD00120,2024-12-30,CUST1094,PROD083,2,0.22,Debit Card,37036,55902.9,87208.52,13136.52
ORD00121,2023-08-02,CUST0739,PROD037,5,0.06,Debit Card,49377,78242.27,367738.67,120853.67
ORD00122,2024-07-27,CUST0768,PROD078,2,0.12,Debit Card,3912,4889.54,8605.59,781.59
ORD00123,2025-08-14,CUST1716,PROD029,4,0.23,Cash on Delivery,23495,32718.26,100772.24,6792.24
ORD00124,2024-01-16,CUST1208,PROD083,3,0.28,UPI,37036,42889.47,92641.26,-18466.74
ORD00125,2024-11-03,CUST1727,PROD037,4,0.17,Credit Card,49377,78230.72,259725.99,62217.99
ORD00126,2025-03-08,CUST1988,PROD021,3,0.16,Debit Card,22664,27849.69,70181.22,2189.22
ORD00127,2023-08-27,CUST0744,PROD088,1,0.15,Credit Card,27486,42798.96,36379.12,8893.12
ORD00128,2024-11-30,CUST0276,PROD090,4,0.24,Cash on Delivery,39865,58013.54,176361.16,16901.16
ORD00129,2024-05-19,CUST0233,PROD012,2,0.3,Debit Card,33865,53221.62,74510.27,6780.27
ORD00130,2023-07-21,CUST0054,PROD048,3,0.19,Debit Card,7733,9756.75,23708.9,509.9
ORD00131,2025-07-08,CUST0257,PROD083,5,0.11,Credit Card,37036,48343.98,215130.71,29950.71
ORD00132,2023-02-06,CUST0090,PROD047,4,0.07,Credit Card,47956,58697.22,218353.66,26529.66
ORD00133,2024-10-05,CUST1762,PROD094,1,0.06,UPI,11294,15135.03,14226.93,2932.93
ORD00134,2025-02-03,CUST1783,PROD015,5,0.26,Credit Card,18761,29574.37,109425.17,15620.17
ORD00135,2024-12-06,CUST1930,PROD067,1,0.3,Cash on Delivery,26070,36681.1,25676.77,-393.23
ORD00136,2024-06-28,CUST1687,PROD013,3,0.21,Debit Card,24204,32366.96,76709.7,4097.7
ORD00137,2024-06-23,CUST1459,PROD059,4,0.29,Credit Card,42048,54502.19,154786.22,-13405.78
ORD00138,2025-10-13,CUST1649,PROD073,1,0.1,Cash on Delivery,46032,65049.79,58544.81,12512.81
ORD00139,2024-01-29,CUST0408,PROD013,5,0.19,Credit Card,24204,35711.74,144632.55,23612.55
ORD00140,2025-04-12,CUST1293,PROD080,5,0.15,Credit Card,24906,33201.06,141104.5,16574.5
ORD00141,2025-12-01,CUST1693,PROD078,2,0.14,Credit Card,3912,4905.27,8437.06,613.06
ORD00142,2024-08-19,CUST1978,PROD072,1,0.19,UPI,16543,23379.43,18937.34,2394.34
ORD00143,2024-01-28,CUST0366,PROD019,4,0.09,Debit Card,26105,34315.11,124907.0,20487.0
ORD00144,2024-11-30,CUST1883,PROD057,4,0.19,Debit Card,43648,69725.32,225910.04,51318.04
ORD00145,2024-03-16,CUST0351,PROD032,2,0.2,Debit Card,17963,24222.57,38756.11,2830.11
ORD00146,2025-07-06,CUST1323,PROD099,5,0.25,UPI,42208,56791.71,212968.91,1928.91
ORD00147,2023-11-16,CUST1930,PROD087,1,0.22,Credit Card,1853,2830.94,2208.13,355.13
ORD00148,2024-07-06,CUST1183,PROD021,5,0.1,Debit Card,22664,28623.69,128806.6,15486.6
ORD00149,2025-12-30,CUST0487,PROD082,1,0.14,Debit Card,37566,44316.39,38112.1,546.1
ORD00150,2024-07-21,CUST0842,PROD014,1,0.04,Credit Card,6122,9392.49,9016.79,2894.79
ORD00151,2025-07-07,CUST0984,PROD080,1,0.08,Debit Card,24906,35243.69,32424.19,7518.19
ORD00152,2023-08-24,CUST1761,PROD024,5,0.16,Credit Card,37354,47330.15,198786.63,12016.63
ORD00153,2025-09-13,CUST1550,PROD049,5,0.03,UPI,1602,2089.39,10133.54,2123.54
ORD00154,2025-10-29,CUST1379,PROD032,5,0.17,Debit Card,17963,24098.13,100007.24,10192.24
ORD00155,2023-03-01,CUST0621,PROD075,3,0.12,Debit Card,900,1310.56,3459.88,759.88
ORD00156,2025-06-11,CUST0930,PROD011,5,0.01,Credit Card,23684,32226.39,159520.63,41100.63
ORD00157,2023-08-13,CUST0401,PROD060,2,0.13,Cash on Delivery,7054,9368.55,16301.28,2193.28
ORD00158,2024-11-30,CUST1429,PROD068,3,0.08,UPI,30755,46169.71,127428.4,35163.4
ORD00159,2024-08-04,CUST1120,PROD061,1,0.02,Debit Card,13164,15564.22,15252.94,2088.94
ORD00160,2025-09-20,CUST1731,PROD090,4,0.09,Credit Card,39865,57550.77,209484.8,50024.8
ORD00161,2023-06-18,CUST0570,PROD005,3,0.09,UPI,14250,19266.22,52596.78,9846.78
ORD00162,2025-12-21,CUST0975,PROD036,3,0.11,Credit Card,5763,7495.84,20013.89,2724.89
ORD00163,2023-01-14,CUST0392,PROD097,1,0.11,Cash on Delivery,10894,17075.35,15197.06,4303.06
ORD00164,2023-06-13,CUST0352,PROD064,5,0.13,Debit Card,24886,37330.7,162388.55,37958.55
ORD00165,2025-01-26,CUST0806,PROD078,5,0.03,Cash on Delivery,3912,4884.78,23691.18,4131.18
ORD00166,2025-11-17,CUST1690,PROD032,3,0.0,Debit Card,17963,25930.51,77791.53,23902.53
ORD00167,2024-03-21,CUST0576,PROD071,5,0.22,Cash on Delivery,43519,66150.14,257985.55,40390.55
ORD00168,2024-12-16,CUST1694,PROD074,3,0.1,Debit Card,36254,57832.48,156147.7,47385.7
ORD00169,2025-09-02,CUST0777,PROD066,4,0.18,Credit Card,26705,39103.9,128260.79,21440.79
ORD00170,2025-03-29,CUST0633,PROD010,4,0.09,UPI,38184,55779.6,203037.74,50301.74
ORD00171,2023-04-14,CUST1312,PROD099,1,0.3,Debit Card,42208,60187.82,42131.47,-76.53
ORD00172,2025-01-11,CUST0523,PROD021,2,0.09,Debit Card,22664,26471.58,48178.28,2850.28
ORD00173,2024-03-01,CUST0726,PROD040,2,0.18,Credit Card,34631,48943.14,80266.75,11004.75
ORD00174,2024-09-30,CUST0162,PROD042,5,0.07,Cash on Delivery,35023,52964.28,246283.9,71168.9
ORD00175,2025-04-29,CUST1641,PROD072,2,0.16,Debit Card,16543,21968.08,36906.37,3820.37
ORD00176,2025-02-07,CUST1938,PROD046,4,0.17,Cash on Delivery,11014,15575.35,51710.16,7654.16
ORD00177,2023-10-04,CUST0659,PROD082,1,0.05,Credit Card,37566,58862.91,55919.76,18353.76
ORD00178,2025-12-24,CUST1206,PROD073,4,0.04,Debit Card,46032,56500.38,216961.46,32833.46
ORD00179,2025-06-18,CUST0850,PROD041,3,0.29,UPI,37776,48210.26,102687.85,-10640.15
ORD00180,2023-07-07,CUST1573,PROD094,5,0.27,Debit Card,11294,13548.77,49453.01,-7016.99
ORD00181,2023-04-15,CUST0082,PROD004,5,0.2,Credit Card,42258,58109.4,232437.6,21147.6
ORD00182,2024-06-29,CUST0524,PROD099,2,0.26,Cash on Delivery,42208,64487.16,95441.0,11025.0
ORD00183,2024-01-15,CUST0004,PROD014,3,0.03,Debit Card,6122,8239.28,23976.3,5610.3
ORD00184,2023-04-20,CUST0495,PROD014,2,0.22,Credit Card,6122,7232.7,11283.01,-960.99
ORD00185,2024-06-28,CUST1579,PROD053,2,0.09,Credit Card,45509,57732.35,105072.88,14054.88
ORD00186,2023-12-20,CUST1947,PROD084,2,0.16,Credit Card,6252,9692.9,16284.07,3780.07
ORD00187,2025-01-12,CUST1075,PROD029,3,0.23,Cash on Delivery,23495,32913.81,76030.9,5545.9
ORD00188,2023-11-13,CUST1285,PROD023,2,0.01,Cash on Delivery,14296,22320.8,44195.18,15603.18
ORD00189,2025-12-24,CUST1158,PROD085,5,0.21,UPI,21717,33129.22,130860.42,22275.42
ORD00190,2023-11-29,CUST1997,PROD031,2,0.13,UPI,15105,20186.79,35125.01,4915.01
ORD00191,2024-08-14,CUST1623,PROD096,3,0.13,Debit Card,16906,24261.71,63323.06,12605.06
ORD00192,2025-02-21,CUST1386,PROD071,3,0.27,Credit Card,43519,63058.65,138098.44,7541.44
ORD00193,2024-06-23,CUST0568,PROD077,4,0.26,UPI,10916,16221.82,48016.59,4352.59
ORD00194,2025-01-04,CUST1241,PROD061,2,0.02,Cash on Delivery,13164,17111.03,33537.62,7209.62
ORD00195,2024-09-12,CUST0878,PROD023,3,0.19,Credit Card,14296,18299.53,44467.86,1579.86
ORD00196,2024-09-10,CUST1092,PROD008,2,0.13,Debit Card,24024,35028.55,60949.68,12901.68
ORD00197,2025-06-27,CUST1012,PROD076,1,0.04,Credit Card,19739,29972.48,28773.58,9034.58
ORD00198,2025-09-18,CUST1015,PROD100,5,0.26,UPI,41593,55585.34,205665.76,-2299.24
ORD00199,2023-04-09,CUST0864,PROD016,5,0.02,UPI,45432,58810.85,288173.16,61013.16
ORD00200,2023-11-13,CUST1580,PROD026,2,0.01,Credit Card,1165,1772.54,3509.63,1179.63
ORD00201,2023-05-03,CUST1167,PROD029,5,0.06,Cash on Delivery,23495,34282.21,161126.39,43651.39
ORD00202,2025-03-09,CUST1370,PROD093,5,0.09,Credit Card,48575,63370.82,288337.23,45462.23
ORD00203,2024-04-01,CUST1578,PROD006,1,0.02,Credit Card,17488,24279.46,23793.87,6305.87
ORD00204,2024-06-05,CUST1675,PROD037,5,0.19,Credit Card,49377,78133.58,316441.0,69556.0
ORD00205,2024-06-03,CUST1609,PROD033,5,0.13,Credit Card,8919,13266.5,57709.28,13114.28
ORD00206,2025-07-05,CUST0779,PROD095,3,0.12,Credit Card,3434,4291.64,11329.93,1027.93
ORD00207,2024-12-17,CUST1218,PROD046,5,0.04,Cash on Delivery,11014,14128.36,67816.13,12746.13
ORD00208,2023-11-11,CUST1005,PROD061,2,0.13,Debit Card,13164,16709.71,29074.9,2746.9
ORD00209,2024-12-09,CUST1691,PROD041,5,0.12,Debit Card,37776,57863.65,254600.06,65720.06
ORD00210,2024-12-10,CUST1270,PROD018,2,0.12,UPI,34967,50304.88,88536.59,18602.59
ORD00211,2025-11-09,CUST0314,PROD095,5,0.07,Cash on Delivery,3434,5401.68,25117.81,7947.81
ORD00212,2024-07-13,CUST0730,PROD016,2,0.03,Credit Card,45432,54105.89,104965.43,14101.43
ORD00213,2025-08-26,CUST1992,PROD051,5,0.08,Cash on Delivery,47215,55402.16,254849.94,18774.94
ORD00214,2023-12-22,CUST0384,PROD037,2,0.2,Debit Card,49377,71808.52,114893.63,16139.63
ORD00215,2025-12-13,CUST1789,PROD014,5,0.02,Credit Card,6122,7774.82,38096.62,7486.62
ORD00216,2025-06-08,CUST1813,PROD068,1,0.11,Cash on Delivery,30755,44767.82,39843.36,9088.36
ORD00217,2025-03-03,CUST0277,PROD030,3,0.15,UPI,27284,40259.22,102661.01,20809.01
ORD00218,2023-09-22,CUST1096,PROD060,3,0.29,Debit Card,7054,9078.61,19337.44,-1824.56
ORD00219,2025-09-08,CUST1153,PROD053,3,0.25,Credit Card,45509,71845.09,161651.45,25124.45
ORD00220,2025-03-12,CUST1382,PROD097,3,0.27,Credit Card,10894,16326.11,35754.18,3072.18
ORD00221,2023-02-12,CUST0698,PROD036,1,0.25,Credit Card,5763,7580.13,5685.1,-77.9
ORD00222,2025-05-11,CUST1549,PROD030,1,0.18,Credit Card,27284,36436.51,29877.94,2593.94
ORD00223,2023-12-16,CUST1865,PROD064,5,0.26,Credit Card,24886,36635.73,135552.2,11122.2
ORD00224,2025-06-30,CUST1244,PROD014,1,0.17,Credit Card,6122,7877.89,6538.65,416.65
ORD00225,2023-01-01,CUST1030,PROD023,3,0.11,Cash on Delivery,14296,18340.61,48969.43,6081.43
ORD00226,2024-08-06,CUST0751,PROD048,4,0.11,UPI,7733,11067.54,39400.44,8468.44
ORD00227,2024-03-07,CUST0983,PROD028,5,0.17,Cash on Delivery,24730,29939.56,124249.17,599.17
ORD00228,2023-02-22,CUST0624,PROD007,2,0.24,Cash on Delivery,3479,5555.98,8445.09,1487.09
ORD00229,2025-07-28,CUST0228,PROD042,3,0.04,Credit Card,35023,44803.41,129033.82,23964.82
ORD00230,2024-06-03,CUST1978,PROD010,3,0.01,Credit Card,38184,50487.71,149948.5,35396.5
ORD00231,2023-05-27,CUST0017,PROD068,3,0.24,Cash on Delivery,30755,38472.02,87716.21,-4548.79
ORD00232,2024-09-20,CUST1609,PROD044,1,0.19,Debit Card,31606,45499.15,36854.31,5248.31
ORD00233,2023-10-26,CUST0012,PROD013,2,0.25,Credit Card,24204,28493.43,42740.14,-5667.86
ORD00234,2025-02-27,CUST1622,PROD085,5,0.29,Credit Card,21717,34041.7,120848.03,12263.03
ORD00235,2025-04-29,CUST1523,PROD033,3,0.08,Debit Card,8919,11476.91,31676.27,4919.27
ORD00236,2023-06-27,CUST0692,PROD092,2,0.06,Cash on Delivery,4811,7540.37,14175.9,4553.9
ORD00237,2025-04-21,CUST1658,PROD087,4,0.1,Debit Card,1853,2342.36,8432.5,1020.5
ORD00238,2025-05-27,CUST1740,PROD032,1,0.26,Credit Card,17963,24810.58,18359.83,396.83
ORD00239,2025-01-28,CUST1526,PROD048,3,0.0,UPI,7733,11312.04,33936.12,10737.12
ORD00240,2025-12-27,CUST0070,PROD005,2,0.0,Debit Card,14250,20315.97,40631.94,12131.94
ORD00241,2024-03-20,CUST0108,PROD061,2,0.07,Debit Card,13164,18174.5,33804.57,7476.57
ORD00242,2024-12-08,CUST0201,PROD090,3,0.11,Credit Card,39865,59990.44,160174.47,40579.47
ORD00243,2024-08-24,CUST1076,PROD090,2,0.09,Debit Card,39865,54285.06,98798.81,19068.81
ORD00244,2023-05-25,CUST1573,PROD003,2,0.25,Credit Card,7361,9568.77,14353.16,-368.84
ORD00245,2023-10-02,CUST0629,PROD024,5,0.21,UPI,37354,55036.14,217392.75,30622.75
ORD00246,2024-05-23,CUST1283,PROD098,1,0.25,UPI,27372,43022.55,32266.91,4894.91
ORD00247,2025-01-22,CUST1506,PROD034,5,0.12,Cash on Delivery,48452,68832.05,302861.02,60601.02
ORD00248,2024-04-21,CUST1288,PROD084,1,0.18,Credit Card,6252,7976.73,6540.92,288.92
ORD00249,2024-10-27,CUST0906,PROD094,1,0.15,UPI,11294,16864.92,14335.18,3041.18
ORD00250,2024-07-21,CUST0303,PROD042,5,0.14,Credit Card,35023,52284.65,224824.0,49709.0
ORD00251,2024-06-14,CUST0937,PROD020,3,0.09,Debit Card,29671,37684.81,102879.53,13866.53
ORD00252,2023-06-08,CUST0576,PROD041,2,0.21,Debit Card,37776,49980.81,78969.68,3417.68
ORD00253,2024-11-11,CUST1578,PROD082,4,0.16,Credit Card,37566,45583.53,153160.66,2896.66
ORD00254,2023-01-23,CUST0555,PROD020,5,0.02,Credit Card,29671,35185.37,172408.31,24053.31
ORD00255,2025-12-06,CUST0125,PROD006,5,0.0,Debit Card,17488,26464.82,132324.1,44884.1
ORD00256,2024-06-08,CUST1929,PROD057,3,0.01,Credit Card,43648,57513.19,170814.17,39870.17
ORD00257,2024-12-29,CUST1294,PROD042,2,0.02,Debit Card,35023,44710.02,87631.64,17585.64
ORD00258,2023-05-24,CUST0859,PROD025,5,0.11,Cash on Delivery,31820,40259.97,179156.87,20056.87
ORD00259,2024-10-29,CUST0745,PROD041,4,0.09,Cash on Delivery,37776,44714.04,162759.11,11655.11
ORD00260,2024-11-11,CUST0480,PROD041,2,0.05,Cash on Delivery,37776,60184.28,114350.13,38798.13
ORD00261,2025-08-30,CUST0132,PROD003,5,0.15,Credit Card,7361,9680.97,41144.12,4339.12
ORD00262,2025-03-09,CUST1026,PROD043,5,0.29,Debit Card,1019,1247.17,4427.45,-667.55
ORD00263,2023-03-26,CUST0115,PROD046,1,0.05,UPI,11014,16949.04,16101.59,5087.59
ORD00264,2024-02-20,CUST0481,PROD057,1,0.08,UPI,43648,64398.43,59246.56,15598.56
ORD00265,2024-11-24,CUST0981,PROD083,5,0.14,Debit Card,37036,53634.77,230629.51,45449.51
ORD00266,2024-04-26,CUST1025,PROD074,3,0.19,Debit Card,36254,46540.95,113094.51,4332.51
ORD00267,2024-03-31,CUST0331,PROD051,1,0.18,Debit Card,47215,63124.4,51762.01,4547.01
ORD00268,2025-04-06,CUST1601,PROD005,5,0.16,Debit Card,14250,21780.97,91480.07,20230.07
ORD00269,2023-10-24,CUST0942,PROD086,2,0.22,Debit Card,12989,18677.58,29137.02,3159.02
ORD00270,2025-08-07,CUST0955,PROD073,4,0.25,UPI,46032,60096.78,180290.34,-3837.66
ORD00271,2024-11-10,CUST1995,PROD097,1,0.3,Cash on Delivery,10894,13063.82,9144.67,-1749.33
ORD00272,2024-01-13,CUST1661,PROD015,5,0.14,Debit Card,18761,29175.64,125455.25,31650.25
ORD00273,2024-02-25,CUST0768,PROD088,1,0.3,Credit Card,27486,43427.66,30399.36,2913.36
ORD00274,2023-04-15,CUST0391,PROD094,2,0.22,Cash on Delivery,11294,16641.23,25960.32,3372.32
ORD00275,2023-11-26,CUST0834,PROD100,3,0.2,UPI,41593,60772.63,145854.31,21075.31
ORD00276,2024-03-14,CUST0143,PROD039,5,0.19,Debit Card,46187,64290.9,260378.14,29443.14
ORD00277,2024-01-17,CUST0328,PROD070,2,0.27,Credit Card,39873,63285.62,92397.01,12651.01
ORD00278,2023-05-18,CUST1782,PROD079,4,0.28,UPI,16940,24772.51,71344.83,3584.83
ORD00279,2025-07-31,CUST0628,PROD038,5,0.05,Cash on Delivery,41219,48825.16,231919.51,25824.51
ORD00280,2025-04-22,CUST0377,PROD039,4,0.15,Cash on Delivery,46187,55021.57,187073.34,2325.34
ORD00281,2023-09-27,CUST1839,PROD052,3,0.28,Credit Card,20157,31920.78,68948.88,8477.88
ORD00282,2024-01-31,CUST0090,PROD086,5,0.11,Debit Card,12989,20450.87,91006.37,26061.37
ORD00283,2025-07-01,CUST0808,PROD003,5,0.07,Credit Card,7361,10312.95,47955.22,11150.22
ORD00284,2024-04-08,CUST1021,PROD029,2,0.03,Credit Card,23495,29283.31,56809.62,9819.62
ORD00285,2024-03-25,CUST1066,PROD093,1,0.18,UPI,48575,68615.96,56265.09,7690.09
ORD00286,2023-01-20,CUST1971,PROD031,5,0.21,Credit Card,15105,22560.75,89114.96,13589.96
ORD00287,2023-08-27,CUST1059,PROD066,3,0.06,Credit Card,26705,30810.28,86884.99,6769.99
ORD00288,2024-02-22,CUST1012,PROD099,5,0.2,Cash on Delivery,42208,64167.37,256669.48,45629.48
ORD00289,2025-11-20,CUST1518,PROD045,5,0.27,UPI,45004,61167.58,223261.67,-1758.33
ORD00290,2023-07-05,CUST0553,PROD073,5,0.07,Debit Card,46032,62530.96,290768.96,60608.96
ORD00291,2023-09-10,CUST1877,PROD022,5,0.04,Cash on Delivery,46697,62827.92,301574.02,68089.02
ORD00292,2023-01-19,CUST0124,PROD083,3,0.25,Credit Card,37036,54121.85,121774.16,10666.16
ORD00293,2024-12-12,CUST0057,PROD010,2,0.27,Debit Card,38184,47510.74,69365.68,-7002.32
ORD00294,2023-08-11,CUST0806,PROD021,1,0.06,UPI,22664,32250.81,30315.76,7651.76
ORD00295,2023-01-03,CUST1480,PROD017,3,0.22,Cash on Delivery,28919,33830.71,79163.86,-7593.14
ORD00296,2025-05-03,CUST0235,PROD067,3,0.18,Debit Card,26070,39498.85,97167.17,18957.17
ORD00297,2023-08-16,CUST0608,PROD007,4,0.07,Credit Card,3479,5277.47,19632.19,5716.19
ORD00298,2025-07-01,CUST0392,PROD036,1,0.25,Credit Card,5763,7436.26,5577.2,-185.8
ORD00299,2024-05-13,CUST1516,PROD067,2,0.14,Debit Card,26070,31217.23,53693.64,1553.64
ORD00300,2024-06-04,CUST0970,PROD077,2,0.21,Cash on Delivery,10916,16226.49,25637.85,3805.85
ORD00301,2024-12-02,CUST1855,PROD030,4,0.09,Debit Card,27284,37149.8,135225.27,26089.27
ORD00302,2025-07-05,CUST1367,PROD087,4,0.24,Credit Card,1853,2902.23,8822.78,1410.78
ORD00303,2023-10-18,CUST1668,PROD071,3,0.08,UPI,43519,56969.33,157235.35,26678.35
ORD00304,2025-12-12,CUST1200,PROD094,2,0.11,Cash on Delivery,11294,17264.9,30731.52,8143.52
ORD00305,2024-12-15,CUST0052,PROD029,2,0.12,Credit Card,23495,27286.98,48025.08,1035.08
ORD00306,2025-08-05,CUST1574,PROD072,2,0.06,Credit Card,16543,24777.4,46581.51,13495.51
ORD00307,2024-10-09,CUST1502,PROD074,3,0.26,Debit Card,36254,52757.27,117121.14,8359.14
ORD00308,2025-10-24,CUST0489,PROD033,2,0.03,Credit Card,8919,12369.05,23995.96,6157.96
ORD00309,2024-11-14,CUST1879,PROD059,5,0.17,Cash on Delivery,42048,65581.91,272164.93,61924.93
ORD00310,2025-05-19,CUST0005,PROD020,4,0.24,Debit Card,29671,46699.34,141965.99,23281.99
ORD00311,2025-12-06,CUST1749,PROD093,4,0.17,UPI,48575,76183.01,252927.59,58627.59
ORD00312,2023-04-04,CUST0632,PROD029,4,0.1,Credit Card,23495,33339.67,120022.81,26042.81
ORD00313,2025-07-28,CUST1862,PROD053,4,0.23,Cash on Delivery,45509,62972.1,193954.07,11918.07
ORD00314,2024-07-13,CUST1905,PROD085,5,0.15,Cash on Delivery,21717,27603.12,117313.26,8728.26
ORD00315,2023-08-01,CUST1233,PROD001,1,0.05,UPI,19397,23721.21,22535.15,3138.15
ORD00316,2024-03-11,CUST0217,PROD034,2,0.1,Cash on Delivery,48452,67866.35,122159.43,25255.43
ORD00317,2025-05-01,CUST0536,PROD044,4,0.18,Cash on Delivery,31606,38458.92,126145.26,-278.74
ORD00318,2024-05-22,CUST1366,PROD096,2,0.2,UPI,16906,20751.3,33202.08,-609.92
ORD00319,2025-04-15,CUST1741,PROD014,2,0.16,Credit Card,6122,8023.09,13478.79,1234.79
ORD00320,2024-10-12,CUST1425,PROD037,5,0.08,Cash on Delivery,49377,60933.0,280291.8,33406.8
ORD00321,2023-07-24,CUST1486,PROD035,2,0.18,Debit Card,34337,47240.08,77473.73,8799.73
ORD00322,2024-01-16,CUST0738,PROD059,4,0.1,Cash on Delivery,42048,60914.4,219291.84,51099.84
ORD00323,2023-03-18,CUST0730,PROD024,2,0.07,Debit Card,37354,54688.32,101720.28,27012.28
ORD00324,2025-03-26,CUST1235,PROD065,5,0.28,Cash on Delivery,5346,7429.6,26746.56,16.56
ORD00325,2025-02-06,CUST1050,PROD006,4,0.09,Credit Card,17488,24217.55,88151.88,18199.88
ORD00326,2024-02-14,CUST1276,PROD068,5,0.1,Cash on Delivery,30755,41939.52,188727.84,34952.84
ORD00327,2023-04-16,CUST0003,PROD038,3,0.27,Debit Card,41219,51951.16,113773.04,-9883.96
ORD00328,2024-07-04,CUST1026,PROD001,1,0.04,Cash on Delivery,19397,28017.21,26896.52,7499.52
ORD00329,2025-04-05,CUST1628,PROD041,2,0.18,Debit Card,37776,54611.37,89562.65,14010.65
ORD00330,2023-03-29,CUST1026,PROD031,2,0.24,UPI,15105,19109.52,29046.47,-1163.53
ORD00331,2025-05-30,CUST0150,PROD036,2,0.08,Cash on Delivery,5763,8444.27,15537.46,4011.46
ORD00332,2024-06-23,CUST1607,PROD073,3,0.25,Cash on Delivery,46032,70709.87,159097.21,21001.21
ORD00333,2023-09-02,CUST0004,PROD054,1,0.23,Debit Card,39049,55356.61,42624.59,3575.59
ORD00334,2024-07-31,CUST1521,PROD087,5,0.15,Debit Card,1853,2228.96,9473.08,208.08
ORD00335,2025-09-08,CUST1574,PROD031,3,0.04,Credit Card,15105,19595.22,56434.23,11119.23
ORD00336,2024-12-17,CUST1895,PROD029,3,0.29,UPI,23495,28000.27,59640.58,-10844.42
ORD00337,2023-05-22,CUST0468,PROD085,4,0.19,Debit Card,21717,27926.19,90480.86,3612.86
ORD00338,2025-06-11,CUST0070,PROD003,3,0.16,Credit Card,7361,9167.2,23101.34,1018.34
ORD00339,2023-12-18,CUST0201,PROD058,3,0.27,Debit Card,29901,41848.93,91649.16,1946.16
ORD00340,2024-06-28,CUST0308,PROD090,2,0.13,UPI,39865,53442.82,92990.51,13260.51
ORD00341,2025-07-01,CUST1276,PROD061,4,0.17,UPI,13164,19419.64,64473.2,11817.2
ORD00342,2023-06-01,CUST1311,PROD006,5,0.26,UPI,17488,22968.2,84982.34,-2457.66
ORD00343,2024-10-14,CUST0922,PROD020,1,0.12,UPI,29671,36187.47,31844.97,2173.97
ORD00344,2025-08-15,CUST0292,PROD061,5,0.23,Cash on Delivery,13164,16536.76,63666.53,-2153.47
ORD00345,2025-02-01,CUST1178,PROD046,4,0.08,UPI,11014,15371.17,56565.91,12509.91
ORD00346,2024-09-15,CUST0924,PROD013,2,0.21,UPI,24204,32734.33,51720.24,3312.24
ORD00347,2024-10-17,CUST1157,PROD023,1,0.15,Credit Card,14296,16714.51,14207.33,-88.67
ORD00348,2024-03-25,CUST0883,PROD079,5,0.05,UPI,16940,21081.41,100136.7,15436.7
ORD00349,2024-12-21,CUST0586,PROD031,1,0.04,Debit Card,15105,19387.74,18612.23,3507.23
ORD00350,2023-02-12,CUST1298,PROD004,1,0.14,Debit Card,42258,62390.21,53655.58,11397.58
ORD00351,2023-09-21,CUST1807,PROD075,1,0.21,Debit Card,900,1330.82,1051.35,151.35
ORD00352,2025-10-23,CUST1721,PROD066,3,0.18,Cash on Delivery,26705,39098.64,96182.65,16067.65
ORD00353,2024-08-18,CUST0509,PROD016,4,0.26,Debit Card,45432,68979.75,204180.06,22452.06
ORD00354,2025-11-05,CUST1377,PROD031,4,0.12,UPI,15105,23310.73,82053.77,21633.77
ORD00355,2025-12-18,CUST0005,PROD048,2,0.25,Cash on Delivery,7733,9140.4,13710.6,-1755.4
ORD00356,2025-10-09,CUST0293,PROD043,5,0.01,UPI,1019,1397.94,6919.8,1824.8
ORD00357,2023-06-26,CUST0360,PROD004,2,0.11,Credit Card,42258,51429.32,91544.19,7028.19
ORD00358,2023-03-04,CUST1622,PROD062,5,0.02,UPI,42867,56126.92,275021.91,60686.91
ORD00359,2025-08-15,CUST0214,PROD048,1,0.28,Debit Card,7733,11200.78,8064.56,331.56
ORD00360,2025-09-29,CUST1430,PROD028,5,0.14,Credit Card,24730,35135.06,151080.76,27430.76
ORD00361,2024-07-14,CUST1460,PROD016,5,0.09,Credit Card,45432,54875.12,249681.8,22521.8
ORD00362,2025-08-12,CUST1039,PROD089,1,0.15,Credit Card,21871,32602.81,27712.39,5841.39
ORD00363,2025-04-29,CUST1297,PROD077,2,0.16,Credit Card,10916,16419.38,27584.56,5752.56
ORD00364,2024-08-26,CUST0563,PROD069,5,0.25,Cash on Delivery,21682,26292.3,98596.12,-9813.88
ORD00365,2024-08-28,CUST0765,PROD030,2,0.16,UPI,27284,38935.54,65411.71,10843.71
ORD00366,2025-04-09,CUST0045,PROD065,2,0.13,Credit Card,5346,8421.84,14654.0,3962.0
ORD00367,2025-01-15,CUST0703,PROD069,4,0.29,Cash on Delivery,21682,25850.87,73416.47,-13311.53
ORD00368,2024-07-11,CUST0634,PROD014,1,0.29,Cash on Delivery,6122,7493.78,5320.58,-801.42
ORD00369,2023-03-05,CUST1436,PROD075,1,0.01,Cash on Delivery,900,1345.04,1331.59,431.59
ORD00370,2025-07-30,CUST1211,PROD034,3,0.21,UPI,48452,63065.93,149466.25,4110.25
ORD00371,2023-09-06,CUST1750,PROD056,2,0.11,Credit Card,6756,10674.53,19000.66,5488.66
ORD00372,2025-07-28,CUST0661,PROD029,3,0.2,UPI,23495,33620.48,80689.15,10204.15
ORD00373,2023-06-06,CUST1194,PROD082,1,0.19,Cash on Delivery,37566,51369.26,41609.1,4043.1
ORD00374,2025-01-04,CUST0721,PROD079,1,0.1,Cash on Delivery,16940,22055.01,19849.51,2909.51
ORD00375,2025-09-11,CUST1989,PROD025,3,0.3,UPI,31820,40017.03,84035.76,-11424.24
ORD00376,2025-12-25,CUST0594,PROD094,1,0.11,Cash on Delivery,11294,16291.7,14499.61,3205.61
ORD00377,2024-10-23,CUST1425,PROD066,1,0.19,Cash on Delivery,26705,37825.31,30638.5,3933.5
ORD00378,2025-11-09,CUST1732,PROD040,4,0.24,Debit Card,34631,45403.35,138026.18,-497.82
ORD00379,2023-02-02,CUST0246,PROD091,5,0.04,Cash on Delivery,15191,23743.53,113968.94,38013.94
ORD00380,2024-07-11,CUST1927,PROD015,4,0.09,UPI,18761,28006.64,101944.17,26900.17
ORD00381,2023-03-14,CUST0857,PROD032,5,0.06,Credit Card,17963,22759.67,106970.45,17155.45
ORD00382,2025-04-04,CUST1893,PROD020,4,0.23,Credit Card,29671,46717.43,143889.68,25205.68
ORD00383,2025-12-14,CUST0552,PROD053,4,0.24,UPI,45509,67808.07,206136.53,24100.53
ORD00384,2023-03-02,CUST1704,PROD078,2,0.08,UPI,3912,6078.07,11183.65,3359.65
ORD00385,2023-09-29,CUST0043,PROD091,3,0.0,Cash on Delivery,15191,18400.84,55202.52,9629.52
ORD00386,2023-09-03,CUST0841,PROD067,4,0.13,UPI,26070,30367.6,105679.25,1399.25
ORD00387,2024-09-19,CUST1747,PROD049,2,0.21,UPI,1602,2197.64,3472.27,268.27
ORD00388,2024-12-05,CUST0179,PROD067,4,0.19,Cash on Delivery,26070,35238.01,114171.15,9891.15
ORD00389,2024-10-23,CUST1481,PROD077,3,0.13,Debit Card,10916,16826.05,43915.99,11167.99
ORD00390,2023-11-06,CUST0535,PROD089,2,0.09,Debit Card,21871,26845.9,48859.54,5117.54
ORD00391,2024-05-09,CUST0607,PROD082,5,0.14,Cash on Delivery,37566,43599.55,187478.06,-351.94
ORD00392,2023-12-04,CUST0672,PROD001,3,0.0,Debit Card,19397,26926.17,80778.51,22587.51
ORD00393,2024-08-01,CUST1268,PROD039,1,0.02,Debit Card,46187,56805.61,55669.5,9482.5
ORD00394,2023-01-10,CUST0927,PROD061,2,0.05,Cash on Delivery,13164,15431.88,29320.57,2992.57
ORD00395,2023-02-18,CUST0017,PROD055,1,0.19,Debit Card,44065,51115.09,41403.22,-2661.78
ORD00396,2024-09-14,CUST1136,PROD069,2,0.07,UPI,21682,26324.01,48962.66,5598.66
ORD00397,2024-12-31,CUST1639,PROD002,5,0.13,Debit Card,8668,11434.27,49739.07,6399.07
ORD00398,2025-03-05,CUST0826,PROD094,2,0.19,Debit Card,11294,17480.69,28318.72,5730.72
ORD00399,2025-08-28,CUST1622,PROD017,4,0.25,UPI,28919,43154.63,129463.89,13787.89
ORD00400,2023-05-13,CUST0547,PROD029,1,0.16,UPI,23495,32624.59,27404.66,3909.66
ORD00401,2023-03-24,CUST1054,PROD004,1,0.05,Credit Card,42258,56780.18,53941.17,11683.17
ORD00402,2023-02-26,CUST1216,PROD073,2,0.29,Cash on Delivery,46032,62378.4,88577.33,-3486.67
ORD00403,2024-01-11,CUST0437,PROD064,4,0.03,Credit Card,24886,38525.77,149479.99,49935.99
ORD00404,2023-12-15,CUST0179,PROD085,4,0.11,Credit Card,21717,32056.12,114119.79,27251.79
ORD00405,2023-09-28,CUST0616,PROD043,2,0.28,Debit Card,1019,1250.73,1801.05,-236.95
ORD00406,2023-04-21,CUST0677,PROD076,3,0.18,UPI,19739,31047.07,76375.79,17158.79
ORD00407,2025-05-18,CUST1498,PROD012,5,0.2,Credit Card,33865,50723.4,202893.6,33568.6
ORD00408,2025-06-05,CUST0634,PROD050,2,0.09,Cash on Delivery,1097,1278.41,2326.71,132.71
ORD00409,2023-03-17,CUST1158,PROD068,4,0.02,Credit Card,30755,42319.36,165891.89,42871.89
ORD00410,2023-11-25,CUST0802,PROD061,5,0.11,Debit Card,13164,19005.55,84574.7,18754.7
ORD00411,2023-05-02,CUST0312,PROD092,2,0.12,Credit Card,4811,5664.69,9969.85,347.85
ORD00412,2023-02-10,CUST1760,PROD073,5,0.08,UPI,46032,60250.23,277151.06,46991.06
ORD00413,2025-07-10,CUST0025,PROD051,3,0.06,UPI,47215,68071.57,191961.83,50316.83
ORD00414,2024-10-03,CUST0371,PROD096,4,0.11,Cash on Delivery,16906,25650.45,91315.6,23691.6
ORD00415,2025-11-12,CUST0525,PROD077,3,0.19,Credit Card,10916,17353.3,42168.52,9420.52
ORD00416,2023-10-06,CUST1343,PROD098,3,0.28,UPI,27372,32975.97,71228.1,-10887.9
ORD00417,2025-02-01,CUST0230,PROD083,4,0.21,Credit Card,37036,53131.14,167894.4,19750.4
ORD00418,2024-04-13,CUST1126,PROD078,3,0.23,Credit Card,3912,6070.47,14022.79,2286.79
ORD00419,2023-01-09,CUST1474,PROD005,2,0.09,UPI,14250,20984.74,38192.23,9692.23
ORD00420,2023-01-13,CUST0378,PROD091,2,0.03,UPI,15191,21792.7,42277.84,11895.84
ORD00421,2025-07-12,CUST0888,PROD028,5,0.09,Debit Card,24730,30825.69,140256.89,16606.89
ORD00422,2025-07-11,CUST1925,PROD090,2,0.12,Debit Card,39865,60470.57,106428.2,26698.2
ORD00423,2025-12-11,CUST1227,PROD010,2,0.21,Cash on Delivery,38184,53576.78,84651.31,8283.31
ORD00424,2025-12-10,CUST1291,PROD088,5,0.28,Cash on Delivery,27486,32986.97,118753.09,-18676.91
ORD00425,2024-10-14,CUST0462,PROD081,1,0.24,Cash on Delivery,2375,3731.17,2835.69,460.69
ORD00426,2024-09-12,CUST0365,PROD052,4,0.08,Credit Card,20157,32145.9,118296.91,37668.91
ORD00427,2023-07-15,CUST1758,PROD080,2,0.25,Cash on Delivery,24906,34667.97,52001.96,2189.96
ORD00428,2024-02-21,CUST0104,PROD017,5,0.12,UPI,28919,43361.6,190791.04,46196.04
ORD00429,2024-10-25,CUST1135,PROD065,3,0.05,Cash on Delivery,5346,7551.18,21520.86,5482.86
ORD00430,2023-05-28,CUST0428,PROD021,3,0.14,Credit Card,22664,30369.59,78353.54,10361.54
ORD00431,2025-09-27,CUST0469,PROD054,2,0.17,Debit Card,39049,52095.22,86478.07,8380.07
ORD00432,2023-12-30,CUST1015,PROD049,4,0.23,Credit Card,1602,2537.47,7815.41,1407.41
ORD00433,2024-02-06,CUST1605,PROD022,5,0.1,UPI,46697,61451.1,276529.95,43044.95
ORD00434,2024-08-28,CUST0870,PROD069,5,0.04,Cash on Delivery,21682,29719.61,142654.13,34244.13
ORD00435,2023-08-17,CUST0770,PROD064,5,0.03,Cash on Delivery,24886,31401.67,152298.1,27868.1
ORD00436,2024-06-20,CUST0680,PROD036,5,0.03,UPI,5763,7284.3,35328.85,6513.85
ORD00437,2023-09-25,CUST0805,PROD021,5,0.29,Cash on Delivery,22664,29696.69,105423.25,-7896.75
ORD00438,2025-10-31,CUST0886,PROD056,4,0.29,Debit Card,6756,10580.91,30049.78,3025.78
ORD00439,2023-05-06,CUST0561,PROD073,5,0.29,Credit Card,46032,61150.85,217085.52,-13074.48
ORD00440,2023-11-02,CUST1274,PROD091,4,0.09,Credit Card,15191,21245.07,77332.05,16568.05
ORD00441,2024-09-19,CUST1506,PROD048,4,0.06,UPI,7733,10792.09,40578.26,9646.26
ORD00442,2024-11-19,CUST0331,PROD076,4,0.29,Debit Card,19739,27879.72,79178.4,222.4
ORD00443,2025-11-03,CUST1956,PROD018,3,0.3,UPI,34967,53115.56,111542.68,6641.68
ORD00444,2023-10-08,CUST0587,PROD099,1,0.02,UPI,42208,65656.26,64343.13,22135.13
ORD00445,2024-03-18,CUST0201,PROD015,2,0.23,Debit Card,18761,23337.48,35939.72,-1582.28
ORD00446,2025-04-16,CUST0454,PROD044,3,0.09,UPI,31606,48584.78,132636.45,37818.45
ORD00447,2024-01-24,CUST1528,PROD094,1,0.27,Credit Card,11294,15771.71,11513.35,219.35
ORD00448,2024-09-08,CUST1570,PROD045,3,0.03,Cash on Delivery,45004,70476.77,205087.4,70075.4
ORD00449,2023-05-27,CUST0826,PROD097,4,0.27,Credit Card,10894,17019.37,49696.56,6120.56
ORD00450,2024-06-04,CUST0111,PROD036,4,0.0,Cash on Delivery,5763,7637.39,30549.56,7497.56
ORD00451,2024-09-21,CUST1957,PROD040,5,0.16,Cash on Delivery,34631,49984.46,209934.73,36779.73
ORD00452,2024-03-09,CUST0864,PROD051,4,0.1,Credit Card,47215,72811.91,262122.88,73262.88
ORD00453,2023-05-24,CUST1852,PROD030,3,0.13,UPI,27284,36099.98,94220.95,12368.95
ORD00454,2023-10-16,CUST0908,PROD026,2,0.13,Debit Card,1165,1362.73,2371.15,41.15
ORD00455,2023-01-14,CUST1773,PROD085,4,0.2,Cash on Delivery,21717,28490.83,91170.66,4302.66
ORD00456,2023-09-14,CUST1568,PROD031,1,0.01,Debit Card,15105,19854.49,19655.95,4550.95
ORD00457,2025-05-07,CUST1233,PROD056,3,0.21,Debit Card,6756,10222.07,24226.31,3958.31
ORD00458,2025-07-31,CUST1668,PROD061,1,0.01,Cash on Delivery,13164,16972.75,16803.02,3639.02
ORD00459,2024-04-08,CUST1642,PROD017,5,0.06,Debit Card,28919,44890.75,210986.52,66391.52
ORD00460,2023-09-27,CUST0033,PROD081,5,0.18,Debit Card,2375,3317.61,13602.2,1727.2
ORD00461,2024-09-14,CUST0555,PROD098,2,0.03,UPI,27372,38697.7,75073.54,20329.54
ORD00462,2023-03-13,CUST1904,PROD024,3,0.3,Debit Card,37354,56522.33,118696.89,6634.89
ORD00463,2023-03-15,CUST0107,PROD097,2,0.24,Credit Card,10894,13187.83,20045.5,-1742.5
ORD00464,2023-12-21,CUST1289,PROD004,1,0.21,Cash on Delivery,42258,48937.88,38660.93,-3597.07
ORD00465,2024-05-11,CUST0226,PROD009,2,0.08,UPI,7565,8892.48,16362.16,1232.16
ORD00466,2025-09-14,CUST0487,PROD002,1,0.01,Credit Card,8668,10087.81,9986.93,1318.93
ORD00467,2024-08-02,CUST0179,PROD035,2,0.29,Debit Card,34337,50302.08,71428.95,2754.95
ORD00468,2025-06-28,CUST1246,PROD038,5,0.04,Debit Card,41219,51945.71,249339.41,43244.41
ORD00469,2024-01-08,CUST1394,PROD045,3,0.25,Credit Card,45004,69118.94,155517.62,20505.62
ORD00470,2023-12-28,CUST0637,PROD015,2,0.06,Credit Card,18761,29028.78,54574.11,17052.11
ORD00471,2023-04-03,CUST0788,PROD042,1,0.11,UPI,35023,45888.51,40840.77,5817.77
ORD00472,2023-11-20,CUST0167,PROD003,3,0.21,Debit Card,7361,9110.5,21591.88,-491.12
ORD00473,2024-01-19,CUST0663,PROD031,5,0.28,Debit Card,15105,20761.3,74740.68,-784.32
ORD00474,2024-07-28,CUST1577,PROD052,5,0.01,Debit Card,20157,30580.46,151373.28,50588.28
ORD00475,2025-01-05,CUST0300,PROD041,4,0.08,Credit Card,37776,55085.02,202712.87,51608.87
ORD00476,2025-01-06,CUST1405,PROD057,3,0.23,Debit Card,43648,50700.82,117118.89,-13825.11
ORD00477,2023-12-12,CUST0035,PROD042,2,0.05,Cash on Delivery,35023,40389.15,76739.38,6693.38
ORD00478,2024-12-19,CUST0407,PROD053,5,0.03,Cash on Delivery,45509,54665.94,265129.81,37584.81
ORD00479,2025-02-19,CUST1526,PROD056,2,0.01,UPI,6756,8793.26,17410.65,3898.65
ORD00480,2025-10-16,CUST0314,PROD087,2,0.15,UPI,1853,2578.63,4383.67,677.67
ORD00481,2024-10-25,CUST0816,PROD076,1,0.23,Credit Card,19739,29962.09,23070.81,3331.81
ORD00482,2024-08-22,CUST0743,PROD072,2,0.29,Cash on Delivery,16543,20087.45,28524.18,-4561.82
ORD00483,2023-01-11,CUST0727,PROD053,4,0.08,Credit Card,45509,55457.98,204085.37,22049.37
ORD00484,2023-07-06,CUST0826,PROD085,3,0.04,UPI,21717,33414.51,96233.79,31082.79
ORD00485,2024-12-26,CUST1125,PROD085,3,0.12,Credit Card,21717,34004.72,89772.46,24621.46
ORD00486,2025-11-04,CUST0569,PROD032,1,0.02,Credit Card,17963,25113.72,24611.45,6648.45
ORD00487,2025-02-16,CUST1239,PROD081,4,0.1,Debit Card,2375,3570.1,12852.36,3352.36
ORD00488,2024-02-15,CUST1959,PROD054,4,0.19,UPI,39049,50927.78,165006.01,8810.01
ORD00489,2025-08-13,CUST1692,PROD037,3,0.05,Debit Card,49377,77809.27,221756.42,73625.42
ORD00490,2024-08-07,CUST0576,PROD088,4,0.19,UPI,27486,42801.09,138675.53,28731.53
ORD00491,2025-12-11,CUST0062,PROD008,5,0.29,Debit Card,24024,36812.51,130684.41,10564.41
ORD00492,2025-11-17,CUST1875,PROD082,2,0.26,UPI,37566,43420.35,64262.12,-10869.88
ORD00493,2024-07-30,CUST0369,PROD011,2,0.11,UPI,23684,32813.81,58408.58,11040.58
ORD00494,2025-11-06,CUST1392,PROD054,3,0.13,Cash on Delivery,39049,45374.85,118428.36,1281.36
ORD00495,2025-09-15,CUST1598,PROD060,3,0.13,UPI,7054,10262.52,26785.18,5623.18
ORD00496,2025-01-12,CUST0094,PROD010,4,0.26,Credit Card,38184,47063.68,139308.49,-13427.51
ORD00497,2023-07-23,CUST1493,PROD090,1,0.3,Cash on Delivery,39865,57316.54,40121.58,256.58
ORD00498,2025-12-12,CUST0984,PROD070,3,0.25,Debit Card,39873,47611.61,107126.12,-12492.88
ORD00499,2025-08-31,CUST1877,PROD081,3,0.17,Credit Card,2375,3539.88,8814.3,1689.3
ORD00500,2025-07-28,CUST1050,PROD087,3,0.03,Credit Card,1853,2736.7,7963.8,2404.8
ORD00501,2025-12-13,CUST1459,PROD042,4,0.29,UPI,35023,40349.1,114591.44,-25500.56
ORD00502,2025-11-20,CUST1145,PROD037,5,0.26,UPI,49377,74382.69,275215.95,28330.95
ORD00503,2025-12-17,CUST0050,PROD092,3,0.25,Credit Card,4811,5887.24,13246.29,-1186.71
ORD00504,2023-04-15,CUST0883,PROD080,5,0.12,Cash on Delivery,24906,29866.79,131413.88,6883.88
ORD00505,2023-09-10,CUST0764,PROD076,4,0.13,Credit Card,19739,27143.32,94458.75,15502.75
ORD00506,2023-10-22,CUST0036,PROD058,1,0.04,Credit Card,29901,42326.09,40633.05,10732.05
ORD00507,2024-10-29,CUST1434,PROD085,2,0.28,UPI,21717,25982.17,37414.32,-6019.68
ORD00508,2024-07-02,CUST1313,PROD059,2,0.28,UPI,42048,54121.53,77935.0,-6161.0
ORD00509,2024-09-22,CUST1403,PROD024,2,0.08,UPI,37354,49811.85,91653.8,16945.8
ORD00510,2025-12-26,CUST0100,PROD028,2,0.21,Debit Card,24730,38940.53,61526.04,12066.04
ORD00511,2023-10-26,CUST1348,PROD037,4,0.06,Credit Card,49377,62367.84,234503.08,36995.08
ORD00512,2023-04-11,CUST0329,PROD021,2,0.12,Credit Card,22664,28720.27,50547.68,5219.68
ORD00513,2025-12-15,CUST1672,PROD033,4,0.09,Debit Card,8919,12903.37,46968.27,11292.27
ORD00514,2023-11-28,CUST0706,PROD002,1,0.12,Credit Card,8668,12804.53,11267.99,2599.99
ORD00515,2025-04-15,CUST0221,PROD083,3,0.09,Credit Card,37036,42771.76,116766.9,5658.9
ORD00516,2024-01-28,CUST1815,PROD028,3,0.1,Credit Card,24730,29931.06,80813.86,6623.86
ORD00517,2025-05-23,CUST1862,PROD015,3,0.24,Cash on Delivery,18761,24594.94,56076.46,-206.54
ORD00518,2024-01-16,CUST0567,PROD001,4,0.09,Debit Card,19397,27823.15,101276.27,23688.27
ORD00519,2023-04-02,CUST1963,PROD028,4,0.24,Debit Card,24730,29932.04,90993.4,-7926.6
ORD00520,2024-03-22,CUST0996,PROD050,4,0.17,Credit Card,1097,1437.76,4773.36,385.36
ORD00521,2023-04-19,CUST1022,PROD035,1,0.23,UPI,34337,40726.81,31359.64,-2977.36
ORD00522,2023-11-13,CUST0110,PROD096,5,0.28,Credit Card,16906,23786.76,85632.34,1102.34
ORD00523,2024-03-17,CUST0149,PROD028,4,0.04,Credit Card,24730,33184.31,127427.75,28507.75
ORD00524,2023-08-06,CUST0406,PROD009,4,0.1,Cash on Delivery,7565,11382.58,40977.29,10717.29
ORD00525,2024-11-03,CUST1801,PROD024,3,0.02,Cash on Delivery,37354,52603.76,154655.05,42593.05
ORD00526,2023-10-05,CUST1698,PROD063,2,0.12,UPI,48779,70563.62,124191.97,26633.97
ORD00527,2025-10-05,CUST0699,PROD004,2,0.07,Cash on Delivery,42258,61359.51,114128.69,29612.69
ORD00528,2024-07-22,CUST1017,PROD056,1,0.17,Credit Card,6756,9561.93,7936.4,1180.4
ORD00529,2025-10-06,CUST1434,PROD041,2,0.24,Credit Card,37776,43715.95,66448.24,-9103.76
ORD00530,2025-05-24,CUST1153,PROD067,5,0.15,Cash on Delivery,26070,39741.8,168902.65,38552.65
ORD00531,2024-04-10,CUST1508,PROD048,3,0.1,Cash on Delivery,7733,12082.93,32623.91,9424.91
ORD00532,2025-04-18,CUST0108,PROD086,1,0.05,Debit Card,12989,18060.01,17157.01,4168.01
ORD00533,2025-01-23,CUST0389,PROD058,2,0.01,Credit Card,29901,35895.29,71072.67,11270.67
ORD00534,2025-04-17,CUST0425,PROD039,2,0.2,UPI,46187,66722.47,106755.95,14381.95
ORD00535,2023-01-30,CUST0447,PROD025,3,0.01,Cash on Delivery,31820,41801.25,124149.71,28689.71
ORD00536,2023-12-25,CUST0918,PROD060,1,0.28,Cash on Delivery,7054,8344.71,6008.19,-1045.81
ORD00537,2023-03-27,CUST1092,PROD086,3,0.18,Debit Card,12989,19930.23,49028.37,10061.37
ORD00538,2025-01-16,CUST1968,PROD047,1,0.11,Debit Card,47956,70508.32,62752.4,14796.4
ORD00539,2023-11-09,CUST1090,PROD098,2,0.01,Cash on Delivery,27372,41391.15,81954.48,27210.48
ORD00540,2023-12-31,CUST0656,PROD061,3,0.12,UPI,13164,19854.7,52416.41,12924.41
ORD00541,2025-06-23,CUST2000,PROD084,3,0.26,UPI,6252,8196.09,18195.32,-560.68
ORD00542,2024-11-28,CUST1589,PROD100,5,0.29,Cash on Delivery,41593,56857.46,201843.98,-6121.02
ORD00543,2023-05-11,CUST1664,PROD027,3,0.03,Debit Card,33194,41663.27,121240.12,21658.12
ORD00544,2025-03-13,CUST1528,PROD096,1,0.23,Credit Card,16906,25184.93,19392.4,2486.4
ORD00545,2025-02-27,CUST1528,PROD042,5,0.08,Credit Card,35023,48534.27,223257.64,48142.64
ORD00546,2023-12-17,CUST0321,PROD052,3,0.11,Debit Card,20157,29076.52,77634.31,17163.31
ORD00547,2023-06-29,CUST0719,PROD093,3,0.16,Credit Card,48575,63656.57,160414.56,14689.56
ORD00548,2025-02-12,CUST1856,PROD048,5,0.3,Debit Card,7733,11256.4,39397.4,732.4
ORD00549,2024-05-24,CUST0728,PROD032,2,0.06,UPI,17963,26083.03,49036.1,13110.1
ORD00550,2023-12-31,CUST0580,PROD024,3,0.04,Credit Card,37354,55902.93,161000.44,48938.44
ORD00551,2025-09-07,CUST0447,PROD003,4,0.18,Cash on Delivery,7361,8980.03,29454.5,10.5
ORD00552,2023-12-19,CUST1598,PROD027,2,0.26,Cash on Delivery,33194,47489.02,70283.75,3895.75
ORD00553,2025-03-10,CUST0210,PROD073,3,0.19,Credit Card,46032,71154.62,172905.73,34809.73
ORD00554,2024-02-16,CUST0849,PROD040,2,0.1,Cash on Delivery,34631,41293.05,74327.49,5065.49
ORD00555,2025-01-04,CUST1863,PROD023,1,0.29,Debit Card,14296,22621.08,16060.97,1764.97
ORD00556,2025-09-07,CUST0370,PROD007,2,0.3,Debit Card,3479,4326.14,6056.6,-901.4
ORD00557,2023-04-28,CUST1965,PROD081,5,0.23,Cash on Delivery,2375,3732.18,14368.89,2493.89
ORD00558,2024-04-26,CUST1588,PROD037,3,0.24,Credit Card,49377,76070.65,173441.08,25310.08
ORD00559,2023-07-11,CUST1652,PROD007,2,0.23,Credit Card,3479,5206.62,8018.19,1060.19
ORD00560,2024-08-13,CUST1917,PROD094,4,0.08,Credit Card,11294,14052.51,51713.24,6537.24
ORD00561,2024-08-12,CUST1482,PROD077,1,0.05,UPI,10916,13616.59,12935.76,2019.76
ORD00562,2024-10-20,CUST1919,PROD082,1,0.17,Credit Card,37566,47584.37,39495.03,1929.03
ORD00563,2023-04-17,CUST0577,PROD095,2,0.29,Credit Card,3434,5201.5,7386.13,518.13
ORD00564,2024-01-17,CUST1666,PROD022,5,0.26,Debit Card,46697,57645.59,213288.68,-20196.32
ORD00565,2025-02-21,CUST0689,PROD078,1,0.03,UPI,3912,5521.31,5355.67,1443.67
ORD00566,2024-01-25,CUST0790,PROD082,2,0.02,Debit Card,37566,56344.8,110435.81,35303.81
ORD00567,2023-09-01,CUST0992,PROD099,2,0.26,Cash on Delivery,42208,57288.22,84786.57,370.57
ORD00568,2024-08-07,CUST1949,PROD017,1,0.18,Cash on Delivery,28919,44197.94,36242.31,7323.31
ORD00569,2025-05-18,CUST0163,PROD019,2,0.09,Credit Card,26105,36623.91,66655.52,14445.52
ORD00570,2024-04-12,CUST0977,PROD095,2,0.17,UPI,3434,4868.75,8082.12,1214.12
ORD00571,2025-05-15,CUST1356,PROD039,4,0.07,Cash on Delivery,46187,67181.42,249914.88,65166.88
ORD00572,2025-07-22,CUST1688,PROD036,2,0.28,Credit Card,5763,8821.37,12702.77,1176.77
ORD00573,2024-08-26,CUST0350,PROD015,2,0.25,UPI,18761,21614.27,32421.4,-5100.6
ORD00574,2025-10-11,CUST1772,PROD063,5,0.29,Cash on Delivery,48779,64712.65,229729.91,-14165.09
ORD00575,2025-05-09,CUST0670,PROD029,1,0.06,Cash on Delivery,23495,37200.72,34968.68,11473.68
ORD00576,2023-01-13,CUST1492,PROD060,5,0.25,UPI,7054,8425.31,31594.91,-3675.09
ORD00577,2023-10-26,CUST0426,PROD056,3,0.17,UPI,6756,8479.13,21113.03,845.03
ORD00578,2025-12-10,CUST0327,PROD040,5,0.1,UPI,34631,48723.01,219253.54,46098.54
ORD00579,2025-02-25,CUST1130,PROD016,3,0.14,UPI,45432,69785.64,180046.95,43750.95
ORD00580,2023-05-29,CUST1842,PROD033,3,0.28,Cash on Delivery,8919,10646.98,22997.48,-3759.52
ORD00581,2023-05-02,CUST0255,PROD089,5,0.21,UPI,21871,25191.32,99505.71,-9849.29
ORD00582,2024-06-21,CUST0358,PROD016,4,0.11,Debit Card,45432,66292.55,236001.48,54273.48
ORD00583,2024-01-11,CUST1991,PROD030,5,0.3,Debit Card,27284,38710.16,135485.56,-934.44
ORD00584,2023-03-23,CUST0444,PROD098,1,0.1,Cash on Delivery,27372,34816.56,31334.9,3962.9
ORD00585,2024-05-06,CUST0113,PROD066,5,0.24,Cash on Delivery,26705,42218.65,160430.87,26905.87
ORD00586,2023-12-22,CUST1054,PROD044,4,0.24,Credit Card,31606,44299.52,134670.54,8246.54
ORD00587,2025-07-13,CUST0524,PROD038,5,0.22,Cash on Delivery,41219,59707.21,232858.12,26763.12
ORD00588,2025-12-03,CUST0689,PROD051,4,0.2,UPI,47215,62345.14,199504.45,10644.45
ORD00589,2025-10-01,CUST0991,PROD060,1,0.03,UPI,7054,11037.5,10706.38,3652.38
ORD00590,2023-05-03,CUST1874,PROD018,2,0.3,Cash on Delivery,34967,44556.16,62378.62,-7555.38
ORD00591,2024-12-08,CUST0046,PROD005,4,0.05,Debit Card,14250,21189.1,80518.58,23518.58
ORD00592,2023-11-26,CUST1195,PROD040,4,0.18,Credit Card,34631,41643.77,136591.57,-1932.43
ORD00593,2025-09-17,CUST1154,PROD006,4,0.07,Cash on Delivery,17488,24343.36,90557.3,20605.3
ORD00594,2023-11-19,CUST0757,PROD076,1,0.05,Cash on Delivery,19739,27832.09,26440.49,6701.49
ORD00595,2025-02-08,CUST1377,PROD012,3,0.17,Credit Card,33865,41815.12,104119.65,2524.65
ORD00596,2024-03-08,CUST1227,PROD012,4,0.25,Debit Card,33865,43878.86,131636.58,-3823.42
ORD00597,2024-12-10,CUST1250,PROD073,1,0.11,Cash on Delivery,46032,56638.41,50408.18,4376.18
ORD00598,2025-03-04,CUST1104,PROD022,2,0.02,Debit Card,46697,71458.63,140058.91,46664.91
ORD00599,2024-12-12,CUST1334,PROD049,4,0.19,UPI,1602,2316.07,7504.07,1096.07
ORD00600,2024-06-22,CUST1059,PROD050,3,0.23,Debit Card,1097,1481.93,3423.26,132.26
ORD00601,2024-08-23,CUST0564,PROD080,1,0.09,UPI,24906,34873.16,31734.58,6828.58
ORD00602,2023-09-14,CUST0161,PROD004,2,0.21,Credit Card,42258,55139.03,87119.67,2603.67
ORD00603,2025-05-20,CUST1620,PROD050,3,0.02,Cash on Delivery,1097,1473.2,4331.21,1040.21
ORD00604,2025-06-17,CUST0840,PROD003,2,0.11,UPI,7361,10516.79,18719.89,3997.89
ORD00605,2025-03-19,CUST1459,PROD016,3,0.14,Debit Card,45432,56570.35,145951.5,9655.5
ORD00606,2024-11-07,CUST0538,PROD014,5,0.23,Cash on Delivery,6122,7409.72,28527.42,-2082.58
ORD00607,2023-09-28,CUST0225,PROD064,5,0.1,UPI,24886,39195.61,176380.24,51950.24
ORD00608,2024-07-03,CUST1470,PROD041,5,0.14,UPI,37776,47468.74,204115.58,15235.58
ORD00609,2024-07-21,CUST1341,PROD068,2,0.19,Debit Card,30755,42222.03,68399.69,6889.69
ORD00610,2025-09-12,CUST1690,PROD059,5,0.19,UPI,42048,62764.42,254195.9,43955.9
ORD00611,2023-12-25,CUST1829,PROD002,1,0.16,Credit Card,8668,12137.26,10195.3,1527.3
ORD00612,2025-03-08,CUST1438,PROD010,1,0.1,UPI,38184,54820.52,49338.47,11154.47
ORD00613,2025-06-05,CUST0095,PROD075,5,0.2,Debit Card,900,1101.19,4404.76,-95.24
ORD00614,2023-07-30,CUST1249,PROD090,3,0.25,Cash on Delivery,39865,52929.47,119091.31,-503.69
ORD00615,2023-10-14,CUST1803,PROD026,3,0.05,Debit Card,1165,1701.61,4849.59,1354.59
ORD00616,2025-01-12,CUST0949,PROD004,2,0.1,Debit Card,42258,52586.02,94654.84,10138.84
ORD00617,2025-11-12,CUST0553,PROD090,3,0.2,Cash on Delivery,39865,54519.39,130846.54,11251.54
ORD00618,2023-10-23,CUST0645,PROD028,4,0.23,UPI,24730,34996.97,107790.67,8870.67
ORD00619,2023-01-06,CUST0066,PROD002,3,0.23,Credit Card,8668,13047.07,30138.73,4134.73
ORD00620,2024-07-03,CUST1421,PROD066,1,0.2,Debit Card,26705,33310.59,26648.47,-56.53
ORD00621,2024-11-11,CUST1983,PROD016,3,0.14,Debit Card,45432,72243.3,186387.71,50091.71
ORD00622,2025-03-05,CUST1234,PROD057,2,0.19,Credit Card,43648,69197.0,112099.14,24803.14
ORD00623,2023-07-22,CUST1498,PROD023,3,0.04,Debit Card,14296,16519.49,47576.13,4688.13
ORD00624,2023-11-21,CUST0665,PROD023,2,0.06,Cash on Delivery,14296,18807.67,35358.42,6766.42
ORD00625,2025-04-04,CUST0684,PROD077,4,0.28,UPI,10916,12886.64,37113.52,-6550.48
ORD00626,2023-09-01,CUST0910,PROD021,5,0.28,Cash on Delivery,22664,29299.13,105476.87,-7843.13
ORD00627,2023-11-23,CUST0837,PROD025,4,0.22,Debit Card,31820,45285.53,141290.85,14010.85
ORD00628,2025-09-13,CUST0571,PROD058,1,0.1,Cash on Delivery,29901,42576.97,38319.27,8418.27
ORD00629,2025-12-06,CUST0696,PROD037,4,0.19,Debit Card,49377,58931.38,190937.67,-6570.33
ORD00630,2025-01-30,CUST1514,PROD049,4,0.21,UPI,1602,2330.43,7364.16,956.16
ORD00631,2025-11-02,CUST0180,PROD077,1,0.15,Cash on Delivery,10916,16710.79,14204.17,3288.17
ORD00632,2025-06-25,CUST0834,PROD015,1,0.22,Cash on Delivery,18761,26903.72,20984.9,2223.9
ORD00633,2023-12-31,CUST1860,PROD028,5,0.01,Credit Card,24730,31888.96,157850.35,34200.35
ORD00634,2023-03-14,CUST1548,PROD067,5,0.08,Credit Card,26070,30009.77,138044.94,7694.94
ORD00635,2025-12-05,CUST1483,PROD087,3,0.24,Debit Card,1853,2671.63,6091.32,532.32
ORD00636,2023-10-01,CUST1092,PROD004,2,0.28,Cash on Delivery,42258,61484.94,88538.31,4022.31
ORD00637,2023-07-27,CUST1963,PROD047,1,0.26,UPI,47956,70444.35,52128.82,4172.82
ORD00638,2023-05-04,CUST1353,PROD050,4,0.21,UPI,1097,1280.93,4047.74,-340.26
ORD00639,2025-10-30,CUST0202,PROD060,4,0.05,Credit Card,7054,9751.46,37055.55,8839.55
ORD00640,2024-06-26,CUST1499,PROD062,5,0.11,Credit Card,42867,57272.2,254861.29,40526.29
ORD00641,2023-03-01,CUST1542,PROD067,2,0.02,Credit Card,26070,38982.65,76405.99,24265.99
ORD00642,2025-06-17,CUST1039,PROD072,1,0.19,UPI,16543,24404.4,19767.56,3224.56
ORD00643,2025-06-04,CUST1066,PROD043,5,0.13,UPI,1019,1607.78,6993.84,1898.84
ORD00644,2025-02-20,CUST0543,PROD089,2,0.17,UPI,21871,33984.9,56414.93,12672.93
ORD00645,2024-03-17,CUST0982,PROD058,1,0.29,Debit Card,29901,41894.38,29745.01,-155.99
ORD00646,2025-06-29,CUST1717,PROD052,4,0.12,Cash on Delivery,20157,32074.09,112900.8,32272.8
ORD00647,2025-10-22,CUST0774,PROD076,4,0.09,Debit Card,19739,24034.12,87484.2,8528.2
ORD00648,2025-04-11,CUST1313,PROD069,5,0.05,Cash on Delivery,21682,25004.15,118769.71,10359.71
ORD00649,2025-10-04,CUST1949,PROD097,2,0.04,Cash on Delivery,10894,13056.73,25068.92,3280.92
ORD00650,2024-09-17,CUST1557,PROD046,4,0.16,Cash on Delivery,11014,14426.14,48471.83,4415.83
ORD00651,2025-09-24,CUST1916,PROD025,2,0.22,Credit Card,31820,47407.56,73955.79,10315.79
ORD00652,2025-01-03,CUST0694,PROD025,5,0.17,Cash on Delivery,31820,42078.13,174624.24,15524.24
ORD00653,2023-04-01,CUST1720,PROD035,3,0.26,Credit Card,34337,51549.14,114439.09,11428.09
ORD00654,2023-06-16,CUST1268,PROD061,2,0.09,Cash on Delivery,13164,19538.7,35560.43,9232.43
ORD00655,2025-08-16,CUST1886,PROD015,2,0.18,Debit Card,18761,28281.41,46381.51,8859.51
ORD00656,2023-07-26,CUST1685,PROD090,5,0.2,Debit Card,39865,49204.27,196817.08,-2507.92
ORD00657,2025-12-24,CUST1792,PROD074,3,0.08,Cash on Delivery,36254,50110.83,138305.89,29543.89
ORD00658,2024-05-30,CUST0612,PROD088,4,0.12,Debit Card,27486,40423.97,142292.37,32348.37
ORD00659,2025-01-16,CUST1591,PROD035,1,0.18,Debit Card,34337,43878.52,35980.39,1643.39
ORD00660,2023-11-02,CUST1722,PROD029,5,0.01,Cash on Delivery,23495,35879.49,177603.48,60128.48
ORD00661,2024-01-30,CUST1856,PROD038,1,0.27,Cash on Delivery,41219,61856.96,45155.58,3936.58
ORD00662,2023-07-06,CUST1622,PROD069,3,0.03,Credit Card,21682,26103.92,75962.41,10916.41
ORD00663,2024-09-14,CUST1198,PROD024,3,0.01,Debit Card,37354,46619.64,138460.33,26398.33
ORD00664,2024-12-30,CUST1558,PROD019,2,0.06,Debit Card,26105,32809.23,61681.35,9471.35
ORD00665,2023-08-28,CUST1533,PROD046,1,0.15,Cash on Delivery,11014,17020.09,14467.08,3453.08
ORD00666,2024-06-16,CUST0244,PROD049,1,0.1,UPI,1602,1976.91,1779.22,177.22
ORD00667,2023-05-21,CUST0060,PROD044,3,0.13,Credit Card,31606,45194.79,117958.4,23140.4
ORD00668,2023-05-19,CUST0104,PROD073,1,0.03,Credit Card,46032,54281.41,52652.97,6620.97
ORD00669,2024-04-03,CUST0651,PROD026,4,0.07,UPI,1165,1629.4,6061.37,1401.37
ORD00670,2023-03-11,CUST1327,PROD025,3,0.03,Credit Card,31820,38615.59,112371.37,16911.37
ORD00671,2024-01-20,CUST1695,PROD035,2,0.07,Credit Card,34337,48379.91,89986.63,21312.63
ORD00672,2024-09-21,CUST1011,PROD036,2,0.21,Debit Card,5763,7581.27,11978.41,452.41
ORD00673,2023-07-17,CUST1768,PROD014,2,0.17,Debit Card,6122,8708.9,14456.77,2212.77
ORD00674,2023-07-24,CUST0077,PROD056,1,0.1,Cash on Delivery,6756,8968.59,8071.73,1315.73
ORD00675,2024-07-21,CUST1042,PROD006,3,0.08,Cash on Delivery,17488,26834.16,74062.28,21598.28
ORD00676,2025-09-08,CUST1558,PROD032,2,0.3,Credit Card,17963,26776.37,37486.92,1560.92
ORD00677,2025-03-15,CUST1208,PROD026,3,0.23,UPI,1165,1782.59,4117.78,622.78
ORD00678,2025-05-08,CUST1681,PROD015,1,0.25,Cash on Delivery,18761,23449.81,17587.36,-1173.64
ORD00679,2025-05-31,CUST1574,PROD049,4,0.01,Cash on Delivery,1602,1949.58,7720.34,1312.34
ORD00680,2025-08-31,CUST1305,PROD095,4,0.02,UPI,3434,4810.35,18856.57,5120.57
ORD00681,2024-10-01,CUST1312,PROD056,4,0.21,Credit Card,6756,10422.99,32936.65,5912.65
ORD00682,2023-11-21,CUST1679,PROD037,1,0.06,Credit Card,49377,59241.58,55687.09,6310.09
ORD00683,2024-03-17,CUST1549,PROD053,2,0.13,Cash on Delivery,45509,57125.16,99397.78,8379.78
ORD00684,2025-03-14,CUST0698,PROD058,1,0.06,Credit Card,29901,44423.89,41758.46,11857.46
ORD00685,2023-10-15,CUST1498,PROD083,3,0.05,Credit Card,37036,50347.2,143489.52,32381.52
ORD00686,2023-08-14,CUST0946,PROD078,4,0.03,Cash on Delivery,3912,5561.14,21577.22,5929.22
ORD00687,2025-12-23,CUST0267,PROD036,3,0.18,Cash on Delivery,5763,8162.08,20078.72,2789.72
ORD00688,2025-08-24,CUST0781,PROD011,1,0.22,Debit Card,23684,31631.4,24672.49,988.49
ORD00689,2025-07-26,CUST0609,PROD027,5,0.02,Debit Card,33194,48714.39,238700.51,72730.51
ORD00690,2024-07-13,CUST0946,PROD002,5,0.08,Credit Card,8668,13292.56,61145.78,17805.78
ORD00691,2024-12-14,CUST1381,PROD022,1,0.2,UPI,46697,72776.84,58221.47,11524.47
ORD00692,2024-05-12,CUST1830,PROD066,2,0.12,Debit Card,26705,31268.49,55032.54,1622.54
ORD00693,2025-04-28,CUST1025,PROD084,3,0.21,Credit Card,6252,8747.32,20731.15,1975.15
ORD00694,2025-07-14,CUST1831,PROD017,1,0.23,UPI,28919,33782.23,26012.32,-2906.68
ORD00695,2023-03-01,CUST1051,PROD004,1,0.01,Debit Card,42258,65728.88,65071.59,22813.59
ORD00696,2023-09-14,CUST0548,PROD014,5,0.11,Debit Card,6122,8222.88,36591.82,5981.82
ORD00697,2024-07-30,CUST0160,PROD007,4,0.22,Credit Card,3479,5410.67,16881.29,2965.29
ORD00698,2023-08-27,CUST0937,PROD079,4,0.11,Cash on Delivery,16940,20911.71,74445.69,6685.69
ORD00699,2023-02-07,CUST0399,PROD094,2,0.0,Cash on Delivery,11294,13813.32,27626.64,5038.64
ORD00700,2023-01-25,CUST0543,PROD016,2,0.1,UPI,45432,70816.94,127470.49,36606.49
ORD00701,2024-02-14,CUST0127,PROD066,2,0.26,Cash on Delivery,26705,41987.44,62141.41,8731.41
ORD00702,2024-04-05,CUST1798,PROD019,5,0.29,Credit Card,26105,39028.42,138550.89,8025.89
ORD00703,2025-09-14,CUST1881,PROD001,1,0.17,Debit Card,19397,24244.53,20122.96,725.96
ORD00704,2023-12-23,CUST1009,PROD031,2,0.09,UPI,15105,18539.78,33742.4,3532.4
ORD00705,2024-01-18,CUST0948,PROD004,5,0.14,Cash on Delivery,42258,62820.99,270130.26,58840.26
ORD00706,2024-07-22,CUST0210,PROD091,3,0.07,Debit Card,15191,21808.94,60846.94,15273.94
ORD00707,2025-12-07,CUST0150,PROD058,1,0.05,Credit Card,29901,46120.33,43814.31,13913.31
ORD00708,2024-03-08,CUST0031,PROD056,3,0.15,Credit Card,6756,8610.96,21957.95,1689.95
ORD00709,2023-02-25,CUST0612,PROD053,4,0.22,Debit Card,45509,58383.98,182158.02,122.02
ORD00710,2024-07-30,CUST1865,PROD089,4,0.07,Credit Card,21871,32352.43,120351.04,32867.04
ORD00711,2023-09-25,CUST0302,PROD086,1,0.27,Credit Card,12989,16503.06,12047.23,-941.77
ORD00712,2023-03-10,CUST0963,PROD043,2,0.05,Debit Card,1019,1383.87,2629.35,591.35
ORD00713,2025-06-20,CUST0865,PROD074,1,0.17,Cash on Delivery,36254,50177.85,41647.62,5393.62
ORD00714,2025-03-03,CUST1755,PROD097,2,0.23,UPI,10894,15808.64,24345.31,2557.31
ORD00715,2023-09-14,CUST0765,PROD049,4,0.06,Debit Card,1602,2090.57,7860.54,1452.54
ORD00716,2024-11-02,CUST0683,PROD060,1,0.09,Debit Card,7054,10836.72,9861.42,2807.42
ORD00717,2024-05-04,CUST0257,PROD094,1,0.02,Cash on Delivery,11294,15032.86,14732.2,3438.2
ORD00718,2025-01-15,CUST0940,PROD094,2,0.28,UPI,11294,13198.37,19005.65,-3582.35
ORD00719,2023-02-18,CUST1081,PROD016,4,0.15,Credit Card,45432,53616.62,182296.51,568.51
ORD00720,2023-11-12,CUST0009,PROD073,4,0.02,Cash on Delivery,46032,73062.36,286404.45,102276.45
ORD00721,2024-02-17,CUST1029,PROD081,2,0.25,UPI,2375,3396.06,5094.09,344.09
ORD00722,2024-03-09,CUST0847,PROD099,2,0.17,Debit Card,42208,57863.69,96053.73,11637.73
ORD00723,2025-10-22,CUST1138,PROD060,2,0.02,UPI,7054,10872.73,21310.55,7202.55
ORD00724,2024-02-24,CUST0777,PROD047,4,0.14,Cash on Delivery,47956,70619.91,242932.49,51108.49
ORD00725,2025-04-23,CUST0685,PROD015,4,0.13,Credit Card,18761,23106.54,80410.76,5366.76
ORD00726,2025-07-04,CUST0732,PROD063,1,0.04,UPI,48779,56255.92,54005.68,5226.68
ORD00727,2024-03-09,CUST1229,PROD028,4,0.13,UPI,24730,39369.14,137004.61,38084.61
ORD00728,2024-10-04,CUST0024,PROD020,3,0.08,Debit Card,29671,42522.91,117363.23,28350.23
ORD00729,2023-02-26,CUST0493,PROD097,3,0.21,UPI,10894,14866.86,35234.46,2552.46
ORD00730,2025-08-21,CUST0970,PROD063,2,0.0,Debit Card,48779,76831.57,153663.14,56105.14
ORD00731,2025-09-03,CUST1706,PROD033,2,0.03,Cash on Delivery,8919,11738.68,22773.04,4935.04
ORD00732,2023-02-15,CUST1430,PROD036,2,0.28,Credit Card,5763,8501.28,12241.84,715.84
ORD00733,2024-02-21,CUST0103,PROD013,1,0.13,Cash on Delivery,24204,35133.35,30566.01,6362.01
ORD00734,2025-04-27,CUST1084,PROD062,3,0.05,UPI,42867,62356.9,177717.16,49116.16
ORD00735,2023-05-19,CUST1110,PROD068,3,0.24,UPI,30755,44739.6,102006.29,9741.29
ORD00736,2023-09-04,CUST0767,PROD023,4,0.26,Debit Card,14296,16507.48,48862.14,-8321.86
ORD00737,2023-08-18,CUST1023,PROD072,3,0.06,Debit Card,16543,25160.84,70953.57,21324.57
ORD00738,2025-03-02,CUST1701,PROD013,4,0.21,Cash on Delivery,24204,37887.23,119723.65,22907.65
ORD00739,2024-09-28,CUST0372,PROD088,1,0.18,Cash on Delivery,27486,37166.77,30476.75,2990.75
ORD00740,2024-01-09,CUST0679,PROD040,2,0.22,Cash on Delivery,34631,48560.2,75753.91,6491.91
ORD00741,2025-01-07,CUST0596,PROD030,2,0.24,Credit Card,27284,35363.39,53752.35,-815.65
ORD00742,2025-12-24,CUST1994,PROD094,4,0.2,Debit Card,11294,16978.07,54329.82,9153.82
ORD00743,2023-03-29,CUST0202,PROD025,5,0.29,Cash on Delivery,31820,47140.39,167348.38,8248.38
ORD00744,2024-12-13,CUST1626,PROD097,4,0.26,Debit Card,10894,16148.45,47799.41,4223.41
ORD00745,2024-08-23,CUST0089,PROD073,1,0.07,Cash on Delivery,46032,68160.29,63389.07,17357.07
ORD00746,2024-06-22,CUST0437,PROD026,3,0.27,Credit Card,1165,1454.32,3184.96,-310.04
ORD00747,2023-08-02,CUST0120,PROD024,4,0.11,Debit Card,37354,44848.53,159660.77,10244.77
ORD00748,2023-03-15,CUST0156,PROD097,1,0.22,Debit Card,10894,14051.51,10960.18,66.18
ORD00749,2023-03-02,CUST1997,PROD039,2,0.25,Debit Card,46187,65073.82,97610.73,5236.73
ORD00750,2024-11-28,CUST0399,PROD089,5,0.13,Debit Card,21871,29083.74,126514.27,17159.27
ORD00751,2023-01-12,CUST1724,PROD079,5,0.02,Credit Card,16940,21381.0,104766.9,20066.9
ORD00752,2025-03-24,CUST0188,PROD061,4,0.28,Cash on Delivery,13164,15270.63,43979.41,-8676.59
ORD00753,2023-02-01,CUST1798,PROD049,3,0.02,Credit Card,1602,1929.62,5673.08,867.08
ORD00754,2025-09-27,CUST1076,PROD041,4,0.1,Debit Card,37776,45232.96,162838.66,11734.66
ORD00755,2023-08-25,CUST0652,PROD070,5,0.18,UPI,39873,63018.78,258377.0,59012.0
ORD00756,2024-07-11,CUST1555,PROD020,5,0.04,Credit Card,29671,44520.48,213698.3,65343.3
ORD00757,2024-10-08,CUST1504,PROD044,2,0.25,UPI,31606,38092.76,57139.14,-6072.86
ORD00758,2025-09-13,CUST0587,PROD016,3,0.06,Debit Card,45432,61798.64,174272.16,37976.16
ORD00759,2025-03-30,CUST0230,PROD021,3,0.3,Debit Card,22664,32738.57,68751.0,759.0
ORD00760,2024-04-17,CUST1505,PROD015,5,0.27,Credit Card,18761,29688.63,108363.5,14558.5
ORD00761,2023-04-22,CUST1154,PROD039,5,0.18,UPI,46187,58705.24,240691.48,9756.48
ORD00762,2024-01-18,CUST0055,PROD042,4,0.2,Credit Card,35023,44437.92,142201.34,2109.34
ORD00763,2023-01-17,CUST0271,PROD061,4,0.16,Credit Card,13164,18504.84,62176.26,9520.26
ORD00764,2024-05-07,CUST1984,PROD004,2,0.12,Credit Card,42258,64900.68,114225.2,29709.2
ORD00765,2025-07-14,CUST1124,PROD024,5,0.11,Debit Card,37354,47657.34,212075.16,25305.16
ORD00766,2023-04-27,CUST1093,PROD003,4,0.27,Cash on Delivery,7361,8881.94,25935.26,-3508.74
ORD00767,2025-05-29,CUST1935,PROD001,2,0.17,UPI,19397,24629.51,40884.99,2090.99
ORD00768,2023-04-25,CUST1323,PROD094,3,0.25,Cash on Delivery,11294,15270.39,34358.38,476.38
ORD00769,2025-03-24,CUST0970,PROD013,5,0.15,Cash on Delivery,24204,31755.14,134959.34,13939.34
ORD00770,2024-10-05,CUST1553,PROD054,1,0.09,Debit Card,39049,60039.63,54636.06,15587.06
ORD00771,2023-12-02,CUST1378,PROD082,5,0.03,Debit Card,37566,59141.11,286834.38,99004.38
ORD00772,2025-07-10,CUST1652,PROD040,4,0.1,Debit Card,34631,45723.39,164604.2,26080.2
ORD00773,2023-05-27,CUST1176,PROD011,5,0.26,Credit Card,23684,36012.46,133246.1,14826.1
ORD00774,2023-05-02,CUST0330,PROD042,1,0.21,Debit Card,35023,41357.79,32672.65,-2350.35
ORD00775,2023-03-22,CUST0116,PROD093,5,0.24,Debit Card,48575,67964.51,258265.14,15390.14
ORD00776,2024-11-15,CUST1566,PROD004,4,0.23,Debit Card,42258,64412.46,198390.38,29358.38
ORD00777,2024-10-23,CUST0323,PROD025,3,0.04,Debit Card,31820,42587.27,122651.34,27191.34
ORD00778,2024-01-10,CUST0563,PROD100,4,0.05,Cash on Delivery,41593,50516.58,191963.0,25591.0
ORD00779,2023-03-04,CUST1596,PROD036,2,0.1,Cash on Delivery,5763,7364.19,13255.54,1729.54
ORD00780,2024-05-18,CUST0229,PROD064,4,0.09,Debit Card,24886,34127.63,124224.57,24680.57
ORD00781,2024-10-29,CUST1795,PROD044,2,0.02,Cash on Delivery,31606,48343.71,94753.67,31541.67
ORD00782,2024-03-24,CUST0360,PROD040,5,0.05,Debit Card,34631,51491.75,244585.81,71430.81
ORD00783,2025-05-17,CUST1029,PROD092,2,0.26,UPI,4811,5713.59,8456.11,-1165.89
ORD00784,2024-11-10,CUST0028,PROD045,5,0.18,Credit Card,45004,62815.27,257542.61,32522.61
ORD00785,2024-04-05,CUST1790,PROD008,2,0.1,Debit Card,24024,37058.41,66705.14,18657.14
ORD00786,2024-04-03,CUST1388,PROD085,4,0.16,Cash on Delivery,21717,30614.45,102864.55,15996.55
ORD00787,2024-04-08,CUST1486,PROD035,1,0.08,Credit Card,34337,40490.94,37251.66,2914.66
ORD00788,2025-06-30,CUST1255,PROD044,5,0.18,Cash on Delivery,31606,48053.89,197020.95,38990.95
ORD00789,2024-01-14,CUST1419,PROD018,2,0.02,UPI,34967,54480.21,106781.21,36847.21
ORD00790,2025-10-22,CUST1992,PROD047,1,0.27,UPI,47956,63548.18,46390.17,-1565.83
ORD00791,2023-12-30,CUST0869,PROD025,2,0.07,Credit Card,31820,41033.85,76322.96,12682.96
ORD00792,2023-03-13,CUST1736,PROD041,2,0.25,UPI,37776,52678.93,79018.4,3466.4
ORD00793,2024-09-29,CUST1868,PROD005,2,0.2,Debit Card,14250,22697.96,36316.74,7816.74
ORD00794,2023-12-03,CUST1295,PROD064,4,0.16,UPI,24886,37997.41,127671.3,28127.3
ORD00795,2023-07-14,CUST1875,PROD062,2,0.28,Cash on Delivery,42867,64942.44,93517.11,7783.11
ORD00796,2025-10-08,CUST1328,PROD072,1,0.05,Debit Card,16543,20462.28,19439.17,2896.17
ORD00797,2024-10-14,CUST1407,PROD087,2,0.04,Cash on Delivery,1853,2877.38,5524.57,1818.57
ORD00798,2023-01-07,CUST1582,PROD003,3,0.1,Credit Card,7361,10306.69,27828.06,5745.06
ORD00799,2025-06-23,CUST0028,PROD037,5,0.25,Credit Card,49377,77156.27,289336.01,42451.01
ORD00800,2025-09-05,CUST1543,PROD095,4,0.01,Credit Card,3434,4956.19,19626.51,5890.51
ORD00801,2024-07-19,CUST0744,PROD093,3,0.07,Cash on Delivery,48575,74095.1,206725.33,61000.33
ORD00802,2024-09-07,CUST1223,PROD041,3,0.13,Cash on Delivery,37776,46256.2,120728.68,7400.68
ORD00803,2024-07-26,CUST1630,PROD020,1,0.21,Credit Card,29671,43555.09,34408.52,4737.52
ORD00804,2024-08-21,CUST1106,PROD067,1,0.09,Cash on Delivery,26070,32998.45,30028.59,3958.59
ORD00805,2025-02-08,CUST1112,PROD087,4,0.13,Credit Card,1853,2271.79,7905.83,493.83
ORD00806,2023-08-30,CUST1414,PROD040,4,0.1,Credit Card,34631,48770.56,175574.02,37050.02
ORD00807,2025-02-04,CUST1722,PROD085,5,0.03,Cash on Delivery,21717,30864.93,149694.91,41109.91
ORD00808,2024-01-19,CUST1779,PROD077,2,0.22,Debit Card,10916,14963.41,23342.92,1510.92
ORD00809,2024-01-26,CUST0580,PROD008,4,0.14,Credit Card,24024,28590.2,98350.29,2254.29
ORD00810,2025-06-14,CUST1847,PROD005,4,0.24,UPI,14250,17956.95,54589.13,-2410.87
ORD00811,2024-11-18,CUST0451,PROD025,2,0.21,Debit Card,31820,39964.42,63143.78,-496.22
ORD00812,2023-02-16,CUST0433,PROD039,5,0.02,Debit Card,46187,59635.08,292211.89,61276.89
ORD00813,2024-09-10,CUST0374,PROD037,1,0.15,Debit Card,49377,70738.94,60128.1,10751.1
ORD00814,2024-04-08,CUST0435,PROD005,5,0.3,Debit Card,14250,19196.09,67186.31,-4063.69
ORD00815,2023-05-03,CUST1211,PROD008,2,0.09,Credit Card,24024,38096.62,69335.85,21287.85
ORD00816,2023-05-14,CUST1775,PROD004,1,0.15,Credit Card,42258,48897.99,41563.29,-694.71
ORD00817,2025-04-20,CUST1414,PROD041,1,0.2,Credit Card,37776,47112.59,37690.07,-85.93
ORD00818,2025-04-28,CUST0218,PROD060,1,0.06,UPI,7054,9932.27,9336.33,2282.33
ORD00819,2024-08-29,CUST1132,PROD054,5,0.21,Credit Card,39049,60358.15,238414.69,43169.69
ORD00820,2023-01-23,CUST1843,PROD022,2,0.2,Credit Card,46697,54414.06,87062.5,-6331.5
ORD00821,2024-07-19,CUST1574,PROD078,5,0.11,UPI,3912,6054.31,26941.68,7381.68
ORD00822,2025-02-04,CUST1931,PROD019,5,0.09,Credit Card,26105,35979.82,163708.18,33183.18
ORD00823,2025-08-22,CUST0948,PROD077,3,0.28,Cash on Delivery,10916,16411.85,35449.6,2701.6
ORD00824,2023-08-23,CUST0349,PROD099,4,0.04,Cash on Delivery,42208,66557.51,255580.84,86748.84
ORD00825,2025-09-22,CUST0788,PROD068,5,0.13,Credit Card,30755,38349.39,166819.85,13044.85
ORD00826,2025-12-18,CUST1546,PROD033,3,0.23,Debit Card,8919,12616.46,29144.02,2387.02
ORD00827,2025-04-05,CUST0026,PROD022,2,0.04,Credit Card,46697,72270.66,138759.67,45365.67
ORD00828,2023-08-04,CUST1072,PROD065,3,0.28,UPI,5346,8179.3,17667.29,1629.29
ORD00829,2024-10-18,CUST0859,PROD011,5,0.16,Debit Card,23684,32788.93,137713.51,19293.51
ORD00830,2025-07-23,CUST0370,PROD016,2,0.15,UPI,45432,71658.6,121819.62,30955.62
ORD00831,2023-11-07,CUST1038,PROD068,3,0.13,Cash on Delivery,30755,45172.95,117901.4,25636.4
ORD00832,2024-07-10,CUST1636,PROD093,5,0.26,UPI,48575,67317.73,249075.6,6200.6
ORD00833,2025-08-29,CUST1211,PROD044,2,0.28,Credit Card,31606,37170.43,53525.42,-9686.58
ORD00834,2023-09-14,CUST1548,PROD088,2,0.11,Cash on Delivery,27486,37636.24,66992.51,12020.51
ORD00835,2024-06-16,CUST0884,PROD009,4,0.16,Debit Card,7565,10136.01,34056.99,3796.99
ORD00836,2023-02-21,CUST1915,PROD072,5,0.09,Credit Card,16543,21296.86,96900.71,14185.71
ORD00837,2025-12-26,CUST0279,PROD078,4,0.11,Cash on Delivery,3912,6158.67,21924.87,6276.87
ORD00838,2023-10-27,CUST0341,PROD079,2,0.01,Debit Card,16940,26537.61,52544.47,18664.47
ORD00839,2024-11-02,CUST1352,PROD062,2,0.24,Cash on Delivery,42867,55803.32,84821.05,-912.95
ORD00840,2025-02-16,CUST1703,PROD086,3,0.29,Debit Card,12989,17484.41,37241.79,-1725.21
ORD00841,2025-04-11,CUST1658,PROD015,4,0.23,Debit Card,18761,27922.35,86000.84,10956.84
ORD00842,2023-08-20,CUST1929,PROD006,1,0.16,UPI,17488,26682.77,22413.53,4925.53
ORD00843,2025-09-01,CUST0607,PROD001,5,0.25,Credit Card,19397,23267.39,87252.71,-9732.29
ORD00844,2025-12-27,CUST1049,PROD020,4,0.26,Debit Card,29671,40674.72,120397.17,1713.17
ORD00845,2023-01-28,CUST0529,PROD036,2,0.16,Debit Card,5763,8999.08,15118.45,3592.45
ORD00846,2025-12-10,CUST0426,PROD002,3,0.28,UPI,8668,12560.49,27130.66,1126.66
ORD00847,2024-08-13,CUST0029,PROD070,5,0.01,Debit Card,39873,55596.31,275201.73,75836.73
ORD00848,2025-02-23,CUST0956,PROD002,5,0.0,Debit Card,8668,12769.0,63845.0,20505.0
ORD00849,2024-09-11,CUST0323,PROD003,3,0.02,Cash on Delivery,7361,10656.11,31328.96,9245.96
ORD00850,2024-08-08,CUST1877,PROD007,2,0.02,Credit Card,3479,5475.99,10732.94,3774.94
ORD00851,2025-09-28,CUST0313,PROD084,1,0.13,UPI,6252,9757.41,8488.95,2236.95
ORD00852,2023-07-03,CUST0584,PROD064,3,0.28,UPI,24886,33073.47,71438.7,-3219.3
ORD00853,2025-11-12,CUST1294,PROD041,1,0.2,Debit Card,37776,43986.7,35189.36,-2586.64
ORD00854,2023-05-09,CUST0762,PROD054,4,0.2,Debit Card,39049,50752.16,162406.91,6210.91
ORD00855,2023-10-18,CUST0295,PROD041,5,0.12,UPI,37776,46891.37,206322.03,17442.03
ORD00856,2024-05-15,CUST0656,PROD005,2,0.16,Debit Card,14250,17231.08,28948.21,448.21
ORD00857,2023-07-05,CUST0786,PROD089,1,0.09,Debit Card,21871,33890.75,30840.58,8969.58
ORD00858,2024-04-23,CUST0223,PROD082,2,0.16,Cash on Delivery,37566,55202.08,92739.49,17607.49
ORD00859,2024-05-06,CUST0075,PROD063,4,0.22,UPI,48779,56810.97,177250.23,-17865.77
ORD00860,2024-05-27,CUST0102,PROD001,1,0.17,Debit Card,19397,30334.76,25177.85,5780.85
ORD00861,2025-12-26,CUST1556,PROD025,2,0.13,Credit Card,31820,49523.19,86170.35,22530.35
ORD00862,2024-04-11,CUST1653,PROD081,2,0.25,Debit Card,2375,3745.91,5618.86,868.86
ORD00863,2023-10-12,CUST1710,PROD046,4,0.09,Cash on Delivery,11014,16779.21,61076.32,17020.32
ORD00864,2024-08-23,CUST0885,PROD015,3,0.14,Cash on Delivery,18761,22241.07,57381.96,1098.96
ORD00865,2023-07-08,CUST0173,PROD069,4,0.29,UPI,21682,31010.85,88070.81,1342.81
ORD00866,2025-09-15,CUST1028,PROD017,1,0.29,Cash on Delivery,28919,34338.12,24380.07,-4538.93
ORD00867,2025-06-08,CUST1876,PROD021,1,0.0,Cash on Delivery,22664,33339.39,33339.39,10675.39
ORD00868,2024-01-23,CUST1503,PROD053,5,0.16,Credit Card,45509,56369.91,236753.62,9208.62
ORD00869,2023-08-29,CUST1684,PROD055,2,0.1,Cash on Delivery,44065,69231.21,124616.18,36486.18
ORD00870,2024-02-21,CUST0395,PROD087,1,0.09,Debit Card,1853,2909.91,2648.02,795.02
ORD00871,2023-06-25,CUST1650,PROD010,3,0.18,Cash on Delivery,38184,54128.54,133156.21,18604.21
ORD00872,2024-01-22,CUST0833,PROD081,3,0.13,Credit Card,2375,3535.67,9228.1,2103.1
ORD00873,2025-05-02,CUST1004,PROD057,4,0.22,UPI,43648,67050.71,209198.22,34606.22
ORD00874,2024-10-24,CUST1938,PROD065,1,0.01,Credit Card,5346,7084.07,7013.23,1667.23
ORD00875,2024-03-27,CUST0167,PROD037,1,0.28,Debit Card,49377,69652.97,50150.14,773.14
ORD00876,2023-10-04,CUST0300,PROD007,5,0.17,Debit Card,3479,4276.42,17747.14,352.14
ORD00877,2023-08-01,CUST0118,PROD076,5,0.21,UPI,19739,31453.57,124241.6,25546.6
ORD00878,2023-02-10,CUST0512,PROD040,5,0.18,Credit Card,34631,54309.43,222668.66,49513.66
ORD00879,2023-10-21,CUST0612,PROD050,1,0.3,Credit Card,1097,1500.19,1050.13,-46.87
ORD00880,2024-08-22,CUST1810,PROD001,4,0.3,UPI,19397,27136.41,75981.95,-1606.05
ORD00881,2024-06-24,CUST1199,PROD020,4,0.18,UPI,29671,39952.41,131043.9,12359.9
ORD00882,2024-03-26,CUST0159,PROD031,4,0.21,UPI,15105,17382.05,54927.28,-5492.72
ORD00883,2025-12-20,CUST1408,PROD068,4,0.19,UPI,30755,38551.36,124906.41,1886.41
ORD00884,2025-02-28,CUST1251,PROD090,3,0.09,Debit Card,39865,47668.24,130134.3,10539.3
ORD00885,2023-11-30,CUST1959,PROD012,1,0.06,Debit Card,33865,43865.49,41233.56,7368.56
ORD00886,2025-06-09,CUST1062,PROD022,2,0.12,UPI,46697,58665.72,103251.67,9857.67
ORD00887,2023-02-13,CUST0463,PROD001,1,0.2,Cash on Delivery,19397,28954.65,23163.72,3766.72
ORD00888,2023-05-24,CUST1455,PROD001,4,0.02,UPI,19397,26712.75,104713.98,27125.98
ORD00889,2023-11-29,CUST1734,PROD003,3,0.15,Cash on Delivery,7361,11171.4,28487.07,6404.07
ORD00890,2025-09-24,CUST1672,PROD076,3,0.12,Cash on Delivery,19739,28346.47,74834.68,15617.68
ORD00891,2023-02-24,CUST0104,PROD021,1,0.16,Credit Card,22664,32756.32,27515.31,4851.31
ORD00892,2025-05-19,CUST0982,PROD013,2,0.26,Cash on Delivery,24204,37378.49,55320.17,6912.17
ORD00893,2025-03-07,CUST1217,PROD061,4,0.01,Cash on Delivery,13164,20157.19,79822.47,27166.47
ORD00894,2023-11-21,CUST0250,PROD013,3,0.23,Cash on Delivery,24204,28524.01,65890.46,-6721.54
ORD00895,2023-03-21,CUST1037,PROD082,4,0.2,Debit Card,37566,52977.72,169528.7,19264.7
ORD00896,2025-11-20,CUST0567,PROD033,4,0.06,Credit Card,8919,11914.81,44799.69,9123.69
ORD00897,2025-09-11,CUST1880,PROD006,4,0.22,Credit Card,17488,24830.11,77469.94,7517.94
ORD00898,2024-07-11,CUST0597,PROD025,5,0.15,Cash on Delivery,31820,48945.14,208016.84,48916.84
ORD00899,2025-05-14,CUST0621,PROD023,4,0.14,Debit Card,14296,16517.9,56821.58,-362.42
ORD00900,2024-12-17,CUST0555,PROD088,4,0.14,UPI,27486,31744.56,109201.29,-742.71
ORD00901,2024-04-16,CUST1412,PROD026,2,0.28,Debit Card,1165,1372.54,1976.46,-353.54
ORD00902,2023-03-15,CUST0071,PROD004,2,0.28,Credit Card,42258,65233.61,93936.4,9420.4
ORD00903,2024-08-11,CUST0956,PROD035,5,0.27,Cash on Delivery,34337,44949.43,164065.42,-7619.58
ORD00904,2024-07-17,CUST1804,PROD075,5,0.27,Debit Card,900,1185.35,4326.53,-173.47
ORD00905,2024-04-11,CUST1595,PROD100,4,0.01,Cash on Delivery,41593,54296.81,215015.37,48643.37
ORD00906,2024-08-21,CUST0973,PROD025,3,0.12,UPI,31820,39900.15,105336.4,9876.4
ORD00907,2025-09-18,CUST0438,PROD020,3,0.27,Debit Card,29671,34640.54,75862.78,-13150.22
ORD00908,2025-01-06,CUST1068,PROD001,1,0.23,UPI,19397,30219.19,23268.78,3871.78
ORD00909,2025-09-20,CUST1296,PROD094,3,0.14,UPI,11294,14171.64,36562.83,2680.83
ORD00910,2023-09-05,CUST1926,PROD068,3,0.23,Credit Card,30755,47740.16,110279.77,18014.77
ORD00911,2023-03-08,CUST1038,PROD023,2,0.06,Credit Card,14296,22588.68,42466.72,13874.72
ORD00912,2024-07-26,CUST1395,PROD099,1,0.18,Cash on Delivery,42208,59491.89,48783.35,6575.35
ORD00913,2024-12-03,CUST1136,PROD022,1,0.16,UPI,46697,61524.38,51680.48,4983.48
ORD00914,2024-04-14,CUST1403,PROD095,2,0.17,UPI,3434,5132.49,8519.93,1651.93
ORD00915,2024-05-07,CUST0314,PROD062,3,0.22,Credit Card,42867,49786.69,116500.85,-12100.15
ORD00916,2024-10-24,CUST1439,PROD001,3,0.28,UPI,19397,30414.3,65694.89,7503.89
ORD00917,2023-10-13,CUST1764,PROD059,1,0.08,Debit Card,42048,56073.63,51587.74,9539.74
ORD00918,2023-11-08,CUST0485,PROD068,3,0.23,UPI,30755,39639.23,91566.62,-698.38
ORD00919,2023-11-05,CUST0169,PROD019,1,0.19,UPI,26105,31511.89,25524.63,-580.37
ORD00920,2025-02-13,CUST0888,PROD030,3,0.21,Credit Card,27284,43103.99,102156.46,20304.46
ORD00921,2025-08-22,CUST0803,PROD001,4,0.13,Credit Card,19397,29385.75,102262.41,24674.41
ORD00922,2024-03-31,CUST0246,PROD048,2,0.28,Cash on Delivery,7733,11412.15,16433.5,967.5
ORD00923,2023-05-12,CUST0266,PROD019,5,0.14,Credit Card,26105,40957.02,176115.19,45590.19
ORD00924,2025-07-18,CUST0849,PROD052,4,0.04,Debit Card,20157,31886.84,122445.47,41817.47
ORD00925,2025-08-22,CUST0243,PROD085,3,0.2,UPI,21717,27597.99,66235.18,1084.18
ORD00926,2025-07-17,CUST1694,PROD022,5,0.04,Cash on Delivery,46697,70229.31,337100.69,103615.69
ORD00927,2023-05-01,CUST1324,PROD050,4,0.1,UPI,1097,1640.17,5904.61,1516.61
ORD00928,2024-09-25,CUST1975,PROD066,2,0.07,Credit Card,26705,37408.16,69579.18,16169.18
ORD00929,2025-06-15,CUST1351,PROD006,5,0.16,UPI,17488,21294.99,89438.96,1998.96
ORD00930,2025-02-10,CUST0530,PROD064,5,0.1,UPI,24886,39149.55,176172.98,51742.98
ORD00931,2025-11-28,CUST1619,PROD021,2,0.05,Debit Card,22664,29280.12,55632.23,10304.23
ORD00932,2024-07-19,CUST0847,PROD097,4,0.24,UPI,10894,15365.94,46712.46,3136.46
ORD00933,2024-05-26,CUST1767,PROD019,5,0.14,Debit Card,26105,30248.41,130068.16,-456.84
ORD00934,2023-10-16,CUST1004,PROD091,2,0.14,UPI,15191,20403.26,35093.61,4711.61
ORD00935,2023-07-19,CUST0342,PROD037,4,0.27,Credit Card,49377,70490.72,205832.9,8324.9
ORD00936,2024-06-11,CUST1789,PROD063,3,0.16,Cash on Delivery,48779,64458.13,162434.49,16097.49
ORD00937,2025-07-05,CUST1703,PROD029,1,0.21,Credit Card,23495,32063.58,25330.23,1835.23
ORD00938,2025-12-21,CUST1578,PROD060,3,0.1,Cash on Delivery,7054,8721.65,23548.46,2386.46
ORD00939,2025-03-09,CUST1273,PROD092,3,0.17,UPI,4811,6290.86,15664.24,1231.24
ORD00940,2025-12-01,CUST0760,PROD034,1,0.22,Credit Card,48452,71491.6,55763.45,7311.45
ORD00941,2023-01-12,CUST1974,PROD001,3,0.09,Debit Card,19397,30770.83,84004.37,25813.37
ORD00942,2025-04-12,CUST1404,PROD048,3,0.21,Credit Card,7733,10524.26,24942.5,1743.5
ORD00943,2025-04-20,CUST0798,PROD089,2,0.17,Debit Card,21871,31903.69,52960.13,9218.13
ORD00944,2024-10-04,CUST0532,PROD021,2,0.13,UPI,22664,36019.55,62674.02,17346.02
ORD00945,2023-04-16,CUST1918,PROD034,4,0.21,UPI,48452,72612.9,229456.76,35648.76
ORD00946,2024-11-21,CUST0864,PROD026,5,0.1,Cash on Delivery,1165,1345.06,6052.77,227.77
ORD00947,2024-06-11,CUST1405,PROD036,4,0.21,Credit Card,5763,9053.63,28609.47,5557.47
ORD00948,2025-04-25,CUST0042,PROD099,2,0.17,UPI,42208,64998.42,107897.38,23481.38
ORD00949,2025-06-11,CUST1369,PROD023,2,0.07,Cash on Delivery,14296,18184.52,33823.21,5231.21
ORD00950,2024-01-22,CUST0599,PROD081,1,0.2,Cash on Delivery,2375,2925.28,2340.22,-34.78
ORD00951,2024-04-25,CUST1285,PROD047,1,0.27,UPI,47956,74554.84,54425.03,6469.03
ORD00952,2024-02-12,CUST0306,PROD076,2,0.09,Debit Card,19739,28817.18,52447.27,12969.27
ORD00953,2025-06-16,CUST0809,PROD044,3,0.24,Debit Card,31606,39717.55,90556.01,-4261.99
ORD00954,2024-12-11,CUST0862,PROD020,4,0.1,Cash on Delivery,29671,43653.36,157152.1,38468.1
ORD00955,2024-09-30,CUST1264,PROD027,2,0.25,UPI,33194,47138.84,70708.26,4320.26
ORD00956,2025-11-10,CUST0679,PROD061,2,0.02,Credit Card,13164,16970.33,33261.85,6933.85
ORD00957,2025-03-25,CUST1337,PROD037,1,0.0,Credit Card,49377,69154.85,69154.85,19777.85
ORD00958,2025-07-06,CUST0731,PROD084,4,0.03,Cash on Delivery,6252,8673.21,33652.05,8644.05
ORD00959,2023-07-22,CUST0441,PROD052,4,0.26,Credit Card,20157,27804.53,82301.41,1673.41
ORD00960,2024-02-21,CUST0933,PROD075,5,0.16,UPI,900,1244.53,5227.03,727.03
ORD00961,2024-02-20,CUST0903,PROD092,2,0.18,Credit Card,4811,5533.53,9074.99,-547.01
ORD00962,2023-03-26,CUST0133,PROD062,5,0.25,Credit Card,42867,54479.03,204296.36,-10038.64
ORD00963,2023-06-16,CUST0719,PROD066,1,0.02,UPI,26705,35888.59,35170.82,8465.82
ORD00964,2024-01-19,CUST0051,PROD024,5,0.12,Debit Card,37354,45096.14,198423.02,11653.02
ORD00965,2024-04-12,CUST0618,PROD080,3,0.19,Debit Card,24906,37038.31,90003.09,15285.09
ORD00966,2025-12-31,CUST0392,PROD012,2,0.12,Cash on Delivery,33865,51850.67,91257.18,23527.18
ORD00967,2025-03-20,CUST0696,PROD016,2,0.01,UPI,45432,68965.66,136552.01,45688.01
ORD00968,2025-09-23,CUST1737,PROD036,4,0.2,Debit Card,5763,7819.45,25022.24,1970.24
ORD00969,2024-04-17,CUST0523,PROD002,5,0.12,Credit Card,8668,12662.35,55714.34,12374.34
ORD00970,2025-09-19,CUST1790,PROD089,4,0.01,Cash on Delivery,21871,25908.36,102597.11,15113.11
ORD00971,2023-10-02,CUST0508,PROD062,5,0.05,UPI,42867,53143.44,252431.34,38096.34
ORD00972,2025-11-09,CUST1686,PROD064,5,0.07,UPI,24886,29144.56,135522.2,11092.2
ORD00973,2024-05-04,CUST0354,PROD029,1,0.15,Cash on Delivery,23495,37226.61,31642.62,8147.62
ORD00974,2023-11-22,CUST0867,PROD092,5,0.06,Debit Card,4811,6776.01,31847.25,7792.25
ORD00975,2024-06-12,CUST0973,PROD074,4,0.11,Cash on Delivery,36254,44551.02,158601.63,13585.63
ORD00976,2025-06-10,CUST1419,PROD087,5,0.23,Cash on Delivery,1853,2720.94,10475.62,1210.62
ORD00977,2023-03-30,CUST0956,PROD096,5,0.24,UPI,16906,23163.05,88019.59,3489.59
ORD00978,2024-04-30,CUST0096,PROD031,2,0.24,UPI,15105,20322.51,30890.22,680.22
ORD00979,2024-12-08,CUST0106,PROD083,2,0.21,Credit Card,37036,57815.19,91348.0,17276.0
ORD00980,2023-12-16,CUST1679,PROD015,2,0.16,Cash on Delivery,18761,27554.14,46290.96,8768.96
ORD00981,2024-01-22,CUST0678,PROD055,3,0.17,UPI,44065,64369.99,160281.28,28086.28
ORD00982,2023-03-28,CUST0513,PROD033,2,0.29,UPI,8919,10647.4,15119.31,-2718.69
ORD00983,2023-11-03,CUST1582,PROD081,3,0.26,UPI,2375,2829.61,6281.73,-843.27
ORD00984,2024-03-15,CUST1266,PROD052,3,0.19,UPI,20157,29207.39,70973.96,10502.96
ORD00985,2025-01-09,CUST0856,PROD100,4,0.14,Cash on Delivery,41593,50760.96,174617.7,8245.7
ORD00986,2023-09-21,CUST1963,PROD020,2,0.22,Cash on Delivery,29671,40173.47,62670.61,3328.61
ORD00987,2025-09-03,CUST1512,PROD073,5,0.02,Debit Card,46032,64739.97,317225.85,87065.85
ORD00988,2025-01-04,CUST0790,PROD038,1,0.28,Cash on Delivery,41219,54600.37,39312.27,-1906.73
ORD00989,2024-02-25,CUST0515,PROD003,5,0.16,UPI,7361,8747.22,36738.32,-66.68
ORD00990,2024-05-07,CUST1678,PROD054,2,0.15,Credit Card,39049,57968.55,98546.54,20448.54
ORD00991,2024-09-24,CUST0898,PROD066,5,0.09,Cash on Delivery,26705,41346.4,188126.12,54601.12
ORD00992,2025-09-19,CUST1085,PROD018,2,0.0,Debit Card,34967,42756.16,85512.32,15578.32
ORD00993,2024-02-15,CUST1440,PROD087,2,0.02,Cash on Delivery,1853,2843.14,5572.55,1866.55
ORD00994,2023-06-22,CUST1008,PROD083,5,0.08,UPI,37036,55735.96,256385.42,71205.42
ORD00995,2023-01-04,CUST1318,PROD007,3,0.16,Debit Card,3479,4883.6,12306.67,1869.67
ORD00996,2025-05-03,CUST0737,PROD035,4,0.03,UPI,34337,48698.28,188949.33,51601.33
ORD00997,2025-09-12,CUST0302,PROD084,4,0.29,UPI,6252,9022.92,25625.09,617.09
ORD00998,2025-11-26,CUST1194,PROD084,4,0.12,Cash on Delivery,6252,8666.16,30504.88,5496.88
ORD00999,2024-08-05,CUST0646,PROD083,4,0.09,Cash on Delivery,37036,56663.38,206254.7,58110.7
ORD01000,2025-11-20,CUST1065,PROD080,1,0.16,Debit Card,24906,33955.46,28522.59,3616.59
ORD01001,2024-01-16,CUST0231,PROD085,2,0.02,Debit Card,21717,30320.7,59428.57,15994.57
ORD01002,2025-10-31,CUST1433,PROD093,1,0.26,Debit Card,48575,56664.9,41932.03,-6642.97
ORD01003,2023-12-10,CUST0738,PROD060,4,0.14,Debit Card,7054,8683.7,29871.93,1655.93
ORD01004,2023-06-15,CUST1675,PROD024,4,0.05,Credit Card,37354,58148.98,220966.12,71550.12
ORD01005,2024-11-30,CUST1646,PROD093,5,0.05,Debit Card,48575,58518.66,277963.64,35088.64
ORD01006,2023-12-08,CUST0997,PROD095,4,0.11,Cash on Delivery,3434,5346.13,19032.22,5296.22
ORD01007,2025-11-08,CUST0297,PROD039,2,0.17,Credit Card,46187,66332.2,110111.45,17737.45
ORD01008,2025-09-06,CUST0455,PROD012,4,0.13,UPI,33865,52966.75,184324.29,48864.29
ORD01009,2024-06-28,CUST1081,PROD094,4,0.18,UPI,11294,17126.65,56175.41,10999.41
ORD01010,2025-10-30,CUST0942,PROD053,1,0.21,Debit Card,45509,70055.53,55343.87,9834.87
ORD01011,2023-07-11,CUST1659,PROD064,2,0.22,UPI,24886,34491.31,53806.44,4034.44
ORD01012,2023-11-16,CUST0240,PROD004,3,0.12,Credit Card,42258,64290.66,169727.34,42953.34
ORD01013,2024-08-02,CUST1622,PROD094,5,0.22,Cash on Delivery,11294,15328.64,59781.7,3311.7
ORD01014,2024-04-19,CUST1200,PROD005,3,0.04,Cash on Delivery,14250,16670.76,48011.79,5261.79
ORD01015,2024-09-28,CUST1087,PROD016,1,0.15,Credit Card,45432,65563.43,55728.92,10296.92
ORD01016,2024-03-02,CUST0551,PROD027,4,0.02,Debit Card,33194,49054.22,192292.54,59516.54
ORD01017,2025-12-18,CUST0138,PROD004,5,0.07,Debit Card,42258,50527.76,234954.08,23664.08
ORD01018,2023-04-07,CUST0454,PROD072,2,0.17,Debit Card,16543,25098.35,41663.26,8577.26
ORD01019,2024-05-10,CUST1777,PROD048,5,0.22,Credit Card,7733,9154.54,35702.71,-2962.29
ORD01020,2024-10-22,CUST1473,PROD008,1,0.03,Debit Card,24024,32401.8,31429.75,7405.75
ORD01021,2023-01-09,CUST1250,PROD081,4,0.06,Cash on Delivery,2375,3252.72,12230.23,2730.23
ORD01022,2024-04-01,CUST0443,PROD046,1,0.3,Credit Card,11014,12848.28,8993.8,-2020.2
ORD01023,2023-09-30,CUST1230,PROD044,2,0.1,Credit Card,31606,37282.82,67109.08,3897.08
ORD01024,2025-07-28,CUST1700,PROD067,3,0.09,UPI,26070,35267.23,96279.54,18069.54
ORD01025,2025-10-28,CUST0027,PROD091,4,0.03,UPI,15191,19597.39,76037.87,15273.87
ORD01026,2023-07-27,CUST0457,PROD052,4,0.21,Debit Card,20157,30581.36,96637.1,16009.1
ORD01027,2025-11-22,CUST0695,PROD034,1,0.15,Debit Card,48452,64743.24,55031.75,6579.75
ORD01028,2023-07-23,CUST0710,PROD062,1,0.05,Cash on Delivery,42867,51332.68,48766.05,5899.05
ORD01029,2024-06-01,CUST0849,PROD021,1,0.19,Debit Card,22664,27673.77,22415.75,-248.25
ORD01030,2024-05-31,CUST0949,PROD024,4,0.16,Cash on Delivery,37354,54277.71,182373.11,32957.11
ORD01031,2024-03-18,CUST0107,PROD044,1,0.17,Debit Card,31606,49859.39,41383.29,9777.29
ORD01032,2024-11-19,CUST0444,PROD041,5,0.3,Cash on Delivery,37776,58224.86,203787.01,14907.01
ORD01033,2025-04-29,CUST1725,PROD029,5,0.01,Credit Card,23495,28388.36,140522.38,23047.38
ORD01034,2025-04-12,CUST0036,PROD006,5,0.27,Cash on Delivery,17488,20240.01,73876.04,-13563.96
ORD01035,2023-12-05,CUST0597,PROD056,4,0.25,Debit Card,6756,7849.78,23549.34,-3474.66
ORD01036,2024-01-22,CUST0155,PROD014,1,0.12,UPI,6122,8568.85,7540.59,1418.59
ORD01037,2025-11-14,CUST1193,PROD050,2,0.26,Debit Card,1097,1501.41,2222.09,28.09
ORD01038,2024-05-20,CUST0796,PROD078,1,0.19,Credit Card,3912,4522.38,3663.13,-248.87
ORD01039,2024-11-10,CUST0272,PROD052,4,0.27,UPI,20157,23698.69,69200.17,-11427.83
ORD01040,2024-11-20,CUST1571,PROD088,5,0.18,Cash on Delivery,27486,43974.56,180295.7,42865.7
ORD01041,2025-06-03,CUST1444,PROD077,4,0.06,UPI,10916,17293.38,65023.11,21359.11
ORD01042,2024-09-14,CUST1208,PROD001,1,0.17,Debit Card,19397,23412.69,19432.53,35.53
ORD01043,2025-06-11,CUST1635,PROD012,4,0.05,UPI,33865,41445.51,157492.94,22032.94
ORD01044,2025-08-10,CUST1261,PROD024,2,0.04,UPI,37354,58088.21,111529.36,36821.36
ORD01045,2025-02-22,CUST1939,PROD037,4,0.2,Debit Card,49377,68058.68,217787.78,20279.78
ORD01046,2024-05-09,CUST1533,PROD084,3,0.28,Debit Card,6252,9884.97,21351.54,2595.54
ORD01047,2025-11-27,CUST1465,PROD070,4,0.18,Credit Card,39873,55190.33,181024.28,21532.28
ORD01048,2025-01-16,CUST0981,PROD076,1,0.24,UPI,19739,27827.07,21148.57,1409.57
ORD01049,2024-03-12,CUST0122,PROD085,3,0.05,Cash on Delivery,21717,27125.86,77308.7,12157.7
ORD01050,2023-12-11,CUST1441,PROD003,5,0.2,Debit Card,7361,11367.11,45468.44,8663.44
ORD01051,2024-07-03,CUST1559,PROD027,1,0.22,UPI,33194,50496.41,39387.2,6193.2
ORD01052,2025-03-30,CUST1399,PROD053,2,0.01,Debit Card,45509,59245.45,117305.99,26287.99
ORD01053,2024-06-24,CUST1599,PROD100,4,0.03,Credit Card,41593,59293.64,230059.32,63687.32
ORD01054,2023-05-24,CUST1350,PROD017,4,0.23,Debit Card,28919,37700.23,116116.71,440.71
ORD01055,2024-08-10,CUST1504,PROD015,1,0.13,Debit Card,18761,25492.18,22178.2,3417.2
ORD01056,2024-10-18,CUST0150,PROD039,4,0.12,Credit Card,46187,70855.39,249410.97,64662.97
ORD01057,2023-12-11,CUST0707,PROD004,4,0.28,Debit Card,42258,56496.41,162709.66,-6322.34
ORD01058,2024-11-26,CUST0995,PROD017,5,0.3,Credit Card,28919,44195.59,154684.56,10089.56
ORD01059,2023-09-25,CUST1616,PROD011,4,0.23,UPI,23684,37469.42,115405.81,20669.81
ORD01060,2023-06-18,CUST1514,PROD012,4,0.24,UPI,33865,45289.52,137680.14,2220.14
ORD01061,2023-02-02,CUST1851,PROD032,5,0.06,UPI,17963,27750.85,130429.0,40614.0
ORD01062,2024-01-12,CUST0153,PROD027,4,0.06,Cash on Delivery,33194,42713.79,160603.85,27827.85
ORD01063,2024-01-28,CUST1041,PROD044,5,0.29,Debit Card,31606,36387.64,129176.12,-28853.88
ORD01064,2024-05-03,CUST0551,PROD043,2,0.21,Credit Card,1019,1210.59,1912.73,-125.27
ORD01065,2024-12-22,CUST0845,PROD091,4,0.21,Debit Card,15191,22508.44,71126.67,10362.67
ORD01066,2025-08-03,CUST1372,PROD049,1,0.09,Cash on Delivery,1602,1914.52,1742.21,140.21
ORD01067,2025-11-18,CUST1483,PROD093,3,0.27,Debit Card,48575,76390.11,167294.34,21569.34
ORD01068,2023-02-08,CUST1226,PROD073,2,0.01,Cash on Delivery,46032,70887.48,140357.21,48293.21
ORD01069,2025-11-06,CUST1447,PROD043,4,0.08,Debit Card,1019,1407.93,5181.18,1105.18
ORD01070,2025-12-15,CUST0280,PROD003,1,0.05,Cash on Delivery,7361,10391.37,9871.8,2510.8
ORD01071,2023-08-14,CUST0422,PROD029,3,0.21,Credit Card,23495,34360.42,81434.2,10949.2
ORD01072,2023-03-08,CUST1624,PROD085,5,0.21,Debit Card,21717,32123.3,126887.04,18302.04
ORD01073,2025-04-14,CUST0993,PROD035,4,0.16,Debit Card,34337,47077.5,158180.4,20832.4
ORD01074,2025-11-12,CUST1489,PROD048,5,0.0,Credit Card,7733,9983.54,49917.7,11252.7
ORD01075,2025-09-25,CUST1977,PROD074,2,0.26,Credit Card,36254,56542.03,83682.2,11174.2
ORD01076,2023-08-25,CUST1836,PROD087,3,0.29,UPI,1853,2169.78,4621.63,-937.37
ORD01077,2025-08-14,CUST0804,PROD039,3,0.06,Cash on Delivery,46187,60515.96,170655.01,32094.01
ORD01078,2025-07-07,CUST0355,PROD089,5,0.25,Credit Card,21871,31711.37,118917.64,9562.64
ORD01079,2024-04-17,CUST1606,PROD024,5,0.29,UPI,37354,57935.39,205670.63,18900.63
ORD01080,2024-07-06,CUST0378,PROD020,2,0.1,Cash on Delivery,29671,35112.69,63202.84,3860.84
ORD01081,2024-11-25,CUST1148,PROD015,1,0.06,UPI,18761,27138.34,25510.04,6749.04
ORD01082,2023-11-13,CUST0080,PROD085,4,0.29,Debit Card,21717,29734.58,84446.21,-2421.79
ORD01083,2024-08-20,CUST1581,PROD076,1,0.02,Cash on Delivery,19739,28797.62,28221.67,8482.67
ORD01084,2025-02-06,CUST0988,PROD018,3,0.08,Debit Card,34967,45203.28,124761.05,19860.05
ORD01085,2025-06-04,CUST0233,PROD060,4,0.22,Debit Card,7054,10368.08,32348.41,4132.41
ORD01086,2024-07-14,CUST1504,PROD087,2,0.19,Debit Card,1853,2281.26,3695.64,-10.36
ORD01087,2023-09-15,CUST0154,PROD093,1,0.21,Debit Card,48575,72810.52,57520.31,8945.31
ORD01088,2025-01-26,CUST0907,PROD041,1,0.21,Debit Card,37776,56180.74,44382.78,6606.78
ORD01089,2023-05-03,CUST1716,PROD100,4,0.21,Debit Card,41593,65552.81,207146.88,40774.88
ORD01090,2023-12-08,CUST1433,PROD069,2,0.1,UPI,21682,26624.43,47923.97,4559.97
ORD01091,2025-12-18,CUST1055,PROD090,2,0.09,UPI,39865,58796.86,107010.29,27280.29
ORD01092,2023-09-17,CUST1621,PROD075,1,0.13,Cash on Delivery,900,1165.67,1014.13,114.13
ORD01093,2023-04-05,CUST1581,PROD011,1,0.24,Cash on Delivery,23684,30240.57,22982.83,-701.17
ORD01094,2023-02-10,CUST1527,PROD056,5,0.28,Cash on Delivery,6756,8990.33,32365.19,-1414.81
ORD01095,2023-09-11,CUST0371,PROD018,4,0.14,Debit Card,34967,44699.74,153767.11,13899.11
ORD01096,2023-01-07,CUST0323,PROD012,2,0.03,Debit Card,33865,42727.03,82890.44,15160.44
ORD01097,2024-12-28,CUST0332,PROD016,3,0.28,UPI,45432,67955.98,146784.92,10488.92
ORD01098,2023-03-10,CUST0243,PROD027,4,0.02,UPI,33194,48621.79,190597.42,57821.42
ORD01099,2024-06-25,CUST1576,PROD100,5,0.05,Cash on Delivery,41593,49878.8,236924.3,28959.3
ORD01100,2023-03-30,CUST0430,PROD017,4,0.26,Credit Card,28919,40546.8,120018.53,4342.53
ORD01101,2023-08-01,CUST1206,PROD085,1,0.17,Credit Card,21717,28209.32,23413.74,1696.74
ORD01102,2025-04-13,CUST0809,PROD031,4,0.11,Debit Card,15105,23971.12,85337.19,24917.19
ORD01103,2023-09-23,CUST1497,PROD035,4,0.28,Debit Card,34337,46055.16,132638.86,-4709.14
ORD01104,2025-06-30,CUST0376,PROD027,4,0.29,Debit Card,33194,38779.16,110132.81,-22643.19
ORD01105,2023-10-20,CUST0081,PROD087,3,0.1,UPI,1853,2407.55,6500.38,941.38
ORD01106,2023-11-29,CUST1574,PROD032,5,0.26,Debit Card,17963,23185.18,85785.17,-4029.83
ORD01107,2025-10-01,CUST1892,PROD017,4,0.2,Debit Card,28919,33330.18,106656.58,-9019.42
ORD01108,2023-02-16,CUST0420,PROD011,4,0.08,Debit Card,23684,32435.29,119361.87,24625.87
ORD01109,2024-09-13,CUST0467,PROD001,3,0.28,Credit Card,19397,30212.93,65259.93,7068.93
ORD01110,2024-03-02,CUST1452,PROD092,2,0.02,Credit Card,4811,7269.62,14248.46,4626.46
ORD01111,2023-07-29,CUST1081,PROD082,4,0.1,Cash on Delivery,37566,54774.76,197189.14,46925.14
ORD01112,2025-06-06,CUST1346,PROD049,4,0.12,Debit Card,1602,2089.95,7356.62,948.62
ORD01113,2023-06-03,CUST1566,PROD041,2,0.21,UPI,37776,47385.6,74869.25,-682.75
ORD01114,2024-02-19,CUST1519,PROD020,4,0.01,Credit Card,29671,38696.25,153237.15,34553.15
ORD01115,2025-02-07,CUST1290,PROD071,4,0.27,Cash on Delivery,43519,52456.79,153173.83,-20902.17
ORD01116,2025-09-09,CUST1251,PROD037,4,0.2,Debit Card,49377,58994.15,188781.28,-8726.72
ORD01117,2024-08-01,CUST0829,PROD016,5,0.08,Credit Card,45432,63992.78,294366.79,67206.79
ORD01118,2025-01-09,CUST1983,PROD039,1,0.2,UPI,46187,70033.22,56026.58,9839.58
ORD01119,2023-06-12,CUST0804,PROD045,5,0.16,UPI,45004,53767.44,225823.25,803.25
ORD01120,2025-11-04,CUST1078,PROD064,2,0.1,UPI,24886,32372.56,58270.61,8498.61
ORD01121,2023-07-14,CUST1633,PROD047,5,0.01,UPI,47956,57798.46,286102.38,46322.38
ORD01122,2024-06-25,CUST1985,PROD023,5,0.17,Debit Card,14296,18437.78,76516.79,5036.79
ORD01123,2023-12-25,CUST0978,PROD032,3,0.02,Cash on Delivery,17963,27368.76,80464.15,26575.15
ORD01124,2025-04-29,CUST0004,PROD049,2,0.24,Cash on Delivery,1602,1867.42,2838.48,-365.52
ORD01125,2024-03-02,CUST1463,PROD081,2,0.03,UPI,2375,3422.96,6640.54,1890.54
ORD01126,2024-05-11,CUST1334,PROD019,2,0.13,Debit Card,26105,30723.67,53459.19,1249.19
ORD01127,2025-04-07,CUST1903,PROD098,5,0.13,Cash on Delivery,27372,36731.74,159783.07,22923.07
ORD01128,2024-04-30,CUST0603,PROD078,2,0.17,Cash on Delivery,3912,5333.32,8853.31,1029.31
ORD01129,2023-11-26,CUST1113,PROD067,3,0.01,Cash on Delivery,26070,34690.82,103031.74,24821.74
ORD01130,2025-06-07,CUST0320,PROD039,4,0.06,UPI,46187,66362.57,249523.26,64775.26
ORD01131,2025-09-17,CUST1399,PROD089,5,0.06,Debit Card,21871,34734.4,163251.68,53896.68
ORD01132,2023-09-16,CUST1628,PROD060,4,0.18,UPI,7054,8960.59,29390.74,1174.74
ORD01133,2023-10-19,CUST0501,PROD011,4,0.08,Debit Card,23684,33735.4,124146.27,29410.27
ORD01134,2023-05-23,CUST1686,PROD049,5,0.04,Credit Card,1602,2098.2,10071.36,2061.36
ORD01135,2025-01-16,CUST1258,PROD015,5,0.01,Debit Card,18761,30013.38,148566.23,54761.23
ORD01136,2024-09-18,CUST1945,PROD083,2,0.25,Debit Card,37036,58440.9,87661.35,13589.35
ORD01137,2023-03-31,CUST1361,PROD061,3,0.29,UPI,13164,15691.9,33423.75,-6068.25
ORD01138,2024-12-20,CUST0571,PROD043,5,0.21,UPI,1019,1618.29,6392.25,1297.25
ORD01139,2024-04-25,CUST0185,PROD015,4,0.12,Credit Card,18761,27807.97,97884.05,22840.05
ORD01140,2023-03-25,CUST1462,PROD079,5,0.04,UPI,16940,27045.64,129819.07,45119.07
ORD01141,2024-11-03,CUST0556,PROD079,3,0.14,Debit Card,16940,25357.96,65423.54,14603.54
ORD01142,2024-05-31,CUST1204,PROD073,1,0.14,Cash on Delivery,46032,55607.58,47822.52,1790.52
ORD01143,2024-04-29,CUST1100,PROD005,4,0.13,UPI,14250,21199.88,73775.58,16775.58
ORD01144,2025-02-20,CUST1680,PROD083,1,0.11,Cash on Delivery,37036,54701.52,48684.35,11648.35
ORD01145,2023-04-14,CUST1637,PROD088,1,0.15,Cash on Delivery,27486,33671.2,28620.52,1134.52
ORD01146,2023-12-05,CUST0893,PROD029,3,0.02,Cash on Delivery,23495,34982.36,102848.14,32363.14
ORD01147,2024-11-17,CUST1296,PROD062,5,0.01,UPI,42867,62313.51,308451.87,94116.87
ORD01148,2025-06-18,CUST0055,PROD060,1,0.02,Debit Card,7054,11268.76,11043.38,3989.38
ORD01149,2024-08-29,CUST1725,PROD069,2,0.06,Cash on Delivery,21682,30971.28,58226.01,14862.01
ORD01150,2023-08-11,CUST0863,PROD022,5,0.08,Credit Card,46697,62414.01,287104.45,53619.45
ORD01151,2025-10-29,CUST1871,PROD013,4,0.05,UPI,24204,38224.45,145252.91,48436.91
ORD01152,2025-12-12,CUST0077,PROD050,5,0.08,Cash on Delivery,1097,1571.48,7228.81,1743.81
ORD01153,2024-05-17,CUST0296,PROD047,3,0.06,Cash on Delivery,47956,62672.95,176737.72,32869.72
ORD01154,2025-04-01,CUST1243,PROD029,3,0.05,UPI,23495,27241.76,77639.02,7154.02
ORD01155,2024-09-15,CUST1301,PROD080,4,0.09,Debit Card,24906,37122.09,135124.41,35500.41
ORD01156,2023-06-14,CUST1602,PROD100,4,0.12,Credit Card,41593,50069.1,176243.23,9871.23
ORD01157,2025-11-16,CUST1672,PROD017,4,0.22,Cash on Delivery,28919,45277.07,141264.46,25588.46
ORD01158,2025-12-29,CUST0746,PROD020,3,0.29,Credit Card,29671,46958.1,100020.75,11007.75
ORD01159,2023-01-19,CUST1735,PROD078,5,0.28,UPI,3912,4915.0,17694.0,-1866.0
ORD01160,2025-11-11,CUST1290,PROD006,1,0.14,Debit Card,17488,20998.93,18059.08,571.08
ORD01161,2025-09-15,CUST1977,PROD022,1,0.14,UPI,46697,66211.4,56941.8,10244.8
ORD01162,2024-03-25,CUST0900,PROD009,2,0.04,Debit Card,7565,9427.35,18100.51,2970.51
ORD01163,2024-07-05,CUST0043,PROD032,3,0.29,Cash on Delivery,17963,25037.33,53329.51,-559.49
ORD01164,2025-12-07,CUST1385,PROD088,4,0.23,Cash on Delivery,27486,36732.07,113134.78,3190.78
ORD01165,2024-11-25,CUST1252,PROD033,5,0.25,Cash on Delivery,8919,13435.68,50383.8,5788.8
ORD01166,2024-08-09,CUST0227,PROD077,3,0.07,Debit Card,10916,17464.92,48727.13,15979.13
ORD01167,2024-12-21,CUST1087,PROD099,2,0.12,UPI,42208,57215.56,100699.39,16283.39
ORD01168,2023-04-17,CUST0171,PROD070,1,0.03,Cash on Delivery,39873,58145.12,56400.77,16527.77
ORD01169,2025-02-14,CUST0963,PROD049,5,0.28,Debit Card,1602,2088.71,7519.36,-490.64
ORD01170,2025-06-16,CUST0762,PROD030,1,0.09,Cash on Delivery,27284,41966.22,38189.26,10905.26
ORD01171,2023-12-02,CUST0850,PROD016,5,0.18,UPI,45432,53002.27,217309.31,-9850.69
ORD01172,2024-08-29,CUST1786,PROD065,4,0.05,Credit Card,5346,7335.17,27873.65,6489.65
ORD01173,2025-04-17,CUST0307,PROD082,5,0.24,Credit Card,37566,46189.24,175519.11,-12310.89
ORD01174,2024-08-24,CUST1774,PROD086,4,0.06,UPI,12989,15971.01,60051.0,8095.0
ORD01175,2024-02-07,CUST0568,PROD090,3,0.24,Cash on Delivery,39865,55406.29,126326.34,6731.34
ORD01176,2024-06-23,CUST1707,PROD014,1,0.12,Cash on Delivery,6122,7888.26,6941.67,819.67
ORD01177,2025-12-31,CUST1944,PROD056,5,0.17,Credit Card,6756,9164.87,38034.21,4254.21
ORD01178,2023-01-24,CUST0992,PROD037,5,0.08,Credit Card,49377,63575.21,292445.97,45560.97
ORD01179,2024-09-15,CUST0034,PROD049,2,0.26,Credit Card,1602,2170.36,3212.13,8.13
ORD01180,2025-12-15,CUST0827,PROD078,1,0.23,Credit Card,3912,5002.13,3851.64,-60.36
ORD01181,2025-09-12,CUST1666,PROD090,3,0.11,Debit Card,39865,60259.86,160893.83,41298.83
ORD01182,2023-08-11,CUST0130,PROD050,4,0.18,UPI,1097,1536.92,5041.1,653.1
ORD01183,2023-06-28,CUST1418,PROD036,3,0.04,Cash on Delivery,5763,7046.1,20292.77,3003.77
ORD01184,2025-03-10,CUST1175,PROD052,2,0.05,Cash on Delivery,20157,23257.27,44188.81,3874.81
ORD01185,2024-03-09,CUST0655,PROD023,3,0.16,UPI,14296,16552.95,41713.43,-1174.57
ORD01186,2025-03-03,CUST0630,PROD066,4,0.19,Cash on Delivery,26705,35778.31,115921.72,9101.72
ORD01187,2025-06-02,CUST1740,PROD071,1,0.17,Cash on Delivery,43519,56198.41,46644.68,3125.68
ORD01188,2024-05-06,CUST1408,PROD045,2,0.17,Credit Card,45004,57062.82,94724.28,4716.28
ORD01189,2025-03-20,CUST1771,PROD086,5,0.22,Cash on Delivery,12989,18578.38,72455.68,7510.68
ORD01190,2025-08-18,CUST1041,PROD028,5,0.27,UPI,24730,37489.18,136835.51,13185.51
ORD01191,2024-02-24,CUST0594,PROD020,1,0.12,UPI,29671,34967.9,30771.75,1100.75
ORD01192,2024-10-10,CUST1038,PROD049,3,0.16,UPI,1602,1921.58,4842.38,36.38
ORD01193,2024-04-20,CUST0081,PROD057,5,0.27,Cash on Delivery,43648,57437.96,209648.55,-8591.45
ORD01194,2023-06-19,CUST1231,PROD082,2,0.14,Debit Card,37566,50664.1,87142.25,12010.25
ORD01195,2023-06-23,CUST0204,PROD088,4,0.13,Credit Card,27486,36497.38,127010.88,17066.88
ORD01196,2024-04-14,CUST1403,PROD097,3,0.23,UPI,10894,15658.89,36172.04,3490.04
ORD01197,2023-12-11,CUST1808,PROD059,4,0.26,Debit Card,42048,50005.45,148016.13,-20175.87
ORD01198,2024-03-20,CUST1568,PROD026,3,0.22,Cash on Delivery,1165,1599.11,3741.92,246.92
ORD01199,2025-11-07,CUST0023,PROD019,2,0.03,Credit Card,26105,39556.52,76739.65,24529.65
ORD01200,2025-12-29,CUST0614,PROD013,4,0.14,Debit Card,24204,37947.19,130538.33,33722.33
ORD01201,2024-09-19,CUST1186,PROD074,2,0.06,Cash on Delivery,36254,50834.25,95568.39,23060.39
ORD01202,2024-08-14,CUST1634,PROD062,4,0.1,Cash on Delivery,42867,51967.28,187082.21,15614.21
ORD01203,2024-06-10,CUST0144,PROD014,3,0.14,Debit Card,6122,9044.41,23334.58,4968.58
ORD01204,2024-03-31,CUST1954,PROD073,2,0.07,Debit Card,46032,69432.33,129144.13,37080.13
ORD01205,2025-03-21,CUST0104,PROD011,3,0.15,UPI,23684,29328.63,74788.01,3736.01
ORD01206,2023-07-07,CUST1406,PROD067,3,0.19,Credit Card,26070,37928.65,92166.62,13956.62
ORD01207,2025-10-17,CUST1479,PROD012,4,0.26,Credit Card,33865,53125.1,157250.3,21790.3
ORD01208,2024-12-11,CUST1441,PROD035,4,0.06,UPI,34337,50594.84,190236.6,52888.6
ORD01209,2024-06-12,CUST0324,PROD039,2,0.09,Credit Card,46187,61752.28,112389.15,20015.15
ORD01210,2024-03-09,CUST1195,PROD032,5,0.12,Credit Card,17963,24236.46,106640.42,16825.42
ORD01211,2023-10-15,CUST0576,PROD014,1,0.07,Cash on Delivery,6122,7259.47,6751.31,629.31
ORD01212,2024-05-13,CUST1780,PROD065,4,0.1,Debit Card,5346,7413.57,26688.85,5304.85
ORD01213,2023-10-30,CUST1607,PROD027,3,0.27,UPI,33194,50163.04,109857.06,10275.06
ORD01214,2023-03-28,CUST0274,PROD060,1,0.04,Debit Card,7054,11218.14,10769.41,3715.41
ORD01215,2025-04-09,CUST0452,PROD043,2,0.13,Credit Card,1019,1354.95,2357.61,319.61
ORD01216,2024-03-13,CUST0881,PROD065,1,0.09,Credit Card,5346,7195.26,6547.69,1201.69
ORD01217,2024-06-24,CUST0125,PROD055,1,0.02,UPI,44065,51760.68,50725.47,6660.47
ORD01218,2025-11-11,CUST1407,PROD093,5,0.03,Debit Card,48575,72804.43,353101.49,110226.49
ORD01219,2025-04-12,CUST0317,PROD088,5,0.24,Cash on Delivery,27486,40473.02,153797.48,16367.48
ORD01220,2025-03-07,CUST1867,PROD081,1,0.26,Debit Card,2375,3161.88,2339.79,-35.21
ORD01221,2024-07-13,CUST0107,PROD035,5,0.22,Debit Card,34337,50447.03,196743.42,25058.42
ORD01222,2025-01-31,CUST1684,PROD095,5,0.16,UPI,3434,4911.86,20629.81,3459.81
ORD01223,2024-04-11,CUST0907,PROD032,1,0.23,Cash on Delivery,17963,26873.49,20692.59,2729.59
ORD01224,2024-11-05,CUST1487,PROD019,4,0.05,Debit Card,26105,33711.06,128102.03,23682.03
ORD01225,2024-11-15,CUST0430,PROD095,5,0.23,Debit Card,3434,4954.81,19076.02,1906.02
ORD01226,2023-05-18,CUST0704,PROD039,1,0.13,Credit Card,46187,66118.06,57522.71,11335.71
ORD01227,2024-07-31,CUST1361,PROD020,4,0.23,Credit Card,29671,35329.87,108816.0,-9868.0
ORD01228,2024-12-10,CUST1762,PROD028,5,0.07,Cash on Delivery,24730,31566.08,146782.27,23132.27
ORD01229,2023-08-16,CUST1778,PROD003,1,0.25,Debit Card,7361,11314.52,8485.89,1124.89
ORD01230,2023-10-08,CUST1520,PROD032,5,0.17,Debit Card,17963,21919.52,90966.01,1151.01
ORD01231,2024-11-14,CUST0972,PROD086,4,0.0,Credit Card,12989,17155.92,68623.68,16667.68
ORD01232,2025-04-07,CUST0362,PROD058,1,0.16,Cash on Delivery,29901,37416.8,31430.11,1529.11
ORD01233,2024-03-06,CUST0796,PROD054,4,0.09,UPI,39049,47369.7,172425.71,16229.71
ORD01234,2025-11-29,CUST0432,PROD042,3,0.02,Credit Card,35023,42426.34,124733.44,19664.44
ORD01235,2023-10-29,CUST0675,PROD015,2,0.13,Debit Card,18761,24512.74,42652.17,5130.17
ORD01236,2024-06-16,CUST1544,PROD083,3,0.09,UPI,37036,55982.25,152831.54,41723.54
ORD01237,2025-02-07,CUST0859,PROD062,5,0.06,Debit Card,42867,67937.43,319305.92,104970.92
ORD01238,2024-03-19,CUST1430,PROD031,4,0.1,Debit Card,15105,21257.67,76527.61,16107.61
ORD01239,2025-11-22,CUST1014,PROD061,1,0.05,Debit Card,13164,18901.54,17956.46,4792.46
ORD01240,2023-09-17,CUST1401,PROD026,4,0.09,Cash on Delivery,1165,1748.01,6362.76,1702.76
ORD01241,2025-01-08,CUST1176,PROD069,5,0.03,UPI,21682,31391.43,152248.44,43838.44
ORD01242,2025-03-06,CUST1346,PROD057,1,0.03,Debit Card,43648,66857.59,64851.86,21203.86
ORD01243,2023-03-11,CUST1631,PROD020,3,0.27,Cash on Delivery,29671,45925.46,100576.76,11563.76
ORD01244,2025-09-09,CUST1238,PROD066,4,0.27,UPI,26705,38254.07,111701.88,4881.88
ORD01245,2024-04-25,CUST0576,PROD021,2,0.25,Credit Card,22664,31500.2,47250.3,1922.3
ORD01246,2023-01-24,CUST1089,PROD060,5,0.07,Cash on Delivery,7054,9353.41,43493.36,8223.36
ORD01247,2025-08-22,CUST0893,PROD063,5,0.22,UPI,48779,66227.8,258288.42,14393.42
ORD01248,2025-01-15,CUST0270,PROD051,4,0.18,Debit Card,47215,61637.11,202169.72,13309.72
ORD01249,2025-04-24,CUST1561,PROD100,3,0.02,Debit Card,41593,55823.41,164120.83,39341.83
ORD01250,2023-11-21,CUST1124,PROD092,3,0.27,Cash on Delivery,4811,7480.48,16382.25,1949.25
ORD01251,2025-03-08,CUST1129,PROD084,2,0.3,Credit Card,6252,9925.47,13895.66,1391.66
ORD01252,2023-01-18,CUST1155,PROD039,2,0.21,Cash on Delivery,46187,60629.22,95794.17,3420.17
ORD01253,2023-02-13,CUST1413,PROD100,4,0.07,Credit Card,41593,51960.7,193293.8,26921.8
ORD01254,2023-06-04,CUST1345,PROD011,1,0.17,Credit Card,23684,28069.94,23298.05,-385.95
ORD01255,2025-05-16,CUST0438,PROD057,3,0.03,Cash on Delivery,43648,66633.86,193904.53,62960.53
ORD01256,2025-07-10,CUST1043,PROD003,1,0.09,Cash on Delivery,7361,11349.19,10327.76,2966.76
ORD01257,2025-01-12,CUST0225,PROD037,1,0.22,Cash on Delivery,49377,66792.88,52098.45,2721.45
ORD01258,2023-08-13,CUST1642,PROD084,4,0.09,UPI,6252,8715.84,31725.66,6717.66
ORD01259,2023-08-05,CUST1590,PROD096,2,0.04,UPI,16906,25070.24,48134.86,14322.86
ORD01260,2023-01-31,CUST0990,PROD025,1,0.0,Cash on Delivery,31820,41974.83,41974.83,10154.83
ORD01261,2025-12-18,CUST0460,PROD021,4,0.17,UPI,22664,28118.56,93353.62,2697.62
ORD01262,2025-06-16,CUST0394,PROD080,2,0.29,UPI,24906,29927.23,42496.67,-7315.33
ORD01263,2025-07-23,CUST1250,PROD042,1,0.15,Credit Card,35023,43983.93,37386.34,2363.34
ORD01264,2024-03-20,CUST0912,PROD001,1,0.06,Debit Card,19397,27939.44,26263.07,6866.07
ORD01265,2024-06-13,CUST1384,PROD023,2,0.14,Debit Card,14296,18677.13,32124.66,3532.66
ORD01266,2025-01-07,CUST1454,PROD024,2,0.18,UPI,37354,57542.59,94369.85,19661.85
ORD01267,2025-05-23,CUST1949,PROD047,5,0.24,Credit Card,47956,57038.63,216746.79,-23033.21
ORD01268,2024-07-19,CUST0015,PROD089,5,0.14,Cash on Delivery,21871,29249.54,125773.02,16418.02
ORD01269,2023-03-17,CUST0560,PROD007,4,0.05,Credit Card,3479,4403.14,16731.93,2815.93
ORD01270,2024-06-30,CUST1675,PROD038,4,0.06,Credit Card,41219,63867.34,240141.2,75265.2
ORD01271,2023-09-24,CUST1004,PROD047,3,0.27,Debit Card,47956,72547.65,158879.35,15011.35
ORD01272,2023-11-13,CUST1570,PROD035,5,0.07,Cash on Delivery,34337,54696.74,254339.84,82654.84
ORD01273,2023-01-25,CUST1956,PROD078,2,0.22,Debit Card,3912,4708.77,7345.68,-478.32
ORD01274,2023-06-09,CUST0414,PROD062,5,0.08,UPI,42867,64386.65,296178.59,81843.59
ORD01275,2024-08-18,CUST1379,PROD073,4,0.22,Debit Card,46032,55543.95,173297.12,-10830.88
ORD01276,2025-06-18,CUST1481,PROD003,4,0.02,Credit Card,7361,8978.66,35196.35,5752.35
ORD01277,2024-05-16,CUST1746,PROD020,4,0.06,Cash on Delivery,29671,34644.93,130264.94,11580.94
ORD01278,2025-10-09,CUST1555,PROD097,2,0.12,Cash on Delivery,10894,14806.24,26058.98,4270.98
ORD01279,2024-12-03,CUST0999,PROD044,1,0.15,Cash on Delivery,31606,38137.28,32416.69,810.69
ORD01280,2023-01-01,CUST1220,PROD032,4,0.11,Debit Card,17963,23473.29,83564.91,11712.91
ORD01281,2025-01-10,CUST1862,PROD100,5,0.17,Debit Card,41593,53001.53,219956.35,11991.35
ORD01282,2023-11-16,CUST0115,PROD026,1,0.1,Debit Card,1165,1851.6,1666.44,501.44
ORD01283,2024-01-17,CUST1441,PROD048,5,0.2,UPI,7733,11183.61,44734.44,6069.44
ORD01284,2025-06-16,CUST1376,PROD005,4,0.15,Debit Card,14250,19019.55,64666.47,7666.47
ORD01285,2024-12-17,CUST0976,PROD059,2,0.21,UPI,42048,64976.95,102663.58,18567.58
ORD01286,2023-11-03,CUST1099,PROD061,1,0.13,Debit Card,13164,15516.8,13499.62,335.62
ORD01287,2024-01-26,CUST1686,PROD049,1,0.26,UPI,1602,2083.27,1541.62,-60.38
ORD01288,2025-09-16,CUST0036,PROD030,4,0.11,Credit Card,27284,37694.67,134193.03,25057.03
ORD01289,2023-10-25,CUST0242,PROD017,4,0.09,Credit Card,28919,33957.96,123606.97,7930.97
ORD01290,2023-08-21,CUST1687,PROD070,4,0.17,Cash on Delivery,39873,48471.07,160923.95,1431.95
ORD01291,2023-09-28,CUST0063,PROD058,3,0.15,Credit Card,29901,46429.42,118395.02,28692.02
ORD01292,2025-12-19,CUST0666,PROD063,2,0.16,Cash on Delivery,48779,60038.74,100865.08,3307.08
ORD01293,2024-11-07,CUST0509,PROD061,2,0.24,UPI,13164,20598.31,31309.43,4981.43
ORD01294,2024-12-06,CUST0188,PROD063,4,0.18,Cash on Delivery,48779,58204.64,190911.22,-4204.78
ORD01295,2023-08-22,CUST0735,PROD015,3,0.27,Credit Card,18761,29073.86,63671.75,7388.75
ORD01296,2025-04-24,CUST0093,PROD001,4,0.19,UPI,19397,26266.84,85104.56,7516.56
ORD01297,2024-05-05,CUST0005,PROD013,4,0.01,Cash on Delivery,24204,34078.49,134950.82,38134.82
ORD01298,2024-05-17,CUST1462,PROD048,2,0.26,UPI,7733,9872.95,14611.97,-854.03
ORD01299,2025-06-08,CUST1190,PROD034,3,0.25,UPI,48452,61679.53,138778.94,-6577.06
ORD01300,2024-08-14,CUST1470,PROD030,2,0.01,Credit Card,27284,37418.92,74089.46,19521.46
ORD01301,2025-01-15,CUST0025,PROD019,4,0.04,UPI,26105,34200.51,131329.96,26909.96
ORD01302,2024-03-03,CUST0508,PROD064,5,0.17,Debit Card,24886,29489.0,122379.35,-2050.65
ORD01303,2024-11-27,CUST0098,PROD066,1,0.01,Credit Card,26705,34961.05,34611.44,7906.44
ORD01304,2024-10-07,CUST1292,PROD057,4,0.12,Cash on Delivery,43648,55198.04,194297.1,19705.1
ORD01305,2025-01-01,CUST0662,PROD044,3,0.29,Debit Card,31606,48431.07,103158.18,8340.18
ORD01306,2025-03-10,CUST1417,PROD012,5,0.05,Credit Card,33865,51723.29,245685.63,76360.63
ORD01307,2023-12-30,CUST1788,PROD040,3,0.06,UPI,34631,42030.46,118525.9,14632.9
ORD01308,2023-07-21,CUST1620,PROD024,4,0.2,Cash on Delivery,37354,55229.05,176732.96,27316.96
ORD01309,2025-05-31,CUST1309,PROD011,4,0.01,UPI,23684,32041.55,126884.54,32148.54
ORD01310,2023-05-26,CUST0684,PROD066,1,0.25,UPI,26705,41147.81,30860.86,4155.86
ORD01311,2025-04-15,CUST1757,PROD001,3,0.06,Cash on Delivery,19397,24698.1,69648.64,11457.64
ORD01312,2024-09-30,CUST1133,PROD058,5,0.16,Cash on Delivery,29901,35571.8,149401.56,-103.44
ORD01313,2023-05-15,CUST0027,PROD028,1,0.07,Credit Card,24730,37347.83,34733.48,10003.48
ORD01314,2024-09-17,CUST1782,PROD068,3,0.2,Credit Card,30755,47386.11,113726.66,21461.66
ORD01315,2023-03-05,CUST0055,PROD094,4,0.18,UPI,11294,17259.83,56612.24,11436.24
ORD01316,2024-05-05,CUST1157,PROD059,1,0.28,Credit Card,42048,54586.08,39301.98,-2746.02
ORD01317,2023-02-10,CUST1076,PROD071,4,0.13,Debit Card,43519,50651.3,176266.52,2190.52
ORD01318,2025-10-23,CUST1517,PROD022,2,0.26,Cash on Delivery,46697,56635.38,83820.36,-9573.64
ORD01319,2025-07-01,CUST1789,PROD090,2,0.17,UPI,39865,62337.54,103480.32,23750.32
ORD01320,2025-09-01,CUST0781,PROD029,1,0.27,Debit Card,23495,30868.46,22533.98,-961.02
ORD01321,2024-01-03,CUST0298,PROD089,1,0.09,Debit Card,21871,33814.62,30771.3,8900.3
ORD01322,2025-07-06,CUST1423,PROD074,3,0.16,Cash on Delivery,36254,57693.38,145387.32,36625.32
ORD01323,2025-10-24,CUST1615,PROD084,5,0.12,Credit Card,6252,8303.1,36533.64,5273.64
ORD01324,2023-09-01,CUST1042,PROD078,5,0.02,Debit Card,3912,5865.66,28741.73,9181.73
ORD01325,2025-06-20,CUST0818,PROD097,2,0.17,UPI,10894,13357.15,22172.87,384.87
ORD01326,2023-06-15,CUST1794,PROD069,2,0.24,Debit Card,21682,28678.5,43591.32,227.32
ORD01327,2025-11-15,CUST0855,PROD045,2,0.17,Cash on Delivery,45004,66035.82,109619.46,19611.46
ORD01328,2025-11-06,CUST1643,PROD070,4,0.08,Credit Card,39873,49570.1,182417.97,22925.97
ORD01329,2024-12-28,CUST1933,PROD086,5,0.08,Credit Card,12989,16806.57,77310.22,12365.22
ORD01330,2024-04-27,CUST1988,PROD017,1,0.07,UPI,28919,40594.25,37752.65,8833.65
ORD01331,2024-06-26,CUST0559,PROD079,2,0.29,UPI,16940,24750.11,35145.16,1265.16
ORD01332,2025-07-19,CUST1270,PROD039,3,0.12,UPI,46187,60532.47,159805.72,21244.72
ORD01333,2024-02-04,CUST0503,PROD040,1,0.1,UPI,34631,45697.75,41127.98,6496.98
ORD01334,2024-09-10,CUST1113,PROD028,1,0.13,UPI,24730,29662.17,25806.09,1076.09
ORD01335,2025-05-28,CUST0203,PROD002,1,0.03,Debit Card,8668,13806.63,13392.43,4724.43
ORD01336,2023-04-11,CUST0946,PROD082,5,0.06,Debit Card,37566,53550.57,251687.68,63857.68
ORD01337,2025-05-29,CUST0240,PROD027,2,0.15,Cash on Delivery,33194,46094.76,78361.09,11973.09
ORD01338,2025-04-09,CUST0490,PROD021,3,0.24,Credit Card,22664,28219.15,64339.66,-3652.34
ORD01339,2025-01-28,CUST1804,PROD087,4,0.26,Debit Card,1853,2537.89,7512.15,100.15
ORD01340,2023-06-12,CUST1037,PROD007,3,0.26,UPI,3479,4701.14,10436.53,-0.47
ORD01341,2024-05-16,CUST0649,PROD061,3,0.28,Cash on Delivery,13164,16670.25,36007.74,-3484.26
ORD01342,2024-06-30,CUST1339,PROD052,3,0.04,UPI,20157,27228.55,78418.22,17947.22
ORD01343,2024-01-16,CUST0685,PROD048,4,0.01,Credit Card,7733,9601.2,38020.75,7088.75
ORD01344,2025-05-19,CUST1766,PROD019,3,0.03,UPI,26105,38363.94,111639.07,33324.07
ORD01345,2025-06-23,CUST1222,PROD073,3,0.18,Cash on Delivery,46032,71761.74,176533.88,38437.88
ORD01346,2025-09-28,CUST0243,PROD012,2,0.17,Cash on Delivery,33865,38984.2,64713.77,-3016.23
ORD01347,2024-08-31,CUST0507,PROD094,2,0.2,Cash on Delivery,11294,15815.16,25304.26,2716.26
ORD01348,2023-11-03,CUST1067,PROD071,2,0.11,Credit Card,43519,64388.26,114611.1,27573.1
ORD01349,2023-02-24,CUST1354,PROD002,1,0.12,Debit Card,8668,13506.81,11885.99,3217.99
ORD01350,2025-09-09,CUST1815,PROD017,3,0.16,Debit Card,28919,37921.18,95561.37,8804.37
ORD01351,2023-11-29,CUST1615,PROD075,5,0.02,Cash on Delivery,900,1402.4,6871.76,2371.76
ORD01352,2023-05-07,CUST1453,PROD076,5,0.24,Debit Card,19739,30032.86,114124.87,15429.87
ORD01353,2024-12-05,CUST1815,PROD003,5,0.28,Credit Card,7361,10204.9,36737.64,-67.36
ORD01354,2023-08-31,CUST1768,PROD021,4,0.12,UPI,22664,28684.11,100968.07,10312.07
ORD01355,2024-08-22,CUST0613,PROD078,2,0.22,Credit Card,3912,5648.02,8810.91,986.91
ORD01356,2024-05-17,CUST0162,PROD079,2,0.16,Debit Card,16940,21467.24,36064.96,2184.96
ORD01357,2024-08-26,CUST0656,PROD051,2,0.07,Credit Card,47215,61709.11,114778.94,20348.94
ORD01358,2023-10-30,CUST0959,PROD010,4,0.02,UPI,38184,51935.78,203588.26,50852.26
ORD01359,2023-08-23,CUST0621,PROD055,3,0.07,Credit Card,44065,60549.23,168932.35,36737.35
ORD01360,2025-11-27,CUST1459,PROD036,1,0.18,Debit Card,5763,7117.97,5836.74,73.74
ORD01361,2023-05-19,CUST1257,PROD051,2,0.01,UPI,47215,69038.29,136695.81,42265.81
ORD01362,2023-07-14,CUST0111,PROD074,3,0.25,Debit Card,36254,57874.52,130217.67,21455.67
ORD01363,2024-10-08,CUST1952,PROD017,5,0.29,UPI,28919,36430.47,129328.17,-15266.83
ORD01364,2023-01-01,CUST0934,PROD089,1,0.03,Cash on Delivery,21871,30609.4,29691.12,7820.12
ORD01365,2024-07-14,CUST1256,PROD061,5,0.07,UPI,13164,17832.24,82919.92,17099.92
ORD01366,2024-12-13,CUST1976,PROD091,3,0.2,Debit Card,15191,19573.61,46976.66,1403.66
ORD01367,2024-02-17,CUST0750,PROD097,3,0.24,Cash on Delivery,10894,14585.99,33256.06,574.06
ORD01368,2024-06-21,CUST0709,PROD075,5,0.1,Cash on Delivery,900,1331.75,5992.88,1492.88
ORD01369,2024-03-04,CUST0273,PROD013,1,0.15,Debit Card,24204,32351.86,27499.08,3295.08
ORD01370,2023-08-23,CUST1622,PROD065,5,0.27,Debit Card,5346,7367.02,26889.62,159.62
ORD01371,2023-12-15,CUST0807,PROD095,5,0.12,Credit Card,3434,4686.58,20620.95,3450.95
ORD01372,2024-01-31,CUST0041,PROD097,5,0.02,Debit Card,10894,15250.01,74725.05,20255.05
ORD01373,2024-02-20,CUST0560,PROD085,1,0.3,UPI,21717,27820.27,19474.19,-2242.81
ORD01374,2025-07-04,CUST0466,PROD080,4,0.05,Cash on Delivery,24906,34354.49,130547.06,30923.06
ORD01375,2025-12-10,CUST1948,PROD087,1,0.01,Credit Card,1853,2243.39,2220.96,367.96
ORD01376,2023-03-22,CUST1101,PROD074,5,0.12,Credit Card,36254,53787.26,236663.94,55393.94
ORD01377,2023-02-05,CUST1714,PROD048,2,0.04,Credit Card,7733,9278.95,17815.58,2349.58
ORD01378,2025-12-26,CUST0490,PROD097,2,0.29,Cash on Delivery,10894,16376.21,23254.22,1466.22
ORD01379,2024-10-02,CUST1793,PROD086,3,0.11,Credit Card,12989,19762.68,52766.36,13799.36
ORD01380,2025-05-31,CUST0117,PROD070,4,0.25,Cash on Delivery,39873,46195.98,138587.94,-20904.06
ORD01381,2025-01-26,CUST0434,PROD047,3,0.05,Cash on Delivery,47956,73079.07,208275.35,64407.35
ORD01382,2024-09-14,CUST1043,PROD100,3,0.04,Credit Card,41593,59963.63,172695.25,47916.25
ORD01383,2024-04-12,CUST0994,PROD010,2,0.19,Cash on Delivery,38184,45576.78,73834.38,-2533.62
ORD01384,2023-12-22,CUST1595,PROD057,1,0.27,Credit Card,43648,69795.95,50951.04,7303.04
ORD01385,2024-12-09,CUST0196,PROD080,3,0.03,Debit Card,24906,35539.87,103421.02,28703.02
ORD01386,2025-10-16,CUST0619,PROD013,3,0.18,UPI,24204,32200.66,79213.62,6601.62
ORD01387,2025-06-20,CUST1475,PROD061,4,0.03,Debit Card,13164,20382.43,79083.83,26427.83
ORD01388,2024-11-03,CUST0425,PROD058,2,0.24,UPI,29901,34946.21,53118.24,-6683.76
ORD01389,2024-03-14,CUST1418,PROD084,1,0.27,Cash on Delivery,6252,9207.97,6721.82,469.82
ORD01390,2024-06-14,CUST1308,PROD068,4,0.19,Cash on Delivery,30755,37357.38,121037.91,-1982.09
ORD01391,2023-05-07,CUST0034,PROD084,1,0.21,Credit Card,6252,8744.2,6907.92,655.92
ORD01392,2023-07-24,CUST0295,PROD086,1,0.02,Debit Card,12989,15498.14,15188.18,2199.18
ORD01393,2023-01-29,CUST1007,PROD029,3,0.02,Debit Card,23495,34199.69,100547.09,30062.09
ORD01394,2024-03-20,CUST1275,PROD016,4,0.05,Cash on Delivery,45432,61751.98,234657.52,52929.52
ORD01395,2025-08-23,CUST1662,PROD063,3,0.08,Debit Card,48779,56242.94,155230.51,8893.51
ORD01396,2024-04-08,CUST0339,PROD047,5,0.23,UPI,47956,56690.19,218257.23,-21522.77
ORD01397,2023-05-31,CUST0618,PROD043,1,0.13,Cash on Delivery,1019,1494.23,1299.98,280.98
ORD01398,2023-08-28,CUST1464,PROD023,4,0.02,Credit Card,14296,19010.19,74519.94,17335.94
ORD01399,2023-09-23,CUST0180,PROD030,2,0.26,Credit Card,27284,39629.16,58651.16,4083.16
ORD01400,2025-07-01,CUST0622,PROD057,3,0.3,Cash on Delivery,43648,57852.35,121489.93,-9454.07
ORD01401,2024-05-11,CUST1252,PROD030,5,0.14,Cash on Delivery,27284,35817.33,154014.52,17594.52
ORD01402,2024-11-15,CUST1657,PROD067,5,0.15,Credit Card,26070,40009.92,170042.16,39692.16
ORD01403,2023-06-07,CUST0619,PROD056,5,0.02,UPI,6756,10368.19,50804.13,17024.13
ORD01404,2023-06-21,CUST0643,PROD024,3,0.11,Debit Card,37354,58418.01,155976.09,43914.09
ORD01405,2024-05-08,CUST0023,PROD077,2,0.11,Cash on Delivery,10916,16596.24,29541.31,7709.31
ORD01406,2025-08-27,CUST1681,PROD096,4,0.29,Cash on Delivery,16906,20411.37,57968.29,-9655.71
ORD01407,2024-11-06,CUST1351,PROD076,1,0.2,UPI,19739,23290.48,18632.38,-1106.62
ORD01408,2024-10-20,CUST1178,PROD008,2,0.23,Credit Card,24024,28259.14,43519.08,-4528.92
ORD01409,2025-06-21,CUST0619,PROD088,3,0.04,Cash on Delivery,27486,43732.78,125950.41,43492.41
ORD01410,2024-10-27,CUST1170,PROD044,4,0.13,UPI,31606,43474.63,151291.71,24867.71
ORD01411,2024-01-02,CUST0252,PROD080,1,0.06,Cash on Delivery,24906,29932.69,28136.73,3230.73
ORD01412,2024-07-03,CUST0302,PROD096,4,0.26,UPI,16906,23582.74,69804.91,2180.91
ORD01413,2024-10-04,CUST1094,PROD034,1,0.05,UPI,48452,71206.68,67646.35,19194.35
ORD01414,2023-09-12,CUST1567,PROD035,1,0.13,Credit Card,34337,40947.58,35624.39,1287.39
ORD01415,2023-07-27,CUST1117,PROD096,5,0.02,Debit Card,16906,22077.24,108178.48,23648.48
ORD01416,2024-03-25,CUST1673,PROD050,3,0.19,Credit Card,1097,1354.27,3290.88,-0.12
ORD01417,2023-04-05,CUST1910,PROD017,2,0.14,UPI,28919,45950.67,79035.15,21197.15
ORD01418,2025-04-18,CUST0163,PROD002,5,0.15,Debit Card,8668,11209.48,47640.29,4300.29
ORD01419,2024-04-22,CUST1105,PROD090,5,0.03,Debit Card,39865,58231.89,282424.67,83099.67
ORD01420,2024-11-13,CUST1852,PROD054,4,0.15,Credit Card,39049,61045.12,207553.41,51357.41
ORD01421,2025-01-31,CUST1612,PROD044,1,0.17,Credit Card,31606,48623.76,40357.72,8751.72
ORD01422,2023-07-09,CUST1087,PROD081,1,0.29,Cash on Delivery,2375,3152.31,2238.14,-136.86
ORD01423,2024-12-11,CUST0612,PROD049,4,0.01,Debit Card,1602,2066.44,8183.1,1775.1
ORD01424,2025-01-25,CUST1460,PROD002,3,0.28,UPI,8668,13124.75,28349.46,2345.46
ORD01425,2025-04-15,CUST1072,PROD072,1,0.14,Cash on Delivery,16543,20551.72,17674.48,1131.48
ORD01426,2023-05-13,CUST0445,PROD070,5,0.06,Cash on Delivery,39873,58724.74,276006.28,76641.28
ORD01427,2023-02-24,CUST1944,PROD009,5,0.2,Cash on Delivery,7565,11543.27,46173.08,8348.08
ORD01428,2024-05-24,CUST0074,PROD001,1,0.16,Cash on Delivery,19397,29719.1,24964.04,5567.04
ORD01429,2024-10-31,CUST0826,PROD069,1,0.07,Credit Card,21682,25021.31,23269.82,1587.82
ORD01430,2024-02-14,CUST1728,PROD009,3,0.19,Debit Card,7565,10401.43,25275.47,2580.47
ORD01431,2025-09-13,CUST0542,PROD014,1,0.14,Cash on Delivery,6122,8025.43,6901.87,779.87
ORD01432,2025-01-03,CUST0157,PROD027,3,0.21,Debit Card,33194,52794.62,125123.25,25541.25
ORD01433,2023-09-16,CUST1511,PROD009,5,0.21,UPI,7565,10551.92,41680.08,3855.08
ORD01434,2023-10-26,CUST1290,PROD036,3,0.14,Debit Card,5763,7735.96,19958.78,2669.78
ORD01435,2024-07-14,CUST0256,PROD093,1,0.12,Credit Card,48575,61202.73,53858.4,5283.4
ORD01436,2023-10-24,CUST1063,PROD084,2,0.02,Debit Card,6252,9568.9,18755.04,6251.04
ORD01437,2023-12-28,CUST1079,PROD079,1,0.15,UPI,16940,21915.56,18628.23,1688.23
ORD01438,2024-08-11,CUST1052,PROD100,2,0.07,UPI,41593,63306.18,117749.49,34563.49
ORD01439,2023-05-07,CUST1938,PROD003,5,0.02,Cash on Delivery,7361,11418.56,55950.94,19145.94
ORD01440,2023-07-16,CUST0937,PROD023,4,0.1,UPI,14296,16814.65,60532.74,3348.74
ORD01441,2023-08-09,CUST0118,PROD073,5,0.03,Cash on Delivery,46032,63500.87,307979.22,77819.22
ORD01442,2025-09-21,CUST0370,PROD030,5,0.17,Credit Card,27284,36537.87,151632.16,15212.16
ORD01443,2023-04-01,CUST0209,PROD019,5,0.15,Credit Card,26105,34638.69,147214.43,16689.43
ORD01444,2024-02-15,CUST0587,PROD067,3,0.24,Credit Card,26070,34338.37,78291.48,81.48
ORD01445,2023-01-08,CUST1601,PROD050,5,0.08,Debit Card,1097,1524.16,7011.14,1526.14
ORD01446,2024-06-27,CUST0849,PROD048,4,0.11,UPI,7733,9346.03,33271.87,2339.87
ORD01447,2024-04-12,CUST1892,PROD003,1,0.21,UPI,7361,11351.25,8967.49,1606.49
ORD01448,2023-11-16,CUST1636,PROD098,2,0.3,UPI,27372,38350.7,53690.98,-1053.02
ORD01449,2023-09-26,CUST1582,PROD066,5,0.27,Cash on Delivery,26705,34882.07,127319.56,-6205.44
ORD01450,2023-03-02,CUST0316,PROD027,2,0.16,Cash on Delivery,33194,41803.28,70229.51,3841.51
ORD01451,2025-03-07,CUST1417,PROD087,5,0.2,Credit Card,1853,2645.07,10580.28,1315.28
ORD01452,2024-07-06,CUST1965,PROD096,3,0.16,UPI,16906,25427.12,64076.34,13358.34
ORD01453,2025-07-14,CUST0444,PROD099,2,0.13,Debit Card,42208,56912.71,99028.12,14612.12
ORD01454,2024-10-22,CUST1692,PROD040,5,0.18,Debit Card,34631,55168.43,226190.56,53035.56
ORD01455,2024-12-16,CUST1776,PROD018,5,0.12,Credit Card,34967,48639.3,214012.92,39177.92
ORD01456,2025-02-17,CUST1889,PROD027,4,0.08,Cash on Delivery,33194,52795.39,194287.04,61511.04
ORD01457,2023-07-13,CUST1283,PROD011,4,0.21,Cash on Delivery,23684,37495.8,118486.73,23750.73
ORD01458,2024-04-26,CUST1971,PROD039,4,0.26,Cash on Delivery,46187,65580.23,194117.48,9369.48
ORD01459,2025-05-04,CUST1672,PROD019,3,0.09,Credit Card,26105,36849.85,100600.09,22285.09
ORD01460,2024-05-12,CUST1906,PROD089,2,0.21,Credit Card,21871,26191.68,41382.85,-2359.15
ORD01461,2023-07-31,CUST1222,PROD007,3,0.13,UPI,3479,5455.68,14239.32,3802.32
ORD01462,2024-10-26,CUST1723,PROD095,1,0.09,UPI,3434,5190.3,4723.17,1289.17
ORD01463,2024-10-31,CUST0628,PROD057,5,0.19,UPI,43648,60025.11,243101.7,24861.7
ORD01464,2023-08-09,CUST0445,PROD002,5,0.28,Debit Card,8668,11163.37,40188.13,-3151.87
ORD01465,2023-09-30,CUST0570,PROD038,5,0.11,Debit Card,41219,62955.66,280152.69,74057.69
ORD01466,2023-10-06,CUST0582,PROD005,4,0.23,UPI,14250,18256.86,56231.13,-768.87
ORD01467,2025-03-26,CUST0605,PROD078,5,0.09,Debit Card,3912,5452.69,24809.74,5249.74
ORD01468,2023-10-03,CUST0741,PROD082,4,0.24,Debit Card,37566,46562.0,141548.48,-8715.52
ORD01469,2025-10-01,CUST0908,PROD036,1,0.23,Cash on Delivery,5763,8713.84,6709.66,946.66
ORD01470,2024-05-28,CUST0649,PROD068,3,0.23,Cash on Delivery,30755,45786.94,105767.83,13502.83
ORD01471,2025-07-11,CUST1641,PROD088,3,0.3,Credit Card,27486,35217.77,73957.32,-8500.68
ORD01472,2024-10-03,CUST0305,PROD077,3,0.04,Cash on Delivery,10916,13129.88,37814.05,5066.05
ORD01473,2024-05-19,CUST0339,PROD085,4,0.12,UPI,21717,26704.99,94001.56,7133.56
ORD01474,2024-08-12,CUST0529,PROD057,2,0.19,Cash on Delivery,43648,62301.39,100928.25,13632.25
ORD01475,2025-02-10,CUST0054,PROD097,2,0.18,Debit Card,10894,13263.64,21752.37,-35.63
ORD01476,2025-01-09,CUST1136,PROD020,1,0.23,Debit Card,29671,38395.95,29564.88,-106.12
ORD01477,2024-11-05,CUST0684,PROD005,2,0.01,UPI,14250,21768.86,43102.34,14602.34
ORD01478,2025-10-10,CUST1952,PROD024,1,0.21,UPI,37354,44331.65,35022.0,-2332.0
ORD01479,2023-05-08,CUST0419,PROD099,5,0.22,Cash on Delivery,42208,59577.92,232353.89,21313.89
ORD01480,2024-05-17,CUST1998,PROD030,3,0.02,Cash on Delivery,27284,36285.59,106679.63,24827.63
ORD01481,2025-06-20,CUST0305,PROD028,4,0.16,Cash on Delivery,24730,29778.43,100055.52,1135.52
ORD01482,2024-06-26,CUST1462,PROD053,1,0.07,Credit Card,45509,62768.09,58374.32,12865.32
ORD01483,2024-05-06,CUST1680,PROD051,4,0.24,Credit Card,47215,65274.28,198433.81,9573.81
ORD01484,2025-11-10,CUST0085,PROD007,4,0.01,UPI,3479,4592.76,18187.33,4271.33
ORD01485,2024-12-14,CUST1548,PROD042,3,0.04,Cash on Delivery,35023,41148.35,118507.25,13438.25
ORD01486,2025-03-01,CUST0252,PROD035,5,0.03,Debit Card,34337,42683.99,207017.35,35332.35
ORD01487,2024-02-20,CUST1752,PROD094,5,0.02,Credit Card,11294,15045.01,73720.55,17250.55
ORD01488,2023-05-28,CUST0126,PROD034,2,0.18,UPI,48452,61764.22,101293.32,4389.32
ORD01489,2025-08-27,CUST0610,PROD073,5,0.26,Credit Card,46032,56262.09,208169.73,-21990.27
ORD01490,2023-01-29,CUST1928,PROD076,3,0.15,Cash on Delivery,19739,27025.35,68914.64,9697.64
ORD01491,2023-11-04,CUST1429,PROD054,4,0.06,Debit Card,39049,51893.01,195117.72,38921.72
ORD01492,2023-06-11,CUST0304,PROD029,1,0.1,Debit Card,23495,34049.5,30644.55,7149.55
ORD01493,2025-05-18,CUST1928,PROD010,1,0.11,UPI,38184,53541.38,47651.83,9467.83
ORD01494,2025-05-01,CUST1052,PROD027,5,0.14,Credit Card,33194,40708.64,175047.15,9077.15
ORD01495,2023-03-02,CUST0848,PROD083,2,0.13,Cash on Delivery,37036,54052.1,94050.65,19978.65
ORD01496,2023-05-05,CUST1290,PROD013,1,0.2,Cash on Delivery,24204,32903.43,26322.74,2118.74
ORD01497,2025-12-30,CUST1076,PROD042,2,0.1,Debit Card,35023,42064.57,75716.23,5670.23
ORD01498,2025-04-17,CUST0655,PROD037,1,0.2,Debit Card,49377,57193.55,45754.84,-3622.16
ORD01499,2024-04-10,CUST0644,PROD061,2,0.16,Cash on Delivery,13164,18849.41,31667.01,5339.01
ORD01500,2023-08-31,CUST0858,PROD096,2,0.01,Cash on Delivery,16906,24148.37,47813.77,14001.77
ORD01501,2024-04-17,CUST0511,PROD079,4,0.28,Credit Card,16940,25735.45,74118.1,6358.1
ORD01502,2025-08-16,CUST0207,PROD021,3,0.05,UPI,22664,33839.51,96442.6,28450.6
ORD01503,2024-06-16,CUST0574,PROD003,1,0.14,Credit Card,7361,11371.84,9779.78,2418.78
ORD01504,2024-05-08,CUST0875,PROD008,5,0.28,Credit Card,24024,30788.88,110839.97,-9280.03
ORD01505,2025-06-17,CUST0511,PROD070,3,0.07,Cash on Delivery,39873,53267.45,148616.19,28997.19
ORD01506,2023-03-23,CUST1668,PROD093,4,0.01,Credit Card,48575,57214.84,226570.77,32270.77
ORD01507,2025-05-05,CUST1577,PROD083,4,0.15,Credit Card,37036,49447.01,168119.83,19975.83
ORD01508,2025-05-28,CUST0201,PROD017,4,0.07,Credit Card,28919,36116.78,134354.42,18678.42
ORD01509,2025-07-11,CUST1635,PROD010,5,0.17,Debit Card,38184,57749.2,239659.18,48739.18
ORD01510,2023-01-12,CUST0823,PROD097,1,0.25,UPI,10894,15745.32,11808.99,914.99
ORD01511,2024-03-24,CUST1308,PROD013,1,0.15,UPI,24204,36348.62,30896.33,6692.33
ORD01512,2025-01-31,CUST1381,PROD091,2,0.19,Debit Card,15191,21519.84,34862.14,4480.14
ORD01513,2023-01-26,CUST1071,PROD012,2,0.2,Cash on Delivery,33865,48056.86,76890.98,9160.98
ORD01514,2024-05-22,CUST1020,PROD066,2,0.25,Cash on Delivery,26705,33537.51,50306.26,-3103.74
ORD01515,2023-03-03,CUST0137,PROD074,5,0.21,UPI,36254,52619.77,207848.09,26578.09
ORD01516,2023-08-17,CUST0130,PROD085,3,0.29,UPI,21717,26381.52,56192.64,-8958.36
ORD01517,2024-08-29,CUST1219,PROD023,1,0.14,Cash on Delivery,14296,18214.95,15664.86,1368.86
ORD01518,2025-11-24,CUST1018,PROD065,2,0.02,Credit Card,5346,6580.8,12898.37,2206.37
ORD01519,2025-06-09,CUST1653,PROD097,5,0.12,UPI,10894,17182.91,75604.8,21134.8
ORD01520,2025-01-30,CUST1388,PROD052,5,0.25,Credit Card,20157,31326.78,117475.42,16690.42
ORD01521,2024-08-17,CUST0432,PROD061,2,0.04,UPI,13164,20320.95,39016.22,12688.22
ORD01522,2025-11-14,CUST1093,PROD026,4,0.22,Debit Card,1165,1843.12,5750.53,1090.53
ORD01523,2025-11-21,CUST1482,PROD015,4,0.16,UPI,18761,26746.95,89869.75,14825.75
ORD01524,2025-11-01,CUST0540,PROD022,4,0.27,Debit Card,46697,72502.42,211707.07,24919.07
ORD01525,2023-01-01,CUST0335,PROD089,2,0.22,Credit Card,21871,28024.11,43717.61,-24.39
ORD01526,2023-05-13,CUST0526,PROD065,5,0.2,Cash on Delivery,5346,7073.51,28294.04,1564.04
ORD01527,2023-03-27,CUST0558,PROD026,5,0.27,Credit Card,1165,1584.56,5783.64,-41.36
ORD01528,2024-05-30,CUST0909,PROD021,1,0.27,Credit Card,22664,26975.42,19692.06,-2971.94
ORD01529,2023-06-24,CUST1040,PROD024,4,0.12,Credit Card,37354,56819.62,200005.06,50589.06
ORD01530,2025-02-01,CUST1960,PROD016,2,0.28,Debit Card,45432,54683.28,78743.92,-12120.08
ORD01531,2025-11-10,CUST1480,PROD032,1,0.02,UPI,17963,27121.33,26578.9,8615.9
ORD01532,2025-09-23,CUST0510,PROD016,5,0.23,Cash on Delivery,45432,71101.79,273741.89,46581.89
ORD01533,2024-07-31,CUST0209,PROD077,1,0.1,Credit Card,10916,15342.7,13808.43,2892.43
ORD01534,2023-02-18,CUST1182,PROD042,4,0.15,Credit Card,35023,42891.12,145829.81,5737.81
ORD01535,2024-06-11,CUST1361,PROD032,3,0.25,Credit Card,17963,24187.5,54421.88,532.88
ORD01536,2023-05-25,CUST1763,PROD050,4,0.19,Debit Card,1097,1330.1,4309.52,-78.48
ORD01537,2025-01-31,CUST1985,PROD041,4,0.14,Debit Card,37776,45465.95,156402.87,5298.87
ORD01538,2025-07-17,CUST1265,PROD024,2,0.05,Debit Card,37354,55666.25,105765.88,31057.88
ORD01539,2025-03-04,CUST0058,PROD013,3,0.28,UPI,24204,32115.48,69369.44,-3242.56
ORD01540,2023-11-15,CUST0816,PROD075,3,0.1,UPI,900,1035.05,2794.64,94.64
ORD01541,2024-11-28,CUST1329,PROD079,3,0.03,Credit Card,16940,19850.44,57764.78,6944.78
ORD01542,2025-04-26,CUST1369,PROD010,5,0.17,Cash on Delivery,38184,57962.9,240546.03,49626.03
ORD01543,2025-02-21,CUST1666,PROD042,1,0.12,Debit Card,35023,50043.11,44037.94,9014.94
ORD01544,2023-02-11,CUST1753,PROD041,5,0.18,UPI,37776,57798.47,236973.73,48093.73
ORD01545,2024-06-12,CUST1038,PROD003,3,0.07,UPI,7361,9371.67,26146.96,4063.96
ORD01546,2023-10-19,CUST1383,PROD055,2,0.11,Cash on Delivery,44065,56907.5,101295.35,13165.35
ORD01547,2025-08-26,CUST0377,PROD016,4,0.29,Debit Card,45432,64858.37,184197.77,2469.77
ORD01548,2023-04-07,CUST0243,PROD044,4,0.28,UPI,31606,45807.18,131924.68,5500.68
ORD01549,2023-03-15,CUST0993,PROD081,5,0.26,Cash on Delivery,2375,2759.59,10210.48,-1664.52
ORD01550,2025-12-27,CUST1169,PROD089,5,0.23,Cash on Delivery,21871,34080.41,131209.58,21854.58
ORD01551,2025-01-27,CUST0891,PROD030,2,0.05,Debit Card,27284,41188.56,78258.26,23690.26
ORD01552,2023-07-27,CUST0415,PROD099,4,0.14,Debit Card,42208,51043.76,175590.53,6758.53
ORD01553,2024-02-14,CUST0394,PROD037,5,0.22,Debit Card,49377,57012.91,222350.35,-24534.65
ORD01554,2023-11-27,CUST1862,PROD060,1,0.08,Credit Card,7054,10553.66,9709.37,2655.37
ORD01555,2023-12-10,CUST1639,PROD077,5,0.01,UPI,10916,16988.52,84093.17,29513.17
ORD01556,2025-09-15,CUST0729,PROD024,5,0.13,Cash on Delivery,37354,48371.46,210415.85,23645.85
ORD01557,2025-02-09,CUST0358,PROD026,3,0.13,Credit Card,1165,1507.93,3935.7,440.7
ORD01558,2023-03-15,CUST1957,PROD058,1,0.02,Debit Card,29901,41310.58,40484.37,10583.37
ORD01559,2023-09-11,CUST1600,PROD009,1,0.1,UPI,7565,10996.11,9896.5,2331.5
ORD01560,2025-08-16,CUST1182,PROD061,2,0.28,UPI,13164,18975.26,27324.37,996.37
ORD01561,2025-03-30,CUST0674,PROD019,3,0.08,Credit Card,26105,38862.11,107259.42,28944.42
ORD01562,2025-09-12,CUST0018,PROD028,1,0.17,Cash on Delivery,24730,29707.97,24657.62,-72.38
ORD01563,2023-11-28,CUST0728,PROD007,3,0.15,Credit Card,3479,4814.65,12277.36,1840.36
ORD01564,2025-01-16,CUST1855,PROD045,3,0.26,UPI,45004,62008.68,137659.27,2647.27
ORD01565,2025-04-15,CUST0561,PROD086,4,0.2,Cash on Delivery,12989,20489.29,65565.73,13609.73
ORD01566,2024-03-30,CUST1592,PROD094,1,0.05,Credit Card,11294,17654.93,16772.18,5478.18
ORD01567,2023-11-09,CUST1371,PROD063,4,0.04,Credit Card,48779,72565.83,278652.79,83536.79
ORD01568,2025-10-14,CUST1082,PROD037,5,0.17,Debit Card,49377,76268.29,316513.4,69628.4
ORD01569,2023-08-16,CUST0155,PROD016,5,0.01,UPI,45432,67490.59,334078.42,106918.42
ORD01570,2025-04-13,CUST1591,PROD100,4,0.12,Debit Card,41593,61317.11,215836.23,49464.23
ORD01571,2025-05-07,CUST1511,PROD005,5,0.12,Debit Card,14250,17770.74,78191.26,6941.26
ORD01572,2025-03-28,CUST1877,PROD029,4,0.06,Cash on Delivery,23495,33545.31,126130.37,32150.37
ORD01573,2025-10-14,CUST1555,PROD052,2,0.09,Cash on Delivery,20157,31489.83,57311.49,16997.49
ORD01574,2024-06-11,CUST0487,PROD023,3,0.1,UPI,14296,21266.23,57418.82,14530.82
ORD01575,2025-08-07,CUST0151,PROD006,2,0.0,Cash on Delivery,17488,24870.13,49740.26,14764.26
ORD01576,2024-03-02,CUST1383,PROD036,1,0.24,UPI,5763,7296.99,5545.71,-217.29
ORD01577,2023-02-11,CUST0368,PROD057,2,0.29,Cash on Delivery,43648,63524.79,90205.2,2909.2
ORD01578,2024-04-09,CUST1644,PROD033,2,0.09,Debit Card,8919,11649.79,21202.62,3364.62
ORD01579,2023-10-05,CUST1071,PROD049,5,0.03,UPI,1602,1889.33,9163.25,1153.25
ORD01580,2025-04-15,CUST0207,PROD041,4,0.29,Debit Card,37776,47511.18,134931.75,-16172.25
ORD01581,2023-01-19,CUST1899,PROD080,1,0.22,Cash on Delivery,24906,33004.31,25743.36,837.36
ORD01582,2023-03-07,CUST0450,PROD055,5,0.27,Debit Card,44065,70437.92,257098.41,36773.41
ORD01583,2023-06-16,CUST1507,PROD098,1,0.11,Cash on Delivery,27372,40840.46,36348.01,8976.01
ORD01584,2025-10-16,CUST1971,PROD026,3,0.15,Credit Card,1165,1486.31,3790.09,295.09
ORD01585,2024-02-07,CUST1876,PROD037,4,0.28,Debit Card,49377,73723.59,212323.94,14815.94
ORD01586,2024-02-13,CUST0924,PROD077,5,0.14,UPI,10916,14310.21,61533.9,6953.9
ORD01587,2023-04-22,CUST1664,PROD017,2,0.2,Debit Card,28919,41167.96,65868.74,8030.74
ORD01588,2024-08-19,CUST0697,PROD096,3,0.21,Debit Card,16906,25259.36,59864.68,9146.68
ORD01589,2024-10-12,CUST0570,PROD032,2,0.25,UPI,17963,26645.88,39968.82,4042.82
ORD01590,2025-11-28,CUST0143,PROD028,1,0.29,UPI,24730,29997.86,21298.48,-3431.52
ORD01591,2023-04-15,CUST1424,PROD093,3,0.1,Credit Card,48575,73906.49,199547.52,53822.52
ORD01592,2023-11-20,CUST1121,PROD025,5,0.07,Cash on Delivery,31820,49808.55,231609.76,72509.76
ORD01593,2025-09-18,CUST1071,PROD047,2,0.02,Cash on Delivery,47956,60186.66,117965.85,22053.85
ORD01594,2024-03-04,CUST0191,PROD022,2,0.26,UPI,46697,60623.79,89723.21,-3670.79
ORD01595,2024-09-26,CUST0140,PROD091,1,0.09,Debit Card,15191,23883.12,21733.64,6542.64
ORD01596,2024-12-30,CUST0615,PROD061,1,0.01,Cash on Delivery,13164,20965.7,20756.04,7592.04
ORD01597,2025-06-07,CUST1255,PROD044,4,0.26,UPI,31606,42796.89,126678.79,254.79
ORD01598,2025-12-20,CUST1963,PROD020,4,0.15,UPI,29671,34582.79,117581.49,-1102.51
ORD01599,2024-01-28,CUST1364,PROD050,1,0.25,Credit Card,1097,1722.07,1291.55,194.55
ORD01600,2023-07-23,CUST0925,PROD088,4,0.17,Debit Card,27486,31922.98,105984.29,-3959.71
ORD01601,2023-09-15,CUST1515,PROD047,2,0.09,Credit Card,47956,62275.39,113341.21,17429.21
ORD01602,2024-04-30,CUST1073,PROD047,1,0.04,Credit Card,47956,57084.93,54801.53,6845.53
ORD01603,2024-03-21,CUST1923,PROD072,3,0.13,Debit Card,16543,22834.05,59596.87,9967.87
ORD01604,2025-10-20,CUST0624,PROD051,1,0.01,UPI,47215,55095.55,54544.59,7329.59
ORD01605,2023-12-08,CUST1477,PROD055,5,0.18,Debit Card,44065,55144.44,226092.2,5767.2
ORD01606,2023-05-13,CUST1340,PROD078,5,0.13,Credit Card,3912,5306.55,23083.49,3523.49
ORD01607,2024-03-18,CUST1346,PROD039,1,0.04,Credit Card,46187,54656.61,52470.35,6283.35
ORD01608,2023-09-10,CUST0087,PROD014,3,0.16,Debit Card,6122,8363.82,21076.83,2710.83
ORD01609,2023-09-22,CUST1918,PROD069,1,0.24,Credit Card,21682,27520.99,20915.95,-766.05
ORD01610,2023-04-03,CUST1498,PROD047,3,0.29,UPI,47956,60909.45,129737.13,-14130.87
ORD01611,2023-05-18,CUST0282,PROD021,2,0.16,UPI,22664,35620.23,59841.99,14513.99
ORD01612,2025-09-28,CUST1863,PROD015,2,0.04,Debit Card,18761,27402.38,52612.57,15090.57
ORD01613,2023-11-03,CUST0764,PROD100,3,0.24,Debit Card,41593,65228.89,148721.87,23942.87
ORD01614,2023-09-23,CUST1098,PROD097,4,0.21,UPI,10894,15350.3,48506.95,4930.95
ORD01615,2024-10-07,CUST0453,PROD081,2,0.29,Cash on Delivery,2375,3700.79,5255.12,505.12
ORD01616,2023-11-14,CUST0047,PROD084,5,0.16,Cash on Delivery,6252,9545.82,40092.44,8832.44
ORD01617,2025-06-19,CUST1612,PROD001,1,0.11,Cash on Delivery,19397,31016.37,27604.57,8207.57
ORD01618,2024-03-29,CUST1120,PROD080,4,0.29,Debit Card,24906,34280.53,97356.71,-2267.29
ORD01619,2023-07-10,CUST0938,PROD082,5,0.16,UPI,37566,54968.7,230868.54,43038.54
ORD01620,2025-04-10,CUST0031,PROD010,1,0.0,UPI,38184,46672.35,46672.35,8488.35
ORD01621,2023-07-06,CUST0534,PROD023,5,0.14,UPI,14296,22484.34,96682.66,25202.66
ORD01622,2025-03-29,CUST0017,PROD018,4,0.0,UPI,34967,46486.4,185945.6,46077.6
ORD01623,2025-10-17,CUST1236,PROD058,3,0.22,Debit Card,29901,46719.87,109324.5,19621.5
ORD01624,2023-05-12,CUST1684,PROD073,1,0.17,UPI,46032,55023.0,45669.09,-362.91
ORD01625,2025-05-21,CUST1259,PROD094,5,0.03,UPI,11294,15606.78,75692.88,19222.88
ORD01626,2024-09-26,CUST0392,PROD077,5,0.24,Credit Card,10916,12560.28,47729.06,-6850.94
ORD01627,2024-11-21,CUST1007,PROD052,4,0.16,Credit Card,20157,26954.11,90565.81,9937.81
ORD01628,2024-11-22,CUST0354,PROD095,4,0.03,Credit Card,3434,4077.64,15821.24,2085.24
ORD01629,2025-11-23,CUST0305,PROD046,4,0.05,Credit Card,11014,14892.37,56591.01,12535.01
ORD01630,2024-08-04,CUST1623,PROD013,3,0.25,Debit Card,24204,33888.21,76248.47,3636.47
ORD01631,2023-06-20,CUST1574,PROD096,2,0.11,Cash on Delivery,16906,25925.73,46147.8,12335.8
ORD01632,2025-02-22,CUST1589,PROD017,5,0.25,Credit Card,28919,37101.48,139130.55,-5464.45
ORD01633,2025-12-18,CUST1564,PROD067,3,0.02,Credit Card,26070,36630.01,107692.23,29482.23
ORD01634,2023-06-30,CUST1613,PROD061,5,0.07,Credit Card,13164,15532.28,72225.1,6405.1
ORD01635,2023-01-19,CUST1949,PROD065,3,0.23,Debit Card,5346,8345.52,19278.15,3240.15
ORD01636,2025-05-30,CUST0509,PROD053,1,0.19,Cash on Delivery,45509,61586.37,49884.96,4375.96
ORD01637,2023-06-24,CUST0712,PROD005,2,0.09,UPI,14250,18007.23,32773.16,4273.16
ORD01638,2023-02-23,CUST1419,PROD032,5,0.28,Credit Card,17963,24401.91,87846.88,-1968.12
ORD01639,2024-11-25,CUST1455,PROD089,4,0.06,Cash on Delivery,21871,29890.61,112388.69,24904.69
ORD01640,2025-05-12,CUST0685,PROD045,2,0.25,UPI,45004,66807.69,100211.54,10203.54
ORD01641,2023-12-15,CUST0786,PROD056,5,0.21,Credit Card,6756,10732.3,42392.58,8612.58
ORD01642,2024-03-18,CUST1586,PROD005,1,0.04,Debit Card,14250,17581.14,16877.89,2627.89
ORD01643,2025-04-12,CUST0857,PROD087,5,0.17,Debit Card,1853,2176.39,9032.02,-232.98
ORD01644,2024-08-02,CUST0177,PROD076,5,0.28,Debit Card,19739,28524.2,102687.12,3992.12
ORD01645,2023-10-09,CUST1430,PROD034,5,0.19,UPI,48452,75006.62,303776.81,61516.81
ORD01646,2023-12-26,CUST0301,PROD061,2,0.16,Debit Card,13164,18485.79,31056.13,4728.13
ORD01647,2025-07-03,CUST0445,PROD087,5,0.11,Cash on Delivery,1853,2197.55,9779.1,514.1
ORD01648,2025-04-02,CUST1763,PROD080,4,0.24,UPI,24906,33369.03,101441.85,1817.85
ORD01649,2025-06-10,CUST1151,PROD062,3,0.27,Debit Card,42867,61926.94,135620.0,7019.0
ORD01650,2025-08-10,CUST1373,PROD069,4,0.23,Cash on Delivery,21682,28135.03,86655.89,-72.11
ORD01651,2024-10-02,CUST0021,PROD063,1,0.22,Cash on Delivery,48779,74642.02,58220.78,9441.78
ORD01652,2025-10-28,CUST1016,PROD044,2,0.06,Credit Card,31606,39542.65,74340.18,11128.18
ORD01653,2024-07-16,CUST0711,PROD028,3,0.25,Credit Card,24730,32495.78,73115.5,-1074.5
ORD01654,2024-05-05,CUST0701,PROD070,2,0.01,Cash on Delivery,39873,62297.36,123348.77,43602.77
ORD01655,2023-12-07,CUST1868,PROD013,2,0.23,Credit Card,24204,34081.59,52485.65,4077.65
ORD01656,2024-04-16,CUST1444,PROD043,5,0.06,Credit Card,1019,1174.71,5521.14,426.14
ORD01657,2023-09-06,CUST0152,PROD030,4,0.15,UPI,27284,34372.65,116867.01,7731.01
ORD01658,2023-08-23,CUST1184,PROD026,3,0.21,Debit Card,1165,1734.68,4111.19,616.19
ORD01659,2025-04-03,CUST0859,PROD081,5,0.23,UPI,2375,2786.88,10729.49,-1145.51
ORD01660,2024-09-23,CUST1504,PROD063,3,0.27,UPI,48779,77893.98,170587.82,24250.82
ORD01661,2024-06-12,CUST1467,PROD073,4,0.08,Credit Card,46032,71536.38,263253.88,79125.88
ORD01662,2023-05-02,CUST0096,PROD057,5,0.07,Debit Card,43648,54591.52,253850.57,35610.57
ORD01663,2025-06-10,CUST1376,PROD064,3,0.3,UPI,24886,38647.39,81159.52,6501.52
ORD01664,2023-01-10,CUST1099,PROD080,5,0.06,UPI,24906,36481.39,171462.53,46932.53
ORD01665,2025-04-17,CUST0878,PROD049,2,0.2,UPI,1602,2148.94,3438.3,234.3
ORD01666,2025-01-22,CUST1618,PROD052,1,0.29,UPI,20157,24959.46,17721.22,-2435.78
ORD01667,2025-06-04,CUST0640,PROD063,3,0.27,Debit Card,48779,60490.6,132474.41,-13862.59
ORD01668,2024-04-08,CUST1383,PROD082,4,0.13,Credit Card,37566,53243.55,185287.55,35023.55
ORD01669,2024-12-12,CUST1157,PROD013,3,0.19,Cash on Delivery,24204,32366.26,78650.01,6038.01
ORD01670,2024-12-28,CUST0400,PROD093,1,0.16,Credit Card,48575,68871.71,57852.24,9277.24
ORD01671,2024-12-17,CUST1163,PROD088,3,0.1,Cash on Delivery,27486,35693.73,96373.07,13915.07
ORD01672,2023-03-21,CUST0246,PROD045,3,0.04,UPI,45004,56414.02,162472.38,27460.38
ORD01673,2024-04-24,CUST1315,PROD046,3,0.24,Cash on Delivery,11014,16812.32,38332.09,5290.09
ORD01674,2025-06-20,CUST0112,PROD077,4,0.03,Debit Card,10916,17072.84,66242.62,22578.62
ORD01675,2025-06-09,CUST1739,PROD089,1,0.18,Debit Card,21871,32092.76,26316.06,4445.06
ORD01676,2023-01-18,CUST1194,PROD041,1,0.18,UPI,37776,46189.28,37875.21,99.21
ORD01677,2023-07-21,CUST1623,PROD046,4,0.1,Debit Card,11014,13123.62,47245.03,3189.03
ORD01678,2025-01-10,CUST1655,PROD001,3,0.04,UPI,19397,27012.02,77794.62,19603.62
ORD01679,2023-11-15,CUST1634,PROD073,3,0.24,Cash on Delivery,46032,64337.02,146688.41,8592.41
ORD01680,2023-08-05,CUST1264,PROD068,1,0.14,Credit Card,30755,44215.19,38025.06,7270.06
ORD01681,2025-11-23,CUST1361,PROD092,3,0.22,Credit Card,4811,7494.47,17537.06,3104.06
ORD01682,2023-09-23,CUST1162,PROD012,2,0.0,Cash on Delivery,33865,48801.4,97602.8,29872.8
ORD01683,2024-12-24,CUST1618,PROD088,3,0.02,Credit Card,27486,42940.44,126244.89,43786.89
ORD01684,2025-02-13,CUST1260,PROD073,3,0.05,UPI,46032,55374.83,157818.27,19722.27
ORD01685,2024-02-17,CUST1672,PROD035,5,0.03,Cash on Delivery,34337,50446.59,244665.96,72980.96
ORD01686,2025-11-01,CUST0794,PROD099,1,0.06,UPI,42208,66154.65,62185.37,19977.37
ORD01687,2024-02-05,CUST1027,PROD033,1,0.21,Credit Card,8919,12114.34,9570.33,651.33
ORD01688,2024-12-24,CUST1595,PROD058,2,0.01,UPI,29901,47404.57,93861.05,34059.05
ORD01689,2023-10-09,CUST0116,PROD035,2,0.01,Debit Card,34337,48024.79,95089.08,26415.08
ORD01690,2024-12-23,CUST1496,PROD046,2,0.01,Credit Card,11014,17339.76,34332.72,12304.72
ORD01691,2025-01-20,CUST1155,PROD084,1,0.21,Debit Card,6252,9295.68,7343.59,1091.59
ORD01692,2023-09-25,CUST0934,PROD066,5,0.16,Debit Card,26705,36211.78,152089.48,18564.48
ORD01693,2023-10-25,CUST1922,PROD044,5,0.11,Cash on Delivery,31606,36834.62,163914.06,5884.06
ORD01694,2024-07-23,CUST1507,PROD026,4,0.2,Cash on Delivery,1165,1684.39,5390.05,730.05
ORD01695,2024-05-23,CUST1425,PROD042,1,0.17,UPI,35023,44283.97,36755.7,1732.7
ORD01696,2024-06-29,CUST1225,PROD077,4,0.0,UPI,10916,13971.33,55885.32,12221.32
ORD01697,2025-02-13,CUST0292,PROD030,3,0.25,Credit Card,27284,31619.5,71143.88,-10708.12
ORD01698,2023-12-31,CUST0342,PROD032,2,0.11,UPI,17963,25165.15,44793.97,8867.97
ORD01699,2024-06-30,CUST1015,PROD036,4,0.12,UPI,5763,7377.69,25969.47,2917.47
ORD01700,2023-09-28,CUST1634,PROD019,4,0.23,Cash on Delivery,26105,41561.11,128008.22,23588.22
ORD01701,2025-01-08,CUST1240,PROD022,1,0.06,Cash on Delivery,46697,69440.94,65274.48,18577.48
ORD01702,2024-06-20,CUST1660,PROD065,2,0.0,Debit Card,5346,7007.91,14015.82,3323.82
ORD01703,2023-02-28,CUST0585,PROD057,2,0.27,UPI,43648,55978.64,81728.81,-5567.19
ORD01704,2023-03-27,CUST1390,PROD011,5,0.15,Cash on Delivery,23684,34856.64,148140.72,29720.72
ORD01705,2025-02-01,CUST1914,PROD026,4,0.1,Credit Card,1165,1473.02,5302.87,642.87
ORD01706,2024-01-25,CUST1666,PROD048,5,0.25,UPI,7733,10451.94,39194.78,529.78
ORD01707,2024-12-19,CUST1493,PROD019,4,0.01,Credit Card,26105,31904.84,126343.17,21923.17
ORD01708,2025-05-05,CUST1442,PROD083,1,0.06,Debit Card,37036,46826.42,44016.83,6980.83
ORD01709,2023-05-29,CUST0027,PROD012,1,0.05,Debit Card,33865,40444.07,38421.87,4556.87
ORD01710,2024-08-05,CUST1701,PROD067,3,0.22,Cash on Delivery,26070,34991.58,81880.3,3670.3
ORD01711,2023-05-01,CUST0455,PROD056,4,0.09,Cash on Delivery,6756,10587.01,38536.72,11512.72
ORD01712,2025-02-03,CUST0918,PROD018,4,0.23,Debit Card,34967,41799.1,128741.23,-11126.77
ORD01713,2024-08-27,CUST0580,PROD005,2,0.01,Credit Card,14250,19191.88,37999.92,9499.92
ORD01714,2023-09-13,CUST0014,PROD024,2,0.18,Debit Card,37354,47971.69,78673.57,3965.57
ORD01715,2025-02-04,CUST0098,PROD078,5,0.1,Debit Card,3912,5137.76,23119.92,3559.92
ORD01716,2025-05-13,CUST0279,PROD038,3,0.06,Cash on Delivery,41219,61711.79,174027.25,50370.25
ORD01717,2025-03-10,CUST1964,PROD067,1,0.25,UPI,26070,35084.21,26313.16,243.16
ORD01718,2023-02-28,CUST0490,PROD070,4,0.12,Cash on Delivery,39873,57523.86,202483.99,42991.99
ORD01719,2025-10-18,CUST0985,PROD076,5,0.17,Cash on Delivery,19739,31335.44,130042.08,31347.08
ORD01720,2025-12-28,CUST0961,PROD052,3,0.01,Credit Card,20157,28772.25,85453.58,24982.58
ORD01721,2024-01-23,CUST1907,PROD075,2,0.24,Debit Card,900,1171.64,1780.89,-19.11
ORD01722,2025-02-24,CUST1783,PROD039,3,0.09,UPI,46187,61379.99,167567.37,29006.37
ORD01723,2024-08-15,CUST0624,PROD059,5,0.21,UPI,42048,61522.91,243015.49,32775.49
ORD01724,2025-06-27,CUST0207,PROD026,1,0.23,Cash on Delivery,1165,1703.75,1311.89,146.89
ORD01725,2024-07-19,CUST1888,PROD065,2,0.04,Cash on Delivery,5346,7033.45,13504.22,2812.22
ORD01726,2024-02-03,CUST1870,PROD080,2,0.09,Debit Card,24906,36761.51,66905.95,17093.95
ORD01727,2025-06-17,CUST1257,PROD048,1,0.22,Credit Card,7733,10808.87,8430.92,697.92
ORD01728,2023-10-20,CUST1597,PROD053,2,0.07,Debit Card,45509,72413.43,134688.98,43670.98
ORD01729,2024-04-29,CUST0597,PROD009,5,0.25,UPI,7565,11791.12,44216.7,6391.7
ORD01730,2025-03-13,CUST0695,PROD005,2,0.09,Credit Card,14250,21670.46,39440.24,10940.24
ORD01731,2025-06-08,CUST1263,PROD072,4,0.12,Cash on Delivery,16543,19280.05,67865.78,1693.78
ORD01732,2023-09-01,CUST0250,PROD061,3,0.03,Cash on Delivery,13164,17392.22,50611.36,11119.36
ORD01733,2025-08-17,CUST1607,PROD021,5,0.04,UPI,22664,31910.48,153170.3,39850.3
ORD01734,2025-03-26,CUST0740,PROD097,1,0.08,Debit Card,10894,15085.22,13878.4,2984.4
ORD01735,2023-09-30,CUST1621,PROD063,5,0.01,Credit Card,48779,72856.54,360639.87,116744.87
ORD01736,2024-06-03,CUST0306,PROD020,4,0.06,Debit Card,29671,46259.69,173936.43,55252.43
ORD01737,2024-07-21,CUST1932,PROD058,2,0.12,Debit Card,29901,44977.51,79160.42,19358.42
ORD01738,2024-09-29,CUST1487,PROD045,2,0.11,Debit Card,45004,56214.07,100061.04,10053.04
ORD01739,2023-06-08,CUST1807,PROD022,5,0.06,Cash on Delivery,46697,63906.03,300358.34,66873.34
ORD01740,2024-10-13,CUST1937,PROD077,2,0.02,UPI,10916,14486.9,28394.32,6562.32
ORD01741,2023-06-25,CUST1826,PROD075,2,0.1,Credit Card,900,1345.31,2421.56,621.56
ORD01742,2024-09-11,CUST1260,PROD082,4,0.22,Credit Card,37566,58332.7,181998.02,31734.02
ORD01743,2023-07-30,CUST1315,PROD063,1,0.15,UPI,48779,62391.88,53033.1,4254.1
ORD01744,2024-03-22,CUST1063,PROD030,3,0.28,Credit Card,27284,37379.34,80739.37,-1112.63
ORD01745,2024-08-08,CUST0998,PROD063,5,0.04,Credit Card,48779,72161.86,346376.93,102481.93
ORD01746,2023-06-16,CUST0718,PROD097,1,0.06,Debit Card,10894,12772.98,12006.6,1112.6
ORD01747,2024-04-04,CUST0183,PROD044,3,0.08,Debit Card,31606,50044.38,138122.49,43304.49
ORD01748,2025-07-04,CUST1723,PROD067,1,0.0,UPI,26070,39365.28,39365.28,13295.28
ORD01749,2025-11-18,CUST0645,PROD058,5,0.28,Credit Card,29901,41689.32,150081.55,576.55
ORD01750,2024-12-14,CUST0030,PROD065,4,0.13,UPI,5346,8021.1,27913.43,6529.43
ORD01751,2025-04-20,CUST1412,PROD036,4,0.14,UPI,5763,8796.42,30259.68,7207.68
ORD01752,2025-05-17,CUST0767,PROD006,4,0.05,UPI,17488,23997.49,91190.46,21238.46
ORD01753,2024-11-18,CUST1167,PROD037,1,0.26,UPI,49377,66561.79,49255.72,-121.28
ORD01754,2023-11-26,CUST0615,PROD093,5,0.21,Debit Card,48575,74172.4,292980.98,50105.98
ORD01755,2023-04-05,CUST1443,PROD075,2,0.13,Cash on Delivery,900,1383.17,2406.72,606.72
ORD01756,2025-02-23,CUST1005,PROD055,2,0.26,UPI,44065,53126.19,78626.76,-9503.24
ORD01757,2024-10-10,CUST0074,PROD077,4,0.27,Credit Card,10916,17012.9,49677.67,6013.67
ORD01758,2023-12-19,CUST1079,PROD075,1,0.01,Cash on Delivery,900,1147.1,1135.63,235.63
ORD01759,2025-07-18,CUST0962,PROD059,2,0.04,Debit Card,42048,60979.07,117079.81,32983.81
ORD01760,2025-07-29,CUST1772,PROD038,1,0.01,Cash on Delivery,41219,60558.53,59952.94,18733.94
ORD01761,2025-09-10,CUST1596,PROD025,5,0.17,Cash on Delivery,31820,40598.36,168483.19,9383.19
ORD01762,2025-11-08,CUST0024,PROD079,4,0.07,Debit Card,16940,21799.73,81095.0,13335.0
ORD01763,2024-10-07,CUST1046,PROD077,3,0.25,UPI,10916,16022.89,36051.5,3303.5
ORD01764,2024-09-17,CUST0428,PROD033,4,0.14,Cash on Delivery,8919,10959.53,37700.78,2024.78
ORD01765,2023-05-19,CUST1056,PROD013,3,0.25,Debit Card,24204,37184.27,83664.61,11052.61
ORD01766,2024-12-16,CUST0863,PROD038,2,0.17,Debit Card,41219,51536.24,85550.16,3112.16
ORD01767,2025-01-31,CUST0339,PROD058,3,0.24,Cash on Delivery,29901,39111.33,89173.83,-529.17
ORD01768,2023-09-12,CUST1971,PROD088,1,0.11,Debit Card,27486,34907.12,31067.34,3581.34
ORD01769,2024-11-06,CUST1539,PROD020,3,0.28,Cash on Delivery,29671,37396.86,80777.22,-8235.78
ORD01770,2023-04-02,CUST0512,PROD017,2,0.2,Cash on Delivery,28919,45995.37,73592.59,15754.59
ORD01771,2025-12-28,CUST1094,PROD024,2,0.18,Debit Card,37354,47215.31,77433.11,2725.11
ORD01772,2023-02-06,CUST0672,PROD026,4,0.11,Debit Card,1165,1642.94,5848.87,1188.87
ORD01773,2023-05-20,CUST1922,PROD040,2,0.28,Debit Card,34631,51441.64,74075.96,4813.96
ORD01774,2025-05-16,CUST1112,PROD032,1,0.1,Cash on Delivery,17963,20996.74,18897.07,934.07
ORD01775,2024-11-10,CUST0877,PROD093,3,0.25,Credit Card,48575,75131.31,169045.45,23320.45
ORD01776,2023-05-17,CUST0571,PROD078,5,0.12,Debit Card,3912,4767.95,20978.98,1418.98
ORD01777,2023-07-09,CUST0764,PROD037,2,0.23,Debit Card,49377,69850.17,107569.26,8815.26
ORD01778,2023-12-08,CUST1243,PROD086,3,0.27,UPI,12989,18684.78,40919.67,1952.67
ORD01779,2025-10-25,CUST0713,PROD098,4,0.14,Debit Card,27372,39232.41,134959.49,25471.49
ORD01780,2025-08-29,CUST0589,PROD091,5,0.16,Cash on Delivery,15191,22483.45,94430.49,18475.49
ORD01781,2024-10-23,CUST0767,PROD092,4,0.1,Debit Card,4811,7548.73,27175.43,7931.43
ORD01782,2023-08-31,CUST1783,PROD086,1,0.02,UPI,12989,20355.06,19947.96,6958.96
ORD01783,2024-02-19,CUST1294,PROD060,4,0.2,Credit Card,7054,9947.09,31830.69,3614.69
ORD01784,2024-12-07,CUST0819,PROD057,3,0.04,Credit Card,43648,57461.0,165487.68,34543.68
ORD01785,2023-12-09,CUST1675,PROD058,5,0.11,Debit Card,29901,38712.14,172269.02,22764.02
ORD01786,2024-11-12,CUST0078,PROD067,4,0.1,Credit Card,26070,40382.67,145377.61,41097.61
ORD01787,2024-10-14,CUST1616,PROD022,4,0.05,Cash on Delivery,46697,71628.9,272189.82,85401.82
ORD01788,2023-05-26,CUST0010,PROD058,1,0.2,Credit Card,29901,38366.57,30693.26,792.26
ORD01789,2023-11-19,CUST1492,PROD085,3,0.05,Cash on Delivery,21717,26463.41,75420.72,10269.72
ORD01790,2023-05-02,CUST1360,PROD080,4,0.23,Credit Card,24906,38293.32,117943.43,18319.43
ORD01791,2023-11-07,CUST0636,PROD073,3,0.07,Credit Card,46032,65538.39,182852.11,44756.11
ORD01792,2024-08-23,CUST1210,PROD077,2,0.09,Cash on Delivery,10916,14091.6,25646.71,3814.71
ORD01793,2024-04-19,CUST1570,PROD074,1,0.1,Cash on Delivery,36254,51654.41,46488.97,10234.97
ORD01794,2024-07-23,CUST1145,PROD049,1,0.05,Debit Card,1602,1890.02,1795.52,193.52
ORD01795,2024-07-28,CUST0592,PROD085,1,0.13,Cash on Delivery,21717,26832.69,23344.44,1627.44
ORD01796,2023-12-13,CUST0718,PROD049,3,0.02,Debit Card,1602,2235.76,6573.13,1767.13
ORD01797,2025-03-30,CUST0565,PROD042,4,0.13,UPI,35023,48773.93,169733.28,29641.28
ORD01798,2024-01-17,CUST1692,PROD040,4,0.1,Cash on Delivery,34631,43669.72,157210.99,18686.99
ORD01799,2023-03-13,CUST1298,PROD071,3,0.1,Debit Card,43519,69279.63,187055.0,56498.0
ORD01800,2024-06-04,CUST0410,PROD046,3,0.2,Debit Card,11014,14710.26,35304.62,2262.62
ORD01801,2025-07-21,CUST0358,PROD022,2,0.23,Credit Card,46697,68590.52,105629.4,12235.4
ORD01802,2023-12-05,CUST1671,PROD082,5,0.11,Cash on Delivery,37566,47570.04,211686.68,23856.68
ORD01803,2024-10-25,CUST1965,PROD021,5,0.08,Credit Card,22664,30392.76,139806.7,26486.7
ORD01804,2023-02-09,CUST0098,PROD051,1,0.15,Debit Card,47215,71958.03,61164.33,13949.33
ORD01805,2024-07-27,CUST1007,PROD014,4,0.24,Cash on Delivery,6122,9378.1,28509.42,4021.42
ORD01806,2025-08-23,CUST0241,PROD074,1,0.19,Debit Card,36254,43898.76,35558.0,-696.0
ORD01807,2024-08-03,CUST0557,PROD097,4,0.01,Credit Card,10894,14266.8,56496.53,12920.53
ORD01808,2023-06-19,CUST0711,PROD009,4,0.14,Debit Card,7565,9391.32,32306.14,2046.14
ORD01809,2024-12-01,CUST1827,PROD018,2,0.3,Debit Card,34967,54220.56,75908.78,5974.78
ORD01810,2024-05-25,CUST1972,PROD013,3,0.11,Credit Card,24204,36045.51,96241.51,23629.51
ORD01811,2024-08-06,CUST1138,PROD017,3,0.13,Cash on Delivery,28919,40587.53,105933.45,19176.45
ORD01812,2025-09-10,CUST1511,PROD087,3,0.09,Credit Card,1853,2673.02,7297.34,1738.34
ORD01813,2024-04-03,CUST1813,PROD025,5,0.15,Cash on Delivery,31820,49682.78,211151.82,52051.82
ORD01814,2024-06-12,CUST1265,PROD054,3,0.05,Cash on Delivery,39049,50235.52,143171.23,26024.23
ORD01815,2023-12-07,CUST0156,PROD016,5,0.07,UPI,45432,52526.38,244247.67,17087.67
ORD01816,2023-02-26,CUST0352,PROD024,1,0.21,Debit Card,37354,43400.11,34286.09,-3067.91
ORD01817,2023-08-06,CUST0044,PROD095,5,0.04,Cash on Delivery,3434,4021.25,19302.0,2132.0
ORD01818,2024-09-10,CUST0592,PROD075,4,0.28,Cash on Delivery,900,1087.03,3130.65,-469.35
ORD01819,2025-03-26,CUST1336,PROD023,2,0.09,Credit Card,14296,20112.95,36605.57,8013.57
ORD01820,2024-12-31,CUST0138,PROD041,2,0.17,Cash on Delivery,37776,60120.09,99799.35,24247.35
ORD01821,2024-04-08,CUST1687,PROD086,4,0.1,Cash on Delivery,12989,17391.79,62610.44,10654.44
ORD01822,2023-09-04,CUST1968,PROD033,1,0.14,Credit Card,8919,13116.17,11279.91,2360.91
ORD01823,2024-12-30,CUST0436,PROD042,2,0.27,Cash on Delivery,35023,52761.44,77031.7,6985.7
ORD01824,2024-01-08,CUST0754,PROD048,4,0.02,Debit Card,7733,11681.69,45792.22,14860.22
ORD01825,2024-02-21,CUST0143,PROD018,2,0.26,Debit Card,34967,47187.38,69837.32,-96.68
ORD01826,2025-11-20,CUST1024,PROD063,5,0.17,Credit Card,48779,68167.47,282895.0,39000.0
ORD01827,2024-01-03,CUST1847,PROD078,2,0.2,Cash on Delivery,3912,5077.54,8124.06,300.06
ORD01828,2024-07-12,CUST1323,PROD092,5,0.02,Debit Card,4811,7021.83,34406.97,10351.97
ORD01829,2023-04-18,CUST1586,PROD011,5,0.23,UPI,23684,31317.12,120570.91,2150.91
ORD01830,2024-08-06,CUST0262,PROD024,2,0.04,Credit Card,37354,48185.86,92516.85,17808.85
ORD01831,2025-04-18,CUST0512,PROD061,2,0.29,Credit Card,13164,18854.62,26773.56,445.56
ORD01832,2024-02-22,CUST0673,PROD064,5,0.24,Debit Card,24886,32440.52,123273.98,-1156.02
ORD01833,2025-03-31,CUST0062,PROD036,2,0.15,Credit Card,5763,7685.54,13065.42,1539.42
ORD01834,2024-11-13,CUST1591,PROD083,1,0.28,Cash on Delivery,37036,54438.96,39196.05,2160.05
ORD01835,2023-09-13,CUST1447,PROD077,3,0.05,Debit Card,10916,16745.15,47723.68,14975.68
ORD01836,2025-02-18,CUST1420,PROD097,3,0.3,UPI,10894,14659.63,30785.22,-1896.78
ORD01837,2025-04-17,CUST1908,PROD053,4,0.22,Cash on Delivery,45509,63029.51,196652.07,14616.07
ORD01838,2025-07-03,CUST0031,PROD083,3,0.03,UPI,37036,55030.76,160139.51,49031.51
ORD01839,2023-08-23,CUST1354,PROD047,1,0.16,UPI,47956,60003.83,50403.22,2447.22
ORD01840,2024-07-06,CUST0949,PROD052,3,0.21,Credit Card,20157,26944.92,63859.46,3388.46
ORD01841,2023-06-30,CUST0802,PROD096,3,0.18,UPI,16906,25615.22,63013.44,12295.44
ORD01842,2023-06-06,CUST1193,PROD079,1,0.13,Cash on Delivery,16940,26299.64,22880.69,5940.69
ORD01843,2024-07-24,CUST0266,PROD057,5,0.07,Debit Card,43648,62862.16,292309.04,74069.04
ORD01844,2025-05-06,CUST0308,PROD075,3,0.07,Debit Card,900,1194.33,3332.18,632.18
ORD01845,2025-11-13,CUST0459,PROD023,4,0.28,UPI,14296,20338.42,58574.65,1390.65
ORD01846,2025-08-05,CUST1209,PROD059,3,0.07,UPI,42048,51739.18,144352.31,18208.31
ORD01847,2024-08-14,CUST0334,PROD069,3,0.29,Debit Card,21682,25220.14,53718.9,-11327.1
ORD01848,2023-05-14,CUST0515,PROD056,1,0.06,UPI,6756,7996.25,7516.48,760.48
ORD01849,2024-02-25,CUST0441,PROD086,1,0.12,Cash on Delivery,12989,15569.62,13701.27,712.27
ORD01850,2023-08-01,CUST0673,PROD042,4,0.0,UPI,35023,43832.92,175331.68,35239.68
ORD01851,2025-06-18,CUST0391,PROD018,2,0.27,UPI,34967,47477.37,69316.96,-617.04
ORD01852,2024-04-26,CUST1796,PROD071,1,0.03,Cash on Delivery,43519,54596.27,52958.38,9439.38
ORD01853,2023-12-14,CUST0935,PROD033,2,0.11,Debit Card,8919,12604.9,22436.72,4598.72
ORD01854,2023-06-15,CUST0560,PROD003,4,0.25,Debit Card,7361,11771.97,35315.91,5871.91
ORD01855,2025-07-25,CUST0254,PROD028,3,0.24,UPI,24730,33983.51,77482.4,3292.4
ORD01856,2023-12-14,CUST1610,PROD001,3,0.25,Debit Card,19397,28912.88,65053.98,6862.98
ORD01857,2025-04-28,CUST1359,PROD063,2,0.27,Cash on Delivery,48779,62514.23,91270.78,-6287.22
ORD01858,2024-02-02,CUST1424,PROD047,4,0.27,UPI,47956,75928.54,221711.34,29887.34
ORD01859,2024-08-05,CUST1190,PROD037,4,0.23,UPI,49377,62318.59,191941.26,-5566.74
ORD01860,2024-12-26,CUST1284,PROD086,1,0.17,UPI,12989,18424.69,15292.49,2303.49
ORD01861,2023-11-04,CUST1028,PROD048,2,0.17,Credit Card,7733,12314.79,20442.55,4976.55
ORD01862,2025-09-17,CUST1912,PROD019,1,0.0,Credit Card,26105,39515.41,39515.41,13410.41
ORD01863,2025-03-08,CUST0119,PROD014,2,0.22,Cash on Delivery,6122,9773.25,15246.27,3002.27
ORD01864,2024-12-19,CUST0996,PROD067,1,0.07,UPI,26070,34435.4,32024.92,5954.92
ORD01865,2024-04-10,CUST1947,PROD083,1,0.25,Cash on Delivery,37036,43885.22,32913.92,-4122.08
ORD01866,2023-04-09,CUST0470,PROD097,4,0.17,Credit Card,10894,13721.76,45556.24,1980.24
ORD01867,2023-06-07,CUST1494,PROD085,4,0.3,UPI,21717,34332.97,96132.32,9264.32
ORD01868,2024-09-01,CUST0785,PROD065,3,0.06,Credit Card,5346,7039.4,19851.11,3813.11
ORD01869,2024-07-07,CUST1517,PROD026,3,0.22,UPI,1165,1405.16,3288.07,-206.93
ORD01870,2024-10-12,CUST1762,PROD010,4,0.16,Cash on Delivery,38184,54102.8,181785.41,29049.41
ORD01871,2025-07-08,CUST1888,PROD099,4,0.28,Cash on Delivery,42208,58044.05,167166.86,-1665.14
ORD01872,2023-08-15,CUST1524,PROD077,1,0.08,Cash on Delivery,10916,12860.26,11831.44,915.44
ORD01873,2024-02-27,CUST1094,PROD070,3,0.02,Credit Card,39873,53981.09,158704.4,39085.4
ORD01874,2025-12-31,CUST0694,PROD043,4,0.16,Cash on Delivery,1019,1462.05,4912.49,836.49
ORD01875,2023-08-31,CUST0865,PROD070,2,0.16,Debit Card,39873,50029.04,84048.79,4302.79
ORD01876,2024-06-13,CUST0776,PROD099,2,0.09,Debit Card,42208,50902.78,92643.06,8227.06
ORD01877,2025-12-04,CUST1394,PROD080,3,0.3,Cash on Delivery,24906,38334.28,80501.99,5783.99
ORD01878,2024-01-06,CUST0181,PROD072,2,0.02,Cash on Delivery,16543,23680.5,46413.78,13327.78
ORD01879,2024-10-13,CUST1029,PROD059,1,0.17,Credit Card,42048,51292.91,42573.12,525.12
ORD01880,2024-11-19,CUST1221,PROD003,3,0.08,UPI,7361,10549.04,29115.35,7032.35
ORD01881,2025-01-03,CUST0047,PROD005,4,0.0,Credit Card,14250,21102.33,84409.32,27409.32
ORD01882,2023-04-02,CUST1994,PROD085,2,0.3,Credit Card,21717,30813.98,43139.57,-294.43
ORD01883,2025-11-11,CUST1576,PROD095,1,0.14,Cash on Delivery,3434,4128.6,3550.6,116.6
ORD01884,2023-06-21,CUST0634,PROD078,4,0.26,Debit Card,3912,4718.4,13966.46,-1681.54
ORD01885,2023-06-28,CUST1671,PROD083,5,0.25,Debit Card,37036,43343.79,162539.21,-22640.79
ORD01886,2023-08-26,CUST1164,PROD037,1,0.24,Debit Card,49377,61983.04,47107.11,-2269.89
ORD01887,2025-05-26,CUST1886,PROD084,2,0.14,Credit Card,6252,7357.62,12655.11,151.11
ORD01888,2025-06-20,CUST1689,PROD052,1,0.27,Debit Card,20157,30485.18,22254.18,2097.18
ORD01889,2023-10-07,CUST1564,PROD066,5,0.11,Debit Card,26705,30895.88,137486.67,3961.67
ORD01890,2025-11-08,CUST1451,PROD063,5,0.12,Cash on Delivery,48779,68849.49,302937.76,59042.76
ORD01891,2025-01-09,CUST0589,PROD007,1,0.08,Debit Card,3479,5268.68,4847.19,1368.19
ORD01892,2024-01-06,CUST1711,PROD097,4,0.13,UPI,10894,16914.99,58864.17,15288.17
ORD01893,2025-05-19,CUST1585,PROD053,4,0.3,Cash on Delivery,45509,60720.6,170017.68,-12018.32
ORD01894,2025-10-15,CUST1878,PROD006,5,0.17,UPI,17488,24997.63,103740.16,16300.16
ORD01895,2023-08-09,CUST0310,PROD007,3,0.25,Credit Card,3479,5489.95,12352.39,1915.39
ORD01896,2025-07-08,CUST0274,PROD044,3,0.08,Debit Card,31606,45899.01,126681.27,31863.27
ORD01897,2023-10-31,CUST1563,PROD018,4,0.29,Credit Card,34967,54390.87,154470.07,14602.07
ORD01898,2024-03-13,CUST0840,PROD054,3,0.0,Credit Card,39049,56930.76,170792.28,53645.28
ORD01899,2024-01-10,CUST1414,PROD029,4,0.28,Debit Card,23495,27738.17,79885.93,-14094.07
ORD01900,2024-01-16,CUST0459,PROD083,2,0.27,Cash on Delivery,37036,45872.69,66974.13,-7097.87
ORD01901,2025-09-12,CUST0733,PROD025,4,0.02,Credit Card,31820,50059.32,196232.53,68952.53
ORD01902,2023-01-14,CUST1658,PROD063,2,0.18,Debit Card,48779,74628.02,122389.95,24831.95
ORD01903,2025-01-12,CUST0361,PROD068,5,0.24,Debit Card,30755,41218.61,156630.72,2855.72
ORD01904,2024-10-30,CUST1018,PROD013,3,0.12,UPI,24204,29589.55,78116.41,5504.41
ORD01905,2024-05-14,CUST1093,PROD032,5,0.03,Credit Card,17963,21927.91,106350.36,16535.36
ORD01906,2024-07-18,CUST1607,PROD027,1,0.25,Credit Card,33194,51689.3,38766.98,5572.98
ORD01907,2024-06-13,CUST0662,PROD051,1,0.14,Debit Card,47215,57828.63,49732.62,2517.62
ORD01908,2024-05-06,CUST0699,PROD034,5,0.08,UPI,48452,64142.02,295053.29,52793.29
ORD01909,2025-01-24,CUST1455,PROD028,4,0.02,Cash on Delivery,24730,38464.1,150779.27,51859.27
ORD01910,2023-10-27,CUST0885,PROD073,4,0.19,UPI,46032,53629.34,173759.06,-10368.94
ORD01911,2025-03-25,CUST0758,PROD072,3,0.01,Credit Card,16543,23719.91,70448.13,20819.13
ORD01912,2024-06-30,CUST1732,PROD085,5,0.24,UPI,21717,28400.8,107923.04,-661.96
ORD01913,2024-12-27,CUST1056,PROD030,1,0.23,Credit Card,27284,32699.94,25178.95,-2105.05
ORD01914,2024-12-31,CUST0621,PROD093,5,0.1,Cash on Delivery,48575,68266.61,307199.74,64324.74
ORD01915,2025-04-07,CUST1889,PROD009,5,0.14,Credit Card,7565,10350.47,44507.02,6682.02
ORD01916,2024-08-24,CUST1537,PROD013,3,0.2,Cash on Delivery,24204,28915.08,69396.19,-3215.81
ORD01917,2025-10-28,CUST0182,PROD082,4,0.29,Cash on Delivery,37566,47718.03,135519.21,-14744.79
ORD01918,2025-02-06,CUST0686,PROD064,1,0.16,Cash on Delivery,24886,36909.93,31004.34,6118.34
ORD01919,2025-05-24,CUST0681,PROD038,3,0.3,UPI,41219,61421.78,128985.74,5328.74
ORD01920,2025-07-25,CUST0248,PROD022,1,0.1,Cash on Delivery,46697,66282.06,59653.85,12956.85
ORD01921,2023-05-11,CUST0620,PROD031,1,0.16,Debit Card,15105,18121.76,15222.28,117.28
ORD01922,2024-08-30,CUST1906,PROD099,4,0.03,Credit Card,42208,64742.48,251200.82,82368.82
ORD01923,2023-01-26,CUST1321,PROD042,4,0.17,Credit Card,35023,42998.33,142754.46,2662.46
ORD01924,2024-09-26,CUST1800,PROD062,3,0.16,Credit Card,42867,63204.06,159274.23,30673.23
ORD01925,2024-04-28,CUST1952,PROD064,2,0.25,Credit Card,24886,29095.79,43643.68,-6128.32
ORD01926,2024-11-10,CUST0030,PROD074,3,0.3,Cash on Delivery,36254,47105.67,98921.91,-9840.09
ORD01927,2025-12-10,CUST1326,PROD009,3,0.3,UPI,7565,10328.21,21689.24,-1005.76
ORD01928,2023-01-05,CUST1500,PROD095,2,0.07,UPI,3434,3992.31,7425.7,557.7
ORD01929,2024-08-11,CUST0873,PROD044,1,0.1,UPI,31606,38786.86,34908.17,3302.17
ORD01930,2023-07-27,CUST0948,PROD063,5,0.08,UPI,48779,63096.11,290242.11,46347.11
ORD01931,2023-09-14,CUST1376,PROD040,2,0.06,Credit Card,34631,55137.0,103657.56,34395.56
ORD01932,2023-01-11,CUST0985,PROD088,5,0.05,Debit Card,27486,41250.0,195937.5,58507.5
ORD01933,2025-08-06,CUST1506,PROD041,1,0.15,Debit Card,37776,57733.57,49073.53,11297.53
ORD01934,2023-01-08,CUST0317,PROD072,2,0.26,UPI,16543,23993.68,35510.65,2424.65
ORD01935,2025-07-24,CUST0737,PROD050,4,0.18,Credit Card,1097,1405.89,4611.32,223.32
ORD01936,2023-02-01,CUST1421,PROD020,3,0.26,Cash on Delivery,29671,43594.16,96779.04,7766.04
ORD01937,2024-06-23,CUST1113,PROD081,2,0.29,UPI,2375,3451.31,4900.86,150.86
ORD01938,2025-10-01,CUST1258,PROD092,2,0.11,Cash on Delivery,4811,6853.16,12198.62,2576.62
ORD01939,2024-01-22,CUST0168,PROD070,1,0.25,Cash on Delivery,39873,51206.69,38405.02,-1467.98
ORD01940,2024-10-01,CUST0743,PROD042,4,0.02,Cash on Delivery,35023,44424.8,174145.22,34053.22
ORD01941,2023-07-26,CUST0126,PROD033,2,0.14,Debit Card,8919,11606.6,19963.35,2125.35
ORD01942,2024-07-10,CUST0573,PROD092,4,0.11,UPI,4811,6208.97,22103.93,2859.93
ORD01943,2023-12-14,CUST0120,PROD063,5,0.06,Credit Card,48779,57804.32,271680.3,27785.3
ORD01944,2025-03-03,CUST1452,PROD057,2,0.13,Credit Card,43648,65953.22,114758.6,27462.6
ORD01945,2023-08-22,CUST1009,PROD065,4,0.13,Credit Card,5346,7036.22,24486.05,3102.05
ORD01946,2025-12-03,CUST1214,PROD052,3,0.24,UPI,20157,29590.21,67465.68,6994.68
ORD01947,2025-10-02,CUST1657,PROD099,1,0.26,Debit Card,42208,53855.97,39853.42,-2354.58
ORD01948,2025-01-06,CUST1452,PROD088,4,0.2,Cash on Delivery,27486,39055.06,124976.19,15032.19
ORD01949,2025-07-30,CUST0560,PROD006,1,0.19,Credit Card,17488,20384.07,16511.1,-976.9
ORD01950,2023-06-25,CUST1226,PROD007,2,0.03,Debit Card,3479,4166.86,8083.71,1125.71
ORD01951,2024-03-24,CUST1083,PROD009,2,0.17,Cash on Delivery,7565,9940.7,16501.56,1371.56
ORD01952,2024-08-14,CUST0697,PROD061,5,0.08,Cash on Delivery,13164,16730.54,76960.48,11140.48
ORD01953,2023-03-23,CUST0223,PROD080,1,0.09,Debit Card,24906,32602.74,29668.49,4762.49
ORD01954,2023-05-15,CUST1516,PROD034,3,0.03,UPI,48452,76012.05,221195.07,75839.07
ORD01955,2025-05-05,CUST1035,PROD035,3,0.19,UPI,34337,40629.44,98729.54,-4281.46
ORD01956,2024-03-15,CUST0793,PROD099,4,0.18,Debit Card,42208,57328.12,188036.23,19204.23
ORD01957,2025-12-15,CUST1725,PROD020,3,0.07,Cash on Delivery,29671,36768.76,102584.84,13571.84
ORD01958,2024-11-27,CUST1536,PROD058,1,0.08,Credit Card,29901,39174.12,36040.19,6139.19
ORD01959,2024-02-23,CUST0814,PROD087,2,0.23,Credit Card,1853,2695.5,4151.07,445.07
ORD01960,2023-03-29,CUST0310,PROD060,1,0.24,UPI,7054,11200.5,8512.38,1458.38
ORD01961,2024-10-17,CUST1012,PROD054,1,0.15,Credit Card,39049,57114.14,48547.02,9498.02
ORD01962,2025-10-28,CUST0749,PROD035,2,0.04,Cash on Delivery,34337,53159.86,102066.93,33392.93
ORD01963,2023-08-03,CUST1058,PROD047,1,0.02,Debit Card,47956,58327.27,57160.72,9204.72
ORD01964,2024-07-05,CUST1019,PROD046,3,0.08,Cash on Delivery,11014,13565.13,37439.76,4397.76
ORD01965,2024-05-17,CUST1364,PROD087,4,0.22,Credit Card,1853,2862.04,8929.56,1517.56
ORD01966,2024-11-29,CUST1671,PROD004,4,0.18,Cash on Delivery,42258,60149.41,197290.06,28258.06
ORD01967,2023-09-02,CUST0481,PROD010,1,0.22,UPI,38184,57522.43,44867.5,6683.5
ORD01968,2023-11-05,CUST0574,PROD075,2,0.14,Debit Card,900,1125.26,1935.45,135.45
ORD01969,2023-08-19,CUST0825,PROD040,5,0.23,Debit Card,34631,45258.14,174243.84,1088.84
ORD01970,2023-06-04,CUST1763,PROD055,1,0.14,Credit Card,44065,52281.6,44962.18,897.18
ORD01971,2025-04-27,CUST1117,PROD073,1,0.03,Credit Card,46032,71488.32,69343.67,23311.67
ORD01972,2023-04-25,CUST0628,PROD040,5,0.02,Cash on Delivery,34631,54729.45,268174.3,95019.3
ORD01973,2023-11-07,CUST1868,PROD076,4,0.25,Cash on Delivery,19739,30316.32,90948.96,11992.96
ORD01974,2025-09-19,CUST1157,PROD081,4,0.19,Debit Card,2375,3198.49,10363.11,863.11
ORD01975,2023-10-27,CUST0844,PROD096,5,0.08,UPI,16906,22037.15,101370.89,16840.89
ORD01976,2025-11-07,CUST0989,PROD023,2,0.23,UPI,14296,19416.4,29901.26,1309.26
ORD01977,2025-02-22,CUST0419,PROD015,1,0.04,Credit Card,18761,26958.2,25879.87,7118.87
ORD01978,2023-01-12,CUST1492,PROD092,3,0.19,UPI,4811,6466.84,15714.42,1281.42
ORD01979,2023-08-20,CUST1829,PROD005,4,0.3,Debit Card,14250,19091.14,53455.19,-3544.81
ORD01980,2025-08-12,CUST1468,PROD040,4,0.05,UPI,34631,46542.94,176863.17,38339.17
ORD01981,2024-12-30,CUST1729,PROD018,4,0.04,Debit Card,34967,51928.08,199403.83,59535.83
ORD01982,2025-10-14,CUST1936,PROD021,2,0.14,Credit Card,22664,34087.92,58631.22,13303.22
ORD01983,2025-09-25,CUST0030,PROD079,5,0.19,Cash on Delivery,16940,26117.11,105774.3,21074.3
ORD01984,2023-10-30,CUST1993,PROD003,2,0.01,UPI,7361,9270.03,18354.66,3632.66
ORD01985,2024-06-24,CUST0298,PROD046,4,0.15,Debit Card,11014,13446.74,45718.92,1662.92
ORD01986,2024-04-14,CUST1085,PROD090,1,0.02,Credit Card,39865,52036.09,50995.37,11130.37
ORD01987,2025-03-23,CUST0458,PROD079,4,0.07,Debit Card,16940,22686.08,84392.22,16632.22
ORD01988,2023-03-18,CUST1997,PROD053,1,0.21,UPI,45509,66708.93,52700.05,7191.05
ORD01989,2025-10-16,CUST0304,PROD020,1,0.22,Debit Card,29671,44241.5,34508.37,4837.37
ORD01990,2023-01-24,CUST0958,PROD059,4,0.22,Credit Card,42048,66976.95,208968.08,40776.08
ORD01991,2025-11-04,CUST0340,PROD021,4,0.02,Credit Card,22664,29921.02,117290.4,26634.4
ORD01992,2024-11-06,CUST1885,PROD090,1,0.24,Cash on Delivery,39865,53065.65,40329.89,464.89
ORD01993,2024-06-08,CUST0448,PROD087,2,0.13,Cash on Delivery,1853,2582.96,4494.35,788.35
ORD01994,2023-12-13,CUST1977,PROD051,2,0.14,UPI,47215,71726.71,123369.94,28939.94
ORD01995,2023-06-21,CUST1860,PROD025,2,0.13,Credit Card,31820,46056.91,80139.02,16499.02
ORD01996,2024-12-12,CUST1326,PROD068,3,0.26,UPI,30755,43293.71,96112.04,3847.04
ORD01997,2024-05-03,CUST0881,PROD010,1,0.2,Credit Card,38184,55048.15,44038.52,5854.52
ORD01998,2024-01-13,CUST0540,PROD086,3,0.15,UPI,12989,17652.09,45012.83,6045.83
ORD01999,2024-01-07,CUST0485,PROD067,3,0.25,Credit Card,26070,38885.34,87492.01,9282.01
ORD02000,2025-09-26,CUST0077,PROD083,1,0.24,UPI,37036,43846.29,33323.18,-3712.82
ORD02001,2025-09-03,CUST1657,PROD095,3,0.0,Debit Card,3434,4735.69,14207.07,3905.07
ORD02002,2025-01-26,CUST0515,PROD009,1,0.14,Cash on Delivery,7565,11445.54,9843.16,2278.16
ORD02003,2024-04-21,CUST1573,PROD029,5,0.01,Debit Card,23495,30217.71,149577.66,32102.66
ORD02004,2024-01-17,CUST0944,PROD037,5,0.09,Cash on Delivery,49377,75523.96,343634.02,96749.02
ORD02005,2023-06-04,CUST0659,PROD071,1,0.24,UPI,43519,65377.48,49686.88,6167.88
ORD02006,2023-09-14,CUST0092,PROD038,1,0.28,Credit Card,41219,58172.42,41884.14,665.14
ORD02007,2024-11-04,CUST1875,PROD088,1,0.07,Credit Card,27486,34727.65,32296.71,4810.71
ORD02008,2023-03-09,CUST1809,PROD072,2,0.01,UPI,16543,25434.59,50360.49,17274.49
ORD02009,2023-12-10,CUST0466,PROD098,1,0.12,Credit Card,27372,31846.94,28025.31,653.31
ORD02010,2024-11-03,CUST0466,PROD059,4,0.1,UPI,42048,59566.5,214439.4,46247.4
ORD02011,2024-01-26,CUST1913,PROD057,5,0.2,Debit Card,43648,65566.02,262264.08,44024.08
ORD02012,2023-09-16,CUST1623,PROD090,5,0.15,UPI,39865,54552.51,231848.17,32523.17
ORD02013,2023-11-03,CUST1064,PROD060,1,0.12,Credit Card,7054,8438.6,7425.97,371.97
ORD02014,2025-08-07,CUST0690,PROD028,5,0.07,Credit Card,24730,37720.46,175400.14,51750.14
ORD02015,2025-08-27,CUST1353,PROD028,1,0.25,UPI,24730,38556.29,28917.22,4187.22
ORD02016,2023-09-03,CUST1309,PROD046,1,0.07,UPI,11014,15458.03,14375.97,3361.97
ORD02017,2025-01-02,CUST0947,PROD071,5,0.02,UPI,43519,65462.13,320764.44,103169.44
ORD02018,2023-07-06,CUST0554,PROD067,5,0.17,UPI,26070,37145.1,154152.16,23802.16
ORD02019,2025-07-13,CUST1821,PROD086,4,0.1,Cash on Delivery,12989,18288.22,65837.59,13881.59
ORD02020,2025-02-23,CUST1090,PROD055,3,0.21,Cash on Delivery,44065,53267.86,126244.83,-5950.17
ORD02021,2024-02-12,CUST1660,PROD038,4,0.02,Debit Card,41219,55503.72,217574.58,52698.58
ORD02022,2023-12-07,CUST1681,PROD018,4,0.29,Cash on Delivery,34967,50892.97,144536.03,4668.03
ORD02023,2024-07-16,CUST1656,PROD076,5,0.06,Credit Card,19739,26736.82,125663.05,26968.05
ORD02024,2024-10-12,CUST0109,PROD095,4,0.11,Cash on Delivery,3434,4903.73,17457.28,3721.28
ORD02025,2025-08-09,CUST1439,PROD063,5,0.14,Cash on Delivery,48779,75737.39,325670.78,81775.78
ORD02026,2025-11-28,CUST0092,PROD005,2,0.27,Credit Card,14250,18735.9,27354.41,-1145.59
ORD02027,2023-03-10,CUST1003,PROD044,1,0.22,Cash on Delivery,31606,48130.22,37541.57,5935.57
ORD02028,2024-01-16,CUST0368,PROD029,3,0.04,UPI,23495,27326.34,78699.86,8214.86
ORD02029,2023-02-26,CUST0820,PROD100,2,0.13,Cash on Delivery,41593,63791.1,110996.51,27810.51
ORD02030,2025-04-29,CUST0423,PROD014,1,0.16,Cash on Delivery,6122,7334.19,6160.72,38.72
ORD02031,2025-07-04,CUST0572,PROD058,1,0.21,Cash on Delivery,29901,38711.28,30581.91,680.91
ORD02032,2023-11-21,CUST0862,PROD044,3,0.17,UPI,31606,43649.47,108687.18,13869.18
ORD02033,2024-04-05,CUST1763,PROD018,4,0.14,UPI,34967,50440.45,173515.15,33647.15
ORD02034,2023-06-28,CUST1264,PROD007,1,0.23,Debit Card,3479,5492.99,4229.6,750.6
ORD02035,2025-04-23,CUST0435,PROD087,3,0.11,Debit Card,1853,2386.97,6373.21,814.21
ORD02036,2024-07-27,CUST0212,PROD097,5,0.3,UPI,10894,12946.51,45312.78,-9157.22
ORD02037,2023-04-29,CUST1424,PROD062,1,0.28,Credit Card,42867,58148.06,41866.6,-1000.4
ORD02038,2024-07-02,CUST1634,PROD045,1,0.21,Debit Card,45004,58746.9,46410.05,1406.05
ORD02039,2024-10-07,CUST0526,PROD016,4,0.26,Cash on Delivery,45432,64515.88,190967.0,9239.0
ORD02040,2023-01-26,CUST1754,PROD064,4,0.12,Cash on Delivery,24886,38952.86,137114.07,37570.07
ORD02041,2025-10-28,CUST0468,PROD037,5,0.17,Cash on Delivery,49377,71078.74,294976.77,48091.77
ORD02042,2025-08-26,CUST1194,PROD025,1,0.08,Credit Card,31820,44869.59,41280.02,9460.02
ORD02043,2024-06-16,CUST1843,PROD009,4,0.27,Debit Card,7565,9537.48,27849.44,-2410.56
ORD02044,2023-05-29,CUST0792,PROD055,3,0.14,UPI,44065,55924.83,144286.06,12091.06
ORD02045,2025-11-14,CUST0875,PROD028,1,0.16,UPI,24730,33292.37,27965.59,3235.59
ORD02046,2024-10-16,CUST0210,PROD009,3,0.26,Credit Card,7565,11733.93,26049.32,3354.32
ORD02047,2025-08-02,CUST0256,PROD012,2,0.24,UPI,33865,47775.65,72618.99,4888.99
ORD02048,2024-07-08,CUST1707,PROD018,5,0.1,Credit Card,34967,47995.41,215979.35,41144.35
ORD02049,2024-02-29,CUST0073,PROD091,4,0.03,UPI,15191,21178.48,82172.5,21408.5
ORD02050,2023-10-20,CUST0147,PROD090,2,0.05,UPI,39865,60802.18,115524.14,35794.14
ORD02051,2024-07-07,CUST1364,PROD056,4,0.1,Credit Card,6756,9830.33,35389.19,8365.19
ORD02052,2024-03-06,CUST0317,PROD090,2,0.09,UPI,39865,62482.06,113717.35,33987.35
ORD02053,2024-08-26,CUST1642,PROD074,4,0.01,Debit Card,36254,51182.8,202683.89,57667.89
ORD02054,2023-11-13,CUST0606,PROD058,5,0.13,UPI,29901,37023.8,161053.53,11548.53
ORD02055,2024-02-02,CUST0575,PROD081,1,0.03,Cash on Delivery,2375,2751.26,2668.72,293.72
ORD02056,2024-08-18,CUST1178,PROD051,3,0.07,Credit Card,47215,61034.89,170287.34,28642.34
ORD02057,2024-06-29,CUST1279,PROD032,2,0.24,UPI,17963,21164.57,32170.15,-3755.85
ORD02058,2023-03-17,CUST1375,PROD088,3,0.15,Debit Card,27486,36643.77,93441.61,10983.61
ORD02059,2025-05-14,CUST0547,PROD048,3,0.11,UPI,7733,9546.78,25489.9,2290.9
ORD02060,2025-07-04,CUST0835,PROD008,4,0.06,UPI,24024,32005.04,120338.95,24242.95
ORD02061,2024-12-09,CUST0312,PROD030,1,0.26,Cash on Delivery,27284,36277.94,26845.68,-438.32
ORD02062,2024-04-30,CUST0808,PROD026,4,0.27,Debit Card,1165,1484.58,4334.97,-325.03
ORD02063,2025-01-16,CUST0765,PROD024,3,0.16,UPI,37354,53930.54,135904.96,23842.96
ORD02064,2025-10-27,CUST1693,PROD027,5,0.28,UPI,33194,44647.43,160730.75,-5239.25
ORD02065,2024-07-03,CUST0134,PROD079,1,0.14,Cash on Delivery,16940,26291.82,22610.97,5670.97
ORD02066,2025-09-02,CUST0948,PROD092,1,0.03,Credit Card,4811,5697.36,5526.44,715.44
ORD02067,2025-12-11,CUST1153,PROD075,3,0.01,Credit Card,900,1201.3,3567.86,867.86
ORD02068,2025-07-30,CUST0436,PROD039,4,0.04,Credit Card,46187,69242.5,265891.2,81143.2
ORD02069,2025-07-07,CUST1304,PROD066,5,0.19,Cash on Delivery,26705,36653.7,148447.49,14922.49
ORD02070,2023-12-29,CUST0358,PROD051,2,0.1,Credit Card,47215,74823.34,134682.01,40252.01
ORD02071,2024-01-17,CUST0930,PROD073,4,0.19,Debit Card,46032,56558.15,183248.41,-879.59
ORD02072,2023-09-28,CUST0883,PROD050,1,0.15,Credit Card,1097,1417.56,1204.93,107.93
ORD02073,2025-11-03,CUST0252,PROD045,4,0.1,Credit Card,45004,54106.93,194784.95,14768.95
ORD02074,2023-10-25,CUST0135,PROD087,2,0.07,UPI,1853,2336.69,4346.24,640.24
ORD02075,2025-09-30,CUST1867,PROD033,5,0.02,Debit Card,8919,12956.09,63484.84,18889.84
ORD02076,2023-08-22,CUST0523,PROD019,5,0.23,Cash on Delivery,26105,35741.03,137602.97,7077.97
ORD02077,2024-07-28,CUST0804,PROD013,2,0.25,Debit Card,24204,29599.8,44399.7,-4008.3
ORD02078,2023-01-27,CUST0660,PROD078,2,0.16,Credit Card,3912,5334.45,8961.88,1137.88
ORD02079,2023-04-03,CUST0319,PROD096,3,0.05,UPI,16906,25888.68,73782.74,23064.74
ORD02080,2024-09-08,CUST0080,PROD022,1,0.08,Cash on Delivery,46697,62943.9,57908.39,11211.39
ORD02081,2023-11-05,CUST1215,PROD020,3,0.29,Debit Card,29671,34298.09,73054.93,-15958.07
ORD02082,2023-02-21,CUST1477,PROD097,4,0.07,Debit Card,10894,12797.34,47606.1,4030.1
ORD02083,2023-11-15,CUST1368,PROD005,2,0.02,Credit Card,14250,19196.95,37626.02,9126.02
ORD02084,2023-06-30,CUST1054,PROD084,3,0.17,Credit Card,6252,8858.84,22058.51,3302.51
ORD02085,2025-05-24,CUST0414,PROD078,1,0.08,Cash on Delivery,3912,6059.45,5574.69,1662.69
ORD02086,2025-12-02,CUST1895,PROD091,1,0.29,Credit Card,15191,24182.29,17169.43,1978.43
ORD02087,2024-10-08,CUST0368,PROD090,2,0.17,UPI,39865,63431.96,105297.05,25567.05
ORD02088,2023-07-16,CUST1007,PROD032,3,0.29,Cash on Delivery,17963,25167.1,53605.92,-283.08
ORD02089,2024-10-06,CUST1765,PROD030,5,0.24,Credit Card,27284,31815.29,120898.1,-15521.9
ORD02090,2025-08-28,CUST0993,PROD091,2,0.22,Cash on Delivery,15191,18929.0,29529.24,-852.76
ORD02091,2023-09-12,CUST0596,PROD026,4,0.25,Debit Card,1165,1567.45,4702.35,42.35
ORD02092,2025-01-01,CUST1526,PROD082,3,0.18,Cash on Delivery,37566,58071.56,142856.04,30158.04
ORD02093,2023-12-02,CUST1686,PROD087,3,0.0,Debit Card,1853,2148.93,6446.79,887.79
ORD02094,2025-09-16,CUST1897,PROD088,2,0.12,Cash on Delivery,27486,37908.77,66719.44,11747.44
ORD02095,2025-06-18,CUST1018,PROD004,3,0.07,Credit Card,42258,61023.06,170254.34,43480.34
ORD02096,2024-05-28,CUST0701,PROD067,3,0.13,Debit Card,26070,33361.87,87074.48,8864.48
ORD02097,2023-08-30,CUST1045,PROD043,4,0.14,Cash on Delivery,1019,1316.6,4529.1,453.1
ORD02098,2023-05-29,CUST0549,PROD030,4,0.04,UPI,27284,36145.63,138799.22,29663.22
ORD02099,2025-01-26,CUST0246,PROD016,5,0.01,Credit Card,45432,57860.72,286410.56,59250.56
ORD02100,2024-09-11,CUST0283,PROD071,4,0.04,Cash on Delivery,43519,58608.55,225056.83,50980.83
ORD02101,2024-03-28,CUST0614,PROD039,5,0.26,Cash on Delivery,46187,56400.88,208683.26,-22251.74
ORD02102,2023-07-31,CUST0931,PROD086,4,0.23,Debit Card,12989,16102.45,49595.55,-2360.45
ORD02103,2024-10-29,CUST0806,PROD041,5,0.24,Debit Card,37776,44073.68,167479.98,-21400.02
ORD02104,2024-08-16,CUST0232,PROD031,4,0.08,Credit Card,15105,20166.56,74212.94,13792.94
ORD02105,2023-05-11,CUST0316,PROD049,4,0.07,Debit Card,1602,2352.22,8750.26,2342.26
ORD02106,2024-09-03,CUST0838,PROD013,2,0.01,Cash on Delivery,24204,33347.51,66028.07,17620.07
ORD02107,2023-09-13,CUST1824,PROD041,4,0.14,Cash on Delivery,37776,52463.16,180473.27,29369.27
ORD02108,2024-07-14,CUST1360,PROD093,5,0.11,Debit Card,48575,65696.51,292349.47,49474.47
ORD02109,2023-03-04,CUST2000,PROD028,2,0.25,Credit Card,24730,34947.97,52421.96,2961.96
ORD02110,2024-02-11,CUST0411,PROD064,5,0.2,UPI,24886,31190.98,124763.92,333.92
ORD02111,2025-03-12,CUST0245,PROD019,4,0.04,Cash on Delivery,26105,32458.49,124640.6,20220.6
ORD02112,2023-01-15,CUST0387,PROD087,4,0.3,Cash on Delivery,1853,2916.41,8165.95,753.95
ORD02113,2023-09-16,CUST0689,PROD072,5,0.23,Debit Card,16543,22377.46,86153.22,3438.22
ORD02114,2024-12-23,CUST1749,PROD025,3,0.22,UPI,31820,48437.33,113343.35,17883.35
ORD02115,2024-09-05,CUST0358,PROD038,2,0.06,Cash on Delivery,41219,64407.75,121086.57,38648.57
ORD02116,2025-12-04,CUST1022,PROD099,2,0.27,UPI,42208,60218.05,87918.35,3502.35
ORD02117,2025-03-23,CUST0614,PROD090,4,0.14,UPI,39865,51204.88,176144.79,16684.79
ORD02118,2023-11-27,CUST0798,PROD003,2,0.09,Cash on Delivery,7361,10716.96,19504.87,4782.87
ORD02119,2023-06-14,CUST0022,PROD002,5,0.2,UPI,8668,11649.02,46596.08,3256.08
ORD02120,2025-12-24,CUST0019,PROD005,4,0.06,UPI,14250,22627.3,85078.65,28078.65
ORD02121,2024-01-22,CUST1311,PROD061,2,0.27,Debit Card,13164,19944.52,29119.0,2791.0
ORD02122,2025-11-19,CUST0276,PROD020,1,0.26,Debit Card,29671,45002.75,33302.03,3631.03
ORD02123,2023-11-24,CUST0659,PROD076,2,0.14,UPI,19739,27928.91,48037.73,8559.73
ORD02124,2023-11-16,CUST0898,PROD038,5,0.06,Credit Card,41219,47557.95,223522.36,17427.36
ORD02125,2024-02-03,CUST0552,PROD080,2,0.15,UPI,24906,37964.7,64539.99,14727.99
ORD02126,2023-04-15,CUST0679,PROD036,3,0.04,Cash on Delivery,5763,6693.25,19276.56,1987.56
ORD02127,2024-11-26,CUST0603,PROD046,3,0.08,Credit Card,11014,13272.54,36632.21,3590.21
ORD02128,2025-10-13,CUST1096,PROD093,4,0.14,Debit Card,48575,74193.51,255225.67,60925.67
ORD02129,2023-11-26,CUST0365,PROD099,3,0.01,Credit Card,42208,52694.9,156503.85,29879.85
ORD02130,2024-10-21,CUST1974,PROD037,5,0.23,Debit Card,49377,75473.08,290571.36,43686.36
ORD02131,2025-12-06,CUST0795,PROD054,1,0.06,Credit Card,39049,49059.52,46115.95,7066.95
ORD02132,2024-08-21,CUST1359,PROD021,1,0.26,UPI,22664,33923.9,25103.69,2439.69
ORD02133,2025-03-31,CUST0652,PROD021,4,0.01,Debit Card,22664,31593.15,125108.87,34452.87
ORD02134,2024-10-02,CUST1775,PROD092,4,0.16,Cash on Delivery,4811,6985.32,23470.68,4226.68
ORD02135,2023-11-10,CUST0590,PROD070,3,0.23,Credit Card,39873,60891.52,140659.41,21040.41
ORD02136,2024-04-06,CUST0199,PROD084,5,0.07,UPI,6252,9958.27,46305.96,15045.96
ORD02137,2024-04-30,CUST0017,PROD060,3,0.21,Credit Card,7054,8384.11,19870.34,-1291.66
ORD02138,2024-02-14,CUST0218,PROD036,5,0.22,Credit Card,5763,8404.89,32779.07,3964.07
ORD02139,2023-01-27,CUST0741,PROD077,5,0.19,Cash on Delivery,10916,17262.85,69914.54,15334.54
ORD02140,2025-11-18,CUST1876,PROD011,1,0.11,Credit Card,23684,31220.44,27786.19,4102.19
ORD02141,2023-09-28,CUST0650,PROD088,5,0.24,Cash on Delivery,27486,35736.89,135800.18,-1629.82
ORD02142,2024-11-16,CUST0147,PROD083,2,0.19,Debit Card,37036,53924.03,87356.93,13284.93
ORD02143,2024-05-15,CUST1234,PROD087,5,0.18,Cash on Delivery,1853,2466.12,10111.09,846.09
ORD02144,2024-01-20,CUST0670,PROD031,1,0.25,Cash on Delivery,15105,18828.49,14121.37,-983.63
ORD02145,2023-03-01,CUST1438,PROD037,3,0.07,Debit Card,49377,60371.29,168435.9,20304.9
ORD02146,2023-08-08,CUST0665,PROD060,5,0.07,Cash on Delivery,7054,8723.57,40564.6,5294.6
ORD02147,2025-02-09,CUST0856,PROD061,2,0.12,UPI,13164,19310.8,33987.01,7659.01
ORD02148,2024-07-17,CUST0330,PROD067,4,0.02,Credit Card,26070,40758.17,159772.03,55492.03
ORD02149,2024-06-29,CUST0895,PROD098,3,0.1,Cash on Delivery,27372,41405.79,111795.63,29679.63
ORD02150,2023-04-06,CUST1986,PROD029,4,0.12,Credit Card,23495,31757.97,111788.05,17808.05
ORD02151,2025-09-15,CUST1894,PROD067,2,0.15,Cash on Delivery,26070,36181.78,61509.03,9369.03
ORD02152,2025-04-07,CUST1376,PROD079,1,0.08,Debit Card,16940,24208.58,22271.89,5331.89
ORD02153,2023-08-19,CUST1187,PROD071,1,0.27,Debit Card,43519,61404.26,44825.11,1306.11
ORD02154,2025-08-25,CUST1843,PROD067,3,0.09,Credit Card,26070,41342.14,112864.04,34654.04
ORD02155,2023-10-02,CUST0101,PROD016,5,0.26,Credit Card,45432,70374.71,260386.43,33226.43
ORD02156,2023-09-03,CUST0327,PROD045,5,0.13,Credit Card,45004,52636.37,228968.21,3948.21
ORD02157,2023-04-21,CUST0327,PROD034,4,0.22,Debit Card,48452,73942.34,230700.1,36892.1
ORD02158,2023-08-22,CUST1179,PROD084,1,0.03,Credit Card,6252,7510.7,7285.38,1033.38
ORD02159,2024-02-21,CUST0010,PROD044,5,0.16,Cash on Delivery,31606,46163.54,193886.87,35856.87
ORD02160,2024-11-08,CUST0353,PROD097,5,0.29,Cash on Delivery,10894,13928.44,49445.96,-5024.04
ORD02161,2025-03-13,CUST1963,PROD078,1,0.2,Credit Card,3912,5860.26,4688.21,776.21
ORD02162,2024-09-10,CUST0183,PROD042,1,0.25,Debit Card,35023,40412.09,30309.07,-4713.93
ORD02163,2024-12-07,CUST0455,PROD035,2,0.08,Cash on Delivery,34337,45394.28,83525.48,14851.48
ORD02164,2025-04-30,CUST1670,PROD075,4,0.24,Debit Card,900,1043.72,3172.91,-427.09
ORD02165,2024-04-19,CUST0006,PROD084,1,0.11,Debit Card,6252,9872.46,8786.49,2534.49
ORD02166,2024-10-16,CUST1357,PROD030,2,0.15,Debit Card,27284,31565.25,53660.92,-907.08
ORD02167,2024-01-30,CUST1968,PROD053,1,0.06,Credit Card,45509,55515.54,52184.61,6675.61
ORD02168,2023-04-21,CUST1357,PROD058,3,0.15,Debit Card,29901,41642.31,106187.89,16484.89
ORD02169,2023-03-31,CUST1282,PROD028,3,0.15,Debit Card,24730,35630.19,90856.98,16666.98
ORD02170,2025-02-01,CUST0211,PROD015,3,0.19,Credit Card,18761,27729.62,67382.98,11099.98
ORD02171,2023-05-12,CUST0051,PROD038,1,0.26,UPI,41219,51981.53,38466.33,-2752.67
ORD02172,2025-11-02,CUST1469,PROD050,5,0.09,Cash on Delivery,1097,1410.14,6416.14,931.14
ORD02173,2024-04-01,CUST1683,PROD013,5,0.3,Credit Card,24204,30447.57,106566.5,-14453.5
ORD02174,2023-04-08,CUST1010,PROD035,3,0.25,Cash on Delivery,34337,43258.88,97332.48,-5678.52
ORD02175,2023-10-20,CUST0377,PROD024,4,0.12,Credit Card,37354,56098.49,197466.68,48050.68
ORD02176,2025-10-21,CUST0640,PROD065,2,0.07,Credit Card,5346,8428.5,15677.01,4985.01
ORD02177,2024-07-25,CUST1510,PROD088,3,0.02,Credit Card,27486,38978.21,114595.94,32137.94
ORD02178,2023-09-07,CUST0770,PROD091,2,0.07,Cash on Delivery,15191,18545.84,34495.26,4113.26
ORD02179,2024-10-13,CUST1075,PROD018,2,0.27,Credit Card,34967,41241.65,60212.81,-9721.19
ORD02180,2023-05-29,CUST0154,PROD058,3,0.09,Credit Card,29901,37604.38,102659.96,12956.96
ORD02181,2023-02-13,CUST0582,PROD026,5,0.04,Credit Card,1165,1432.96,6878.21,1053.21
ORD02182,2025-12-03,CUST0788,PROD029,4,0.01,Cash on Delivery,23495,33135.81,131217.81,37237.81
ORD02183,2023-06-11,CUST0791,PROD072,3,0.09,UPI,16543,24220.09,66120.85,16491.85
ORD02184,2023-09-10,CUST1334,PROD044,2,0.06,Credit Card,31606,36412.19,68454.92,5242.92
ORD02185,2023-05-12,CUST1423,PROD090,1,0.03,Credit Card,39865,53731.21,52119.27,12254.27
ORD02186,2024-04-18,CUST0134,PROD005,1,0.29,Credit Card,14250,20382.35,14471.47,221.47
ORD02187,2024-12-06,CUST0220,PROD033,2,0.08,Credit Card,8919,11030.97,20296.98,2458.98
ORD02188,2025-11-24,CUST0163,PROD005,3,0.0,Credit Card,14250,22164.98,66494.94,23744.94
ORD02189,2023-10-02,CUST0971,PROD036,5,0.28,UPI,5763,8051.23,28984.43,169.43
ORD02190,2023-07-06,CUST0648,PROD077,3,0.17,Debit Card,10916,14250.06,35482.65,2734.65
ORD02191,2025-08-06,CUST0569,PROD081,4,0.02,Debit Card,2375,2751.21,10784.74,1284.74
ORD02192,2023-08-31,CUST1526,PROD013,1,0.01,Credit Card,24204,33109.57,32778.47,8574.47
ORD02193,2023-09-21,CUST0946,PROD025,2,0.03,Cash on Delivery,31820,41403.41,80322.62,16682.62
ORD02194,2024-06-05,CUST0689,PROD058,5,0.18,UPI,29901,47431.83,194470.5,44965.5
ORD02195,2025-08-20,CUST0115,PROD002,3,0.02,UPI,8668,11445.57,33649.98,7645.98
ORD02196,2025-02-21,CUST1523,PROD088,4,0.17,UPI,27486,43000.56,142761.86,32817.86
ORD02197,2024-06-18,CUST1496,PROD036,3,0.2,Debit Card,5763,8406.63,20175.91,2886.91
ORD02198,2023-07-29,CUST1173,PROD025,4,0.04,Cash on Delivery,31820,37652.08,144583.99,17303.99
ORD02199,2023-02-15,CUST1265,PROD034,3,0.15,Debit Card,48452,76056.28,193943.51,48587.51
ORD02200,2023-01-26,CUST0123,PROD012,5,0.29,UPI,33865,41511.78,147366.82,-21958.18
ORD02201,2023-06-24,CUST0804,PROD019,5,0.25,Debit Card,26105,35283.79,132314.21,1789.21
ORD02202,2023-11-18,CUST0839,PROD094,2,0.22,Debit Card,11294,17679.08,27579.36,4991.36
ORD02203,2023-02-24,CUST1093,PROD037,5,0.16,Credit Card,49377,75192.75,315809.55,68924.55
ORD02204,2024-10-29,CUST0826,PROD001,4,0.12,Credit Card,19397,26562.48,93499.93,15911.93
ORD02205,2023-05-27,CUST0063,PROD060,2,0.14,Credit Card,7054,8768.93,15082.56,974.56
ORD02206,2024-08-21,CUST0733,PROD067,5,0.23,UPI,26070,35954.9,138426.36,8076.36
ORD02207,2023-01-20,CUST1040,PROD049,1,0.17,Credit Card,1602,2237.09,1856.78,254.78
ORD02208,2023-11-29,CUST1414,PROD090,4,0.23,UPI,39865,63729.05,196285.47,36825.47
ORD02209,2025-06-25,CUST0590,PROD079,2,0.29,Credit Card,16940,25762.59,36582.88,2702.88
ORD02210,2025-08-01,CUST1658,PROD046,4,0.19,UPI,11014,16935.05,54869.56,10813.56
ORD02211,2025-06-29,CUST0948,PROD048,2,0.18,Debit Card,7733,12324.73,20212.56,4746.56
ORD02212,2024-02-05,CUST1282,PROD092,4,0.12,Cash on Delivery,4811,6665.61,23462.95,4218.95
ORD02213,2025-08-07,CUST0217,PROD068,1,0.06,UPI,30755,43467.64,40859.58,10104.58
ORD02214,2023-01-28,CUST0479,PROD019,5,0.11,Debit Card,26105,35359.22,157348.53,26823.53
ORD02215,2024-04-11,CUST1138,PROD088,3,0.16,Credit Card,27486,33160.6,83564.71,1106.71
ORD02216,2025-09-08,CUST1906,PROD040,3,0.01,Debit Card,34631,48011.22,142593.32,38700.32
ORD02217,2023-04-11,CUST1997,PROD006,3,0.14,Debit Card,17488,24695.94,63715.53,11251.53
ORD02218,2024-07-04,CUST1404,PROD080,2,0.26,Cash on Delivery,24906,31301.18,46325.75,-3486.25
ORD02219,2025-03-12,CUST1682,PROD096,5,0.29,Credit Card,16906,25397.39,90160.73,5630.73
ORD02220,2023-12-19,CUST0977,PROD094,2,0.26,UPI,11294,13620.76,20158.72,-2429.28
ORD02221,2023-10-23,CUST0237,PROD063,2,0.05,UPI,48779,67115.01,127518.52,29960.52
ORD02222,2023-12-19,CUST0476,PROD035,2,0.05,UPI,34337,49727.56,94482.36,25808.36
ORD02223,2025-06-26,CUST1996,PROD072,2,0.12,Credit Card,16543,19433.38,34202.75,1116.75
ORD02224,2025-10-15,CUST1955,PROD061,5,0.07,UPI,13164,19901.65,92542.67,26722.67
ORD02225,2024-03-30,CUST0598,PROD005,3,0.2,Cash on Delivery,14250,18337.89,44010.94,1260.94
ORD02226,2024-12-12,CUST1703,PROD037,4,0.03,Debit Card,49377,72731.69,282198.96,84690.96
ORD02227,2025-09-06,CUST0129,PROD076,2,0.13,Credit Card,19739,23661.02,41170.17,1692.17
ORD02228,2025-01-08,CUST0510,PROD089,5,0.08,UPI,21871,31256.6,143780.36,34425.36
ORD02229,2025-09-03,CUST0165,PROD097,1,0.18,Debit Card,10894,15259.72,12512.97,1618.97
ORD02230,2023-08-21,CUST0277,PROD088,4,0.24,Debit Card,27486,33464.24,101731.29,-8212.71
ORD02231,2025-10-20,CUST0257,PROD011,2,0.28,Cash on Delivery,23684,33895.01,48808.81,1440.81
ORD02232,2023-04-12,CUST1156,PROD099,2,0.29,UPI,42208,61669.93,87571.3,3155.3
ORD02233,2025-08-10,CUST0992,PROD040,4,0.11,Credit Card,34631,47594.29,169435.67,30911.67
ORD02234,2024-04-25,CUST0570,PROD065,4,0.26,Debit Card,5346,7539.78,22317.75,933.75
ORD02235,2023-04-18,CUST1281,PROD008,2,0.18,Cash on Delivery,24024,37221.32,61042.96,12994.96
ORD02236,2025-08-30,CUST0141,PROD087,5,0.21,Debit Card,1853,2712.73,10715.28,1450.28
ORD02237,2024-12-04,CUST0686,PROD084,1,0.26,Cash on Delivery,6252,9738.61,7206.57,954.57
ORD02238,2023-12-01,CUST0687,PROD096,5,0.04,Cash on Delivery,16906,23643.97,113491.06,28961.06
ORD02239,2023-03-27,CUST1233,PROD011,3,0.28,Debit Card,23684,29100.15,62856.32,-8195.68
ORD02240,2025-01-03,CUST0716,PROD071,3,0.16,Debit Card,43519,54870.1,138272.65,7715.65
ORD02241,2025-05-24,CUST1023,PROD058,3,0.1,UPI,29901,36759.83,99251.54,9548.54
ORD02242,2023-12-30,CUST1543,PROD094,2,0.1,Credit Card,11294,14691.93,26445.47,3857.47
ORD02243,2023-03-01,CUST1075,PROD048,1,0.23,Cash on Delivery,7733,10554.7,8127.12,394.12
ORD02244,2024-07-13,CUST1527,PROD013,1,0.2,Cash on Delivery,24204,30622.15,24497.72,293.72
ORD02245,2023-04-27,CUST1283,PROD060,2,0.22,Debit Card,7054,9621.91,15010.18,902.18
ORD02246,2025-05-23,CUST0178,PROD049,2,0.08,Debit Card,1602,2104.97,3873.14,669.14
ORD02247,2025-07-03,CUST0922,PROD067,2,0.05,Debit Card,26070,36495.56,69341.56,17201.56
ORD02248,2025-08-25,CUST0543,PROD007,1,0.22,Credit Card,3479,4671.71,3643.93,164.93
ORD02249,2025-09-25,CUST1380,PROD077,2,0.09,Debit Card,10916,14685.75,26728.06,4896.06
ORD02250,2023-02-13,CUST1342,PROD025,4,0.07,Cash on Delivery,31820,43618.2,162259.7,34979.7
ORD02251,2024-05-23,CUST1690,PROD023,4,0.06,Cash on Delivery,14296,22795.6,85711.46,28527.46
ORD02252,2025-04-28,CUST0963,PROD051,4,0.04,Cash on Delivery,47215,66122.1,253908.86,65048.86
ORD02253,2025-07-05,CUST0364,PROD047,2,0.13,Credit Card,47956,70759.17,123120.96,27208.96
ORD02254,2025-06-16,CUST1079,PROD097,4,0.08,Credit Card,10894,14571.11,53621.68,10045.68
ORD02255,2025-03-09,CUST1180,PROD005,2,0.27,Credit Card,14250,18477.01,26976.43,-1523.57
ORD02256,2025-05-25,CUST1068,PROD096,4,0.21,Credit Card,16906,26414.94,83471.21,15847.21
ORD02257,2023-10-13,CUST0593,PROD094,2,0.22,UPI,11294,16761.0,26147.16,3559.16
ORD02258,2024-11-14,CUST1702,PROD095,5,0.12,UPI,3434,4849.13,21336.17,4166.17
ORD02259,2025-03-29,CUST0542,PROD013,3,0.18,UPI,24204,31498.94,77487.39,4875.39
ORD02260,2023-05-01,CUST0322,PROD042,5,0.15,Debit Card,35023,44340.42,188446.78,13331.78
ORD02261,2025-08-02,CUST0648,PROD005,3,0.05,Credit Card,14250,18003.91,51311.14,8561.14
ORD02262,2025-10-14,CUST0014,PROD023,3,0.01,Credit Card,14296,19681.0,58452.57,15564.57
ORD02263,2025-06-25,CUST1381,PROD062,4,0.21,UPI,42867,66172.47,209105.01,37637.01
ORD02264,2023-01-13,CUST1507,PROD001,3,0.04,UPI,19397,29996.91,86391.1,28200.1
ORD02265,2024-08-25,CUST0618,PROD074,3,0.02,Credit Card,36254,53846.01,158307.27,49545.27
ORD02266,2023-07-19,CUST0359,PROD091,5,0.13,UPI,15191,21178.09,92124.69,16169.69
ORD02267,2024-08-08,CUST1342,PROD054,3,0.22,Debit Card,39049,49034.2,114740.03,-2406.97
ORD02268,2024-03-23,CUST1099,PROD072,2,0.23,Debit Card,16543,22589.19,34787.35,1701.35
ORD02269,2025-04-20,CUST1983,PROD003,2,0.26,Debit Card,7361,10766.38,15934.24,1212.24
ORD02270,2025-12-30,CUST1615,PROD083,4,0.06,Cash on Delivery,37036,52508.07,197430.34,49286.34
ORD02271,2024-08-12,CUST0194,PROD064,5,0.3,Cash on Delivery,24886,34375.41,120313.94,-4116.06
ORD02272,2025-06-07,CUST0363,PROD051,1,0.23,Credit Card,47215,63395.36,48814.43,1599.43
ORD02273,2023-02-12,CUST1120,PROD002,5,0.05,Cash on Delivery,8668,12903.46,61291.43,17951.43
ORD02274,2024-06-03,CUST1064,PROD049,1,0.25,UPI,1602,2449.47,1837.1,235.1
ORD02275,2025-11-02,CUST0768,PROD031,3,0.15,Debit Card,15105,22284.56,56825.63,11510.63
ORD02276,2024-12-25,CUST0397,PROD074,1,0.02,Debit Card,36254,56993.73,55853.86,19599.86
ORD02277,2024-09-14,CUST0107,PROD080,3,0.04,Cash on Delivery,24906,37382.49,107661.57,32943.57
ORD02278,2025-09-14,CUST1041,PROD084,5,0.13,Debit Card,6252,8457.53,36790.26,5530.26
ORD02279,2025-03-13,CUST0527,PROD003,5,0.16,Debit Card,7361,10508.12,44134.1,7329.1
ORD02280,2024-06-18,CUST1953,PROD035,4,0.28,Debit Card,34337,47280.86,136168.88,-1179.12
ORD02281,2023-10-29,CUST1011,PROD098,4,0.06,UPI,27372,38207.08,143658.62,34170.62
ORD02282,2024-06-10,CUST0784,PROD085,3,0.14,Cash on Delivery,21717,33727.91,87018.01,21867.01
ORD02283,2024-04-04,CUST1523,PROD036,3,0.07,Debit Card,5763,7407.68,20667.43,3378.43
ORD02284,2025-04-11,CUST0525,PROD064,2,0.17,Debit Card,24886,28765.54,47750.8,-2021.2
ORD02285,2024-05-19,CUST1783,PROD032,2,0.27,Debit Card,17963,26280.61,38369.69,2443.69
ORD02286,2025-07-20,CUST1750,PROD018,2,0.17,Credit Card,34967,43060.33,71480.15,1546.15
ORD02287,2023-11-21,CUST1687,PROD034,5,0.15,UPI,48452,59082.59,251101.01,8841.01
ORD02288,2024-08-01,CUST1828,PROD056,1,0.23,Cash on Delivery,6756,10786.73,8305.78,1549.78
ORD02289,2025-01-30,CUST1067,PROD067,3,0.04,Debit Card,26070,33110.17,95357.29,17147.29
ORD02290,2025-04-30,CUST1970,PROD053,4,0.27,UPI,45509,56508.32,165004.29,-17031.71
ORD02291,2025-08-17,CUST0626,PROD067,3,0.17,Debit Card,26070,32221.02,80230.34,2020.34
ORD02292,2024-05-16,CUST1866,PROD091,1,0.21,Cash on Delivery,15191,20288.48,16027.9,836.9
ORD02293,2023-11-30,CUST1617,PROD066,3,0.25,Cash on Delivery,26705,35630.83,80169.37,54.37
ORD02294,2023-10-11,CUST0350,PROD064,4,0.19,Credit Card,24886,35702.07,115674.71,16130.71
ORD02295,2024-04-19,CUST1677,PROD067,4,0.19,Credit Card,26070,31196.34,101076.14,-3203.86
ORD02296,2025-12-13,CUST1054,PROD081,1,0.22,Credit Card,2375,3410.38,2660.1,285.1
ORD02297,2024-09-23,CUST1465,PROD039,4,0.02,Credit Card,46187,62543.42,245170.21,60422.21
ORD02298,2024-12-03,CUST1006,PROD038,5,0.11,Debit Card,41219,51253.53,228078.21,21983.21
ORD02299,2024-02-13,CUST0542,PROD040,4,0.29,UPI,34631,51953.41,147547.68,9023.68
ORD02300,2025-09-08,CUST1479,PROD019,1,0.08,Debit Card,26105,35589.69,32742.51,6637.51
ORD02301,2024-07-12,CUST1802,PROD083,1,0.16,Credit Card,37036,54542.09,45815.36,8779.36
ORD02302,2023-08-10,CUST1635,PROD005,3,0.05,Credit Card,14250,22290.65,63528.35,20778.35
ORD02303,2023-06-07,CUST0962,PROD069,4,0.1,Debit Card,21682,28382.44,102176.78,15448.78
ORD02304,2023-12-14,CUST0094,PROD014,4,0.22,Debit Card,6122,9513.94,29683.49,5195.49
ORD02305,2025-06-07,CUST1747,PROD091,1,0.19,UPI,15191,18839.17,15259.73,68.73
ORD02306,2025-07-10,CUST1319,PROD049,3,0.12,UPI,1602,2002.43,5286.42,480.42
ORD02307,2024-10-23,CUST1573,PROD064,3,0.28,Cash on Delivery,24886,36051.45,77871.13,3213.13
ORD02308,2024-02-09,CUST0899,PROD100,5,0.23,UPI,41593,49752.89,191548.63,-16416.37
ORD02309,2024-11-07,CUST0089,PROD057,5,0.08,UPI,43648,59127.81,271987.93,53747.93
ORD02310,2024-08-11,CUST1954,PROD035,1,0.14,Credit Card,34337,42791.61,36800.78,2463.78
ORD02311,2024-07-11,CUST0503,PROD085,3,0.26,Credit Card,21717,30553.33,67828.39,2677.39
ORD02312,2025-06-23,CUST0767,PROD005,3,0.01,Cash on Delivery,14250,21561.25,64036.91,21286.91
ORD02313,2025-12-06,CUST0214,PROD088,5,0.17,Cash on Delivery,27486,32133.64,133354.61,-4075.39
ORD02314,2024-04-23,CUST1446,PROD039,5,0.07,UPI,46187,61705.35,286929.88,55994.88
ORD02315,2024-05-01,CUST0526,PROD024,1,0.02,UPI,37354,55239.2,54134.42,16780.42
ORD02316,2024-07-19,CUST0192,PROD040,3,0.27,Cash on Delivery,34631,45159.32,98898.91,-4994.09
ORD02317,2024-06-07,CUST1831,PROD050,1,0.24,Cash on Delivery,1097,1282.14,974.43,-122.57
ORD02318,2024-12-04,CUST0694,PROD077,5,0.06,Credit Card,10916,15458.38,72654.39,18074.39
ORD02319,2025-10-26,CUST0642,PROD058,4,0.25,Cash on Delivery,29901,36003.02,108009.06,-11594.94
ORD02320,2025-03-31,CUST1248,PROD001,5,0.04,Credit Card,19397,25535.45,122570.16,25585.16
ORD02321,2025-05-07,CUST0555,PROD043,3,0.14,Credit Card,1019,1626.06,4195.23,1138.23
ORD02322,2024-08-07,CUST1717,PROD039,1,0.22,Cash on Delivery,46187,61387.56,47882.3,1695.3
ORD02323,2024-11-16,CUST0387,PROD010,3,0.16,Cash on Delivery,38184,58394.24,147153.48,32601.48
ORD02324,2023-08-20,CUST0681,PROD002,5,0.26,UPI,8668,13321.96,49291.25,5951.25
ORD02325,2023-09-27,CUST0776,PROD063,5,0.19,UPI,48779,61865.14,250553.82,6658.82
ORD02326,2025-07-28,CUST1498,PROD016,2,0.13,Credit Card,45432,64421.54,112093.48,21229.48
ORD02327,2025-05-23,CUST1632,PROD037,5,0.28,Credit Card,49377,77835.75,280208.7,33323.7
ORD02328,2023-02-21,CUST0203,PROD016,3,0.01,Cash on Delivery,45432,64642.91,191989.44,55693.44
ORD02329,2023-04-26,CUST1010,PROD087,1,0.15,Debit Card,1853,2809.08,2387.72,534.72
ORD02330,2024-06-21,CUST0447,PROD090,1,0.2,Debit Card,39865,54142.78,43314.22,3449.22
ORD02331,2024-06-24,CUST1857,PROD080,2,0.25,Cash on Delivery,24906,36703.91,55055.87,5243.87
ORD02332,2025-11-08,CUST1871,PROD027,3,0.16,Credit Card,33194,38499.51,97018.77,-2563.23
ORD02333,2025-03-25,CUST0900,PROD063,5,0.27,Credit Card,48779,73381.33,267841.85,23946.85
ORD02334,2025-03-01,CUST1092,PROD094,4,0.13,Debit Card,11294,16402.64,57081.19,11905.19
ORD02335,2024-09-09,CUST1116,PROD064,1,0.1,UPI,24886,32637.54,29373.79,4487.79
ORD02336,2024-02-23,CUST0778,PROD097,3,0.29,Credit Card,10894,14572.29,31038.98,-1643.02
ORD02337,2023-11-05,CUST1867,PROD032,2,0.2,Cash on Delivery,17963,23297.58,37276.13,1350.13
ORD02338,2025-05-13,CUST0178,PROD009,4,0.13,Credit Card,7565,10484.55,36486.23,6226.23
ORD02339,2023-07-05,CUST1687,PROD011,3,0.26,Credit Card,23684,28394.84,63036.54,-8015.46
ORD02340,2023-09-18,CUST0829,PROD070,5,0.2,UPI,39873,61014.13,244056.52,44691.52
ORD02341,2023-06-09,CUST0559,PROD030,1,0.19,Debit Card,27284,37246.05,30169.3,2885.3
ORD02342,2025-05-19,CUST1027,PROD015,5,0.22,UPI,18761,21939.04,85562.26,-8242.74
ORD02343,2025-01-31,CUST0103,PROD059,2,0.22,Cash on Delivery,42048,58818.12,91756.27,7660.27
ORD02344,2023-08-12,CUST1297,PROD048,1,0.15,Cash on Delivery,7733,12131.01,10311.36,2578.36
ORD02345,2023-06-29,CUST1558,PROD094,4,0.13,UPI,11294,13432.6,46745.45,1569.45
ORD02346,2023-01-20,CUST0116,PROD082,1,0.27,Cash on Delivery,37566,45283.43,33056.9,-4509.1
ORD02347,2024-09-23,CUST0859,PROD076,5,0.15,Cash on Delivery,19739,26139.02,111090.84,12395.84
ORD02348,2023-02-27,CUST1936,PROD060,3,0.06,Credit Card,7054,10447.19,29461.08,8299.08
ORD02349,2024-12-23,CUST0464,PROD068,3,0.16,Cash on Delivery,30755,43736.07,110214.9,17949.9
ORD02350,2024-09-06,CUST0104,PROD057,3,0.01,Credit Card,43648,59190.26,175795.07,44851.07
ORD02351,2024-07-15,CUST0259,PROD064,2,0.22,Cash on Delivery,24886,39736.36,61988.72,12216.72
ORD02352,2024-01-09,CUST1332,PROD054,2,0.04,Debit Card,39049,48171.12,92488.55,14390.55
ORD02353,2024-09-13,CUST1391,PROD080,3,0.03,UPI,24906,37851.9,110149.03,35431.03
ORD02354,2023-03-29,CUST0929,PROD087,4,0.28,Debit Card,1853,2234.21,6434.52,-977.48
ORD02355,2025-11-09,CUST0810,PROD075,5,0.23,UPI,900,1107.74,4264.8,-235.2
ORD02356,2025-10-10,CUST0642,PROD054,4,0.12,Credit Card,39049,50097.91,176344.64,20148.64
ORD02357,2023-01-14,CUST0807,PROD059,3,0.07,Debit Card,42048,64875.57,181002.84,54858.84
ORD02358,2023-05-13,CUST1023,PROD088,5,0.25,UPI,27486,37103.15,139136.81,1706.81
ORD02359,2025-11-23,CUST1326,PROD086,2,0.29,Credit Card,12989,17250.74,24496.05,-1481.95
ORD02360,2025-06-10,CUST0560,PROD039,1,0.15,Cash on Delivery,46187,63314.37,53817.21,7630.21
ORD02361,2024-08-14,CUST0027,PROD015,1,0.17,Cash on Delivery,18761,26901.55,22328.29,3567.29
ORD02362,2024-08-05,CUST0508,PROD079,5,0.07,Credit Card,16940,22709.3,105598.24,20898.24
ORD02363,2023-10-16,CUST0527,PROD074,4,0.18,UPI,36254,57395.13,188256.03,43240.03
ORD02364,2025-10-09,CUST0775,PROD028,5,0.12,Credit Card,24730,29945.65,131760.86,8110.86
ORD02365,2025-05-28,CUST1389,PROD036,4,0.25,UPI,5763,7861.02,23583.06,531.06
ORD02366,2023-01-07,CUST0953,PROD054,4,0.11,UPI,39049,52206.36,185854.64,29658.64
ORD02367,2023-08-28,CUST0298,PROD017,1,0.19,UPI,28919,42271.42,34239.85,5320.85
ORD02368,2024-06-19,CUST0777,PROD100,2,0.06,Cash on Delivery,41593,65857.84,123812.74,40626.74
ORD02369,2023-03-11,CUST0361,PROD086,3,0.03,UPI,12989,16623.14,48373.34,9406.34
ORD02370,2023-08-04,CUST1670,PROD087,2,0.01,Credit Card,1853,2927.55,5796.55,2090.55
ORD02371,2025-12-13,CUST0504,PROD093,3,0.12,Cash on Delivery,48575,73953.73,195237.85,49512.85
ORD02372,2025-03-16,CUST1977,PROD022,1,0.05,UPI,46697,70732.65,67196.02,20499.02
ORD02373,2023-11-26,CUST0588,PROD075,3,0.3,Cash on Delivery,900,1064.6,2235.66,-464.34
ORD02374,2025-04-27,CUST0030,PROD036,4,0.24,Cash on Delivery,5763,9066.71,27562.8,4510.8
ORD02375,2023-02-14,CUST1463,PROD029,5,0.21,UPI,23495,35889.02,141761.63,24286.63
ORD02376,2025-04-08,CUST1364,PROD055,3,0.24,UPI,44065,64249.52,146488.91,14293.91
ORD02377,2023-07-17,CUST0126,PROD042,2,0.08,Credit Card,35023,42291.56,77816.47,7770.47
ORD02378,2025-06-14,CUST0596,PROD032,1,0.26,Cash on Delivery,17963,24052.76,17799.04,-163.96
ORD02379,2023-11-28,CUST1590,PROD014,1,0.3,Debit Card,6122,9355.04,6548.53,426.53
ORD02380,2024-11-26,CUST1390,PROD018,5,0.09,Cash on Delivery,34967,47096.67,214289.85,39454.85
ORD02381,2023-01-27,CUST1819,PROD038,4,0.3,UPI,41219,55497.46,155392.89,-9483.11
ORD02382,2023-11-14,CUST1876,PROD034,4,0.1,Debit Card,48452,61609.46,221794.06,27986.06
ORD02383,2023-12-31,CUST1467,PROD045,1,0.0,Debit Card,45004,52791.25,52791.25,7787.25
ORD02384,2025-08-17,CUST0263,PROD087,4,0.11,UPI,1853,2558.72,9109.04,1697.04
ORD02385,2024-01-08,CUST0936,PROD032,5,0.3,Cash on Delivery,17963,26917.76,94212.16,4397.16
ORD02386,2023-09-02,CUST0872,PROD067,1,0.19,Debit Card,26070,31694.14,25672.25,-397.75
ORD02387,2024-04-22,CUST1246,PROD063,4,0.21,Debit Card,48779,75714.76,239258.64,44142.64
ORD02388,2023-05-05,CUST1864,PROD055,3,0.07,Cash on Delivery,44065,61685.61,172102.85,39907.85
ORD02389,2024-06-20,CUST0002,PROD043,3,0.04,UPI,1019,1544.33,4447.67,1390.67
ORD02390,2024-12-06,CUST1934,PROD022,4,0.27,Cash on Delivery,46697,67718.49,197737.99,10949.99
ORD02391,2024-06-14,CUST0394,PROD087,3,0.12,Cash on Delivery,1853,2243.47,5922.76,363.76
ORD02392,2025-02-24,CUST0306,PROD068,5,0.0,Credit Card,30755,47915.26,239576.3,85801.3
ORD02393,2023-09-11,CUST1170,PROD077,2,0.09,Debit Card,10916,16081.1,29267.6,7435.6
ORD02394,2023-05-01,CUST0530,PROD096,5,0.06,UPI,16906,19712.57,92649.08,8119.08
ORD02395,2025-11-21,CUST0528,PROD029,5,0.18,UPI,23495,33151.91,135922.83,18447.83
ORD02396,2024-10-22,CUST1332,PROD040,4,0.23,Debit Card,34631,47307.91,145708.36,7184.36
ORD02397,2025-11-26,CUST0965,PROD045,5,0.15,Debit Card,45004,69154.02,293904.59,68884.59
ORD02398,2025-11-02,CUST1972,PROD010,4,0.06,Debit Card,38184,46021.39,173040.43,20304.43
ORD02399,2023-03-29,CUST0671,PROD077,1,0.02,UPI,10916,15455.74,15146.63,4230.63
ORD02400,2023-02-15,CUST1364,PROD045,4,0.09,Cash on Delivery,45004,58038.33,211259.52,31243.52
ORD02401,2025-07-21,CUST1943,PROD017,4,0.24,Cash on Delivery,28919,36453.22,110817.79,-4858.21
ORD02402,2025-01-14,CUST0352,PROD002,1,0.13,UPI,8668,10056.1,8748.81,80.81
ORD02403,2025-08-24,CUST0810,PROD017,2,0.08,Cash on Delivery,28919,37580.32,69147.79,11309.79
ORD02404,2025-02-01,CUST0209,PROD090,1,0.01,Credit Card,39865,52950.41,52420.91,12555.91
ORD02405,2025-01-31,CUST0958,PROD038,4,0.15,Credit Card,41219,55707.64,189405.98,24529.98
ORD02406,2025-03-04,CUST0205,PROD037,3,0.21,UPI,49377,73108.81,173267.88,25136.88
ORD02407,2025-01-13,CUST0625,PROD063,4,0.06,Cash on Delivery,48779,64953.83,244226.4,49110.4
ORD02408,2025-12-05,CUST1714,PROD005,1,0.16,Credit Card,14250,17639.48,14817.16,567.16
ORD02409,2024-07-11,CUST1997,PROD025,4,0.13,Cash on Delivery,31820,42294.06,147183.33,19903.33
ORD02410,2024-06-09,CUST0721,PROD073,1,0.21,Debit Card,46032,54377.8,42958.46,-3073.54
ORD02411,2024-08-19,CUST0636,PROD092,5,0.26,Cash on Delivery,4811,7637.14,28257.42,4202.42
ORD02412,2025-04-19,CUST1039,PROD022,2,0.09,Credit Card,46697,55093.36,100269.92,6875.92
ORD02413,2023-01-03,CUST0858,PROD093,2,0.27,Credit Card,48575,60274.33,88000.52,-9149.48
ORD02414,2025-11-17,CUST1452,PROD063,1,0.21,UPI,48779,65491.38,51738.19,2959.19
ORD02415,2023-06-06,CUST0476,PROD035,2,0.01,UPI,34337,53910.21,106742.22,38068.22
ORD02416,2025-05-04,CUST0298,PROD055,3,0.24,Debit Card,44065,54218.97,123619.25,-8575.75
ORD02417,2024-05-25,CUST0557,PROD020,3,0.15,Credit Card,29671,39459.47,100621.65,11608.65
ORD02418,2024-11-17,CUST1118,PROD005,2,0.28,UPI,14250,22731.5,32733.36,4233.36
ORD02419,2024-07-24,CUST0107,PROD039,1,0.1,UPI,46187,65628.1,59065.29,12878.29
ORD02420,2024-12-15,CUST1443,PROD063,3,0.18,UPI,48779,69586.29,171182.27,24845.27
ORD02421,2023-08-27,CUST1302,PROD032,2,0.29,Debit Card,17963,28531.68,40514.99,4588.99
ORD02422,2023-10-30,CUST0128,PROD063,4,0.08,Debit Card,48779,67204.98,247314.33,52198.33
ORD02423,2024-08-29,CUST1994,PROD074,3,0.14,Credit Card,36254,41733.88,107673.41,-1088.59
ORD02424,2025-09-17,CUST0459,PROD040,5,0.23,Debit Card,34631,40308.44,155187.49,-17967.51
ORD02425,2023-11-30,CUST0038,PROD017,3,0.21,Credit Card,28919,42124.26,99834.5,13077.5
ORD02426,2023-04-23,CUST1633,PROD079,2,0.25,Credit Card,16940,21093.35,31640.02,-2239.98
ORD02427,2023-12-28,CUST0198,PROD073,2,0.16,Credit Card,46032,62848.24,105585.04,13521.04
ORD02428,2025-03-11,CUST1728,PROD032,2,0.1,UPI,17963,25114.38,45205.88,9279.88
ORD02429,2023-04-07,CUST0357,PROD023,1,0.16,Cash on Delivery,14296,20733.6,17416.22,3120.22
ORD02430,2023-01-16,CUST0007,PROD075,1,0.1,UPI,900,1068.92,962.03,62.03
ORD02431,2024-07-09,CUST1580,PROD060,4,0.05,UPI,7054,10524.71,39993.9,11777.9
ORD02432,2024-01-11,CUST1356,PROD077,4,0.17,Debit Card,10916,17073.45,56683.85,13019.85
ORD02433,2025-01-11,CUST0519,PROD082,3,0.01,UPI,37566,47524.2,141146.87,28448.87
ORD02434,2024-01-25,CUST0194,PROD056,2,0.01,Credit Card,6756,8926.03,17673.54,4161.54
ORD02435,2024-09-11,CUST0316,PROD009,4,0.02,Cash on Delivery,7565,11231.89,44029.01,13769.01
ORD02436,2025-04-03,CUST1025,PROD069,2,0.2,Debit Card,21682,27358.31,43773.3,409.3
ORD02437,2023-11-16,CUST1086,PROD062,3,0.12,Cash on Delivery,42867,59757.03,157758.56,29157.56
ORD02438,2023-07-15,CUST0343,PROD064,1,0.15,Debit Card,24886,36009.45,30608.03,5722.03
ORD02439,2024-02-22,CUST0601,PROD022,4,0.1,UPI,46697,72178.31,259841.92,73053.92
ORD02440,2024-08-29,CUST1042,PROD032,5,0.08,UPI,17963,23449.16,107866.14,18051.14
ORD02441,2024-07-21,CUST0620,PROD047,5,0.11,UPI,47956,65780.85,292724.78,52944.78
ORD02442,2024-06-27,CUST1671,PROD002,5,0.06,UPI,8668,10688.25,50234.77,6894.77
ORD02443,2023-08-19,CUST1395,PROD085,5,0.2,Debit Card,21717,27980.72,111922.88,3337.88
ORD02444,2025-06-02,CUST0822,PROD092,5,0.03,Debit Card,4811,5738.18,27830.17,3775.17
ORD02445,2024-06-04,CUST1603,PROD052,5,0.16,Credit Card,20157,24973.25,104887.65,4102.65
ORD02446,2024-12-03,CUST1629,PROD088,5,0.14,Debit Card,27486,35891.08,154331.64,16901.64
ORD02447,2025-04-25,CUST1674,PROD088,4,0.09,Debit Card,27486,36856.59,134157.99,24213.99
ORD02448,2024-11-03,CUST1725,PROD014,5,0.03,UPI,6122,8987.68,43590.25,12980.25
ORD02449,2023-01-21,CUST1595,PROD037,5,0.21,Credit Card,49377,66970.12,264531.97,17646.97
ORD02450,2024-08-10,CUST1723,PROD027,3,0.17,Cash on Delivery,33194,38905.76,96875.34,-2706.66
ORD02451,2025-06-16,CUST0235,PROD024,4,0.24,Debit Card,37354,55660.65,169208.38,19792.38
ORD02452,2024-01-06,CUST1093,PROD064,3,0.07,Cash on Delivery,24886,34585.53,96493.63,21835.63
ORD02453,2023-03-19,CUST0447,PROD070,2,0.24,UPI,39873,62709.62,95318.62,15572.62
ORD02454,2024-10-09,CUST0610,PROD026,5,0.09,UPI,1165,1672.77,7611.1,1786.1
ORD02455,2023-05-20,CUST0008,PROD054,1,0.03,Cash on Delivery,39049,54288.63,52659.97,13610.97
ORD02456,2024-07-06,CUST0462,PROD015,5,0.04,Cash on Delivery,18761,24060.85,115492.08,21687.08
ORD02457,2025-09-24,CUST1000,PROD029,5,0.07,Credit Card,23495,29519.29,137264.7,19789.7
ORD02458,2023-10-09,CUST1335,PROD100,3,0.2,Debit Card,41593,52137.46,125129.9,350.9
ORD02459,2024-03-15,CUST0134,PROD074,2,0.07,Debit Card,36254,48334.02,89901.28,17393.28
ORD02460,2023-09-27,CUST0385,PROD028,3,0.18,Debit Card,24730,30346.61,74652.66,462.66
ORD02461,2025-01-15,CUST0056,PROD059,4,0.08,Debit Card,42048,64329.0,236730.72,68538.72
ORD02462,2023-04-14,CUST0993,PROD073,2,0.11,Credit Card,46032,69615.98,123916.44,31852.44
ORD02463,2025-02-04,CUST1384,PROD021,2,0.27,UPI,22664,33496.97,48905.58,3577.58
ORD02464,2023-04-05,CUST1995,PROD010,2,0.15,Cash on Delivery,38184,44749.27,76073.76,-294.24
ORD02465,2024-12-29,CUST1138,PROD004,3,0.18,UPI,42258,49964.07,122911.61,-3862.39
ORD02466,2024-04-24,CUST1112,PROD062,5,0.06,Credit Card,42867,61573.79,289396.81,75061.81
ORD02467,2025-02-18,CUST0138,PROD004,5,0.04,Debit Card,42258,62839.16,301627.97,90337.97
ORD02468,2023-01-13,CUST1132,PROD006,5,0.12,UPI,17488,20321.44,89414.34,1974.34
ORD02469,2024-08-23,CUST1524,PROD090,5,0.26,Debit Card,39865,51056.11,188907.61,-10417.39
ORD02470,2023-04-05,CUST0535,PROD080,5,0.07,Cash on Delivery,24906,30169.32,140287.34,15757.34
ORD02471,2023-10-20,CUST0144,PROD072,4,0.19,UPI,16543,20746.17,67217.59,1045.59
ORD02472,2023-01-25,CUST0869,PROD092,1,0.26,Debit Card,4811,6654.91,4924.63,113.63
ORD02473,2025-07-27,CUST0656,PROD016,2,0.28,Credit Card,45432,54480.24,78451.55,-12412.45
ORD02474,2025-01-31,CUST0056,PROD038,1,0.3,Cash on Delivery,41219,51664.94,36165.46,-5053.54
ORD02475,2024-10-15,CUST0620,PROD049,4,0.23,Debit Card,1602,2249.54,6928.58,520.58
ORD02476,2025-09-11,CUST1887,PROD061,5,0.02,Debit Card,13164,18148.54,88927.85,23107.85
ORD02477,2024-09-29,CUST1030,PROD065,4,0.26,Credit Card,5346,8211.01,24304.59,2920.59
ORD02478,2024-05-05,CUST0542,PROD083,4,0.27,Cash on Delivery,37036,45100.99,131694.89,-16449.11
ORD02479,2024-07-28,CUST0447,PROD050,1,0.17,Credit Card,1097,1444.14,1198.64,101.64
ORD02480,2023-10-21,CUST1409,PROD017,2,0.02,Cash on Delivery,28919,45286.05,88760.66,30922.66
ORD02481,2025-06-14,CUST1331,PROD028,3,0.14,Debit Card,24730,37295.54,96222.49,22032.49
ORD02482,2023-02-09,CUST0874,PROD044,3,0.06,Debit Card,31606,44842.93,126457.06,31639.06
ORD02483,2025-02-14,CUST1881,PROD012,2,0.13,Cash on Delivery,33865,50663.62,88154.7,20424.7
ORD02484,2024-06-03,CUST0639,PROD070,5,0.22,Debit Card,39873,53899.18,210206.8,10841.8
ORD02485,2024-06-29,CUST1326,PROD071,4,0.2,UPI,43519,67881.34,217220.29,43144.29
ORD02486,2023-08-24,CUST1657,PROD072,5,0.23,Debit Card,16543,23488.5,90430.72,7715.72
ORD02487,2024-04-07,CUST1429,PROD003,4,0.14,Cash on Delivery,7361,10769.41,37046.77,7602.77
ORD02488,2024-04-27,CUST0611,PROD049,3,0.15,UPI,1602,2312.32,5896.42,1090.42
ORD02489,2024-03-05,CUST1702,PROD021,2,0.28,Cash on Delivery,22664,32924.99,47411.99,2083.99
ORD02490,2025-11-11,CUST0837,PROD008,1,0.19,UPI,24024,34558.0,27991.98,3967.98
ORD02491,2023-12-09,CUST1855,PROD064,1,0.22,UPI,24886,29444.97,22967.08,-1918.92
ORD02492,2025-11-29,CUST1777,PROD092,2,0.2,Credit Card,4811,6839.95,10943.92,1321.92
ORD02493,2023-05-13,CUST1586,PROD059,3,0.19,Credit Card,42048,63178.37,153523.44,27379.44
ORD02494,2023-12-17,CUST0780,PROD030,4,0.27,UPI,27284,31381.46,91633.86,-17502.14
ORD02495,2024-05-20,CUST0837,PROD032,1,0.11,UPI,17963,27865.18,24800.01,6837.01
ORD02496,2023-03-25,CUST0510,PROD075,3,0.13,UPI,900,1420.65,3707.9,1007.9
ORD02497,2025-09-19,CUST1097,PROD020,2,0.11,Credit Card,29671,35833.24,63783.17,4441.17
ORD02498,2025-04-09,CUST0812,PROD016,5,0.23,Credit Card,45432,63185.62,243264.64,16104.64
ORD02499,2025-05-10,CUST0564,PROD025,3,0.26,Credit Card,31820,38176.63,84752.12,-10707.88
ORD02500,2023-12-09,CUST0265,PROD060,3,0.11,UPI,7054,9010.45,24057.9,2895.9
ORD02501,2025-05-15,CUST1251,PROD045,5,0.04,UPI,45004,64340.94,308836.51,83816.51
ORD02502,2023-10-20,CUST1217,PROD009,3,0.15,Cash on Delivery,7565,9730.74,24813.39,2118.39
ORD02503,2024-08-20,CUST1398,PROD051,1,0.3,Debit Card,47215,62064.0,43444.8,-3770.2
ORD02504,2024-10-06,CUST1775,PROD061,1,0.06,Debit Card,13164,19558.55,18385.04,5221.04
ORD02505,2024-03-23,CUST0010,PROD040,1,0.14,Credit Card,34631,48786.16,41956.1,7325.1
ORD02506,2024-11-20,CUST0302,PROD061,3,0.08,Credit Card,13164,18207.39,50252.4,10760.4
ORD02507,2025-09-28,CUST1383,PROD067,3,0.28,Debit Card,26070,33783.54,72972.45,-5237.55
ORD02508,2025-05-04,CUST1764,PROD080,3,0.17,Credit Card,24906,36533.81,90969.19,16251.19
ORD02509,2024-05-16,CUST1978,PROD076,2,0.17,UPI,19739,26465.75,43933.14,4455.14
ORD02510,2025-02-02,CUST0805,PROD015,5,0.0,Debit Card,18761,29163.34,145816.7,52011.7
ORD02511,2025-01-04,CUST1076,PROD053,3,0.2,UPI,45509,64655.52,155173.25,18646.25
ORD02512,2023-09-07,CUST1776,PROD004,5,0.09,Debit Card,42258,58833.31,267691.56,56401.56
ORD02513,2024-08-23,CUST0099,PROD023,4,0.15,Debit Card,14296,21607.12,73464.21,16280.21
ORD02514,2023-05-05,CUST0593,PROD027,1,0.16,Credit Card,33194,45424.28,38156.4,4962.4
ORD02515,2023-04-23,CUST1037,PROD037,2,0.18,UPI,49377,62989.24,103302.35,4548.35
ORD02516,2025-09-07,CUST1414,PROD077,5,0.25,UPI,10916,13315.27,49932.26,-4647.74
ORD02517,2023-05-30,CUST1978,PROD043,1,0.09,Cash on Delivery,1019,1429.47,1300.82,281.82
ORD02518,2025-05-24,CUST0357,PROD037,2,0.08,UPI,49377,66223.71,121851.63,23097.63
ORD02519,2023-12-09,CUST1664,PROD085,1,0.24,UPI,21717,28857.97,21932.06,215.06
ORD02520,2024-08-02,CUST1840,PROD029,3,0.22,Credit Card,23495,30713.44,71869.45,1384.45
ORD02521,2025-02-21,CUST0928,PROD029,3,0.07,Cash on Delivery,23495,34120.04,95194.91,24709.91
ORD02522,2023-11-17,CUST0011,PROD049,1,0.0,UPI,1602,2216.44,2216.44,614.44
ORD02523,2025-04-01,CUST0081,PROD075,2,0.2,Credit Card,900,1252.58,2004.13,204.13
ORD02524,2024-06-15,CUST1285,PROD051,1,0.05,Debit Card,47215,60843.9,57801.7,10586.7
ORD02525,2024-05-06,CUST0006,PROD050,4,0.29,UPI,1097,1564.48,4443.12,55.12
ORD02526,2024-09-03,CUST1482,PROD028,2,0.18,Credit Card,24730,32930.03,54005.25,4545.25
ORD02527,2023-09-09,CUST0373,PROD074,2,0.25,Debit Card,36254,54245.63,81368.44,8860.44
ORD02528,2023-06-22,CUST0481,PROD005,1,0.24,UPI,14250,19783.11,15035.16,785.16
ORD02529,2025-05-24,CUST0222,PROD056,5,0.17,UPI,6756,8649.39,35894.97,2114.97
ORD02530,2023-07-20,CUST1941,PROD064,1,0.13,Credit Card,24886,30273.28,26337.75,1451.75
ORD02531,2023-08-05,CUST1834,PROD089,5,0.15,Debit Card,21871,32040.39,136171.66,26816.66
ORD02532,2024-01-11,CUST1105,PROD097,2,0.24,Debit Card,10894,14347.37,21808.0,20.0
ORD02533,2023-01-11,CUST1947,PROD017,3,0.19,Debit Card,28919,34109.38,82885.79,-3871.21
ORD02534,2025-11-01,CUST0515,PROD097,3,0.06,Debit Card,10894,17013.31,47977.53,15295.53
ORD02535,2025-06-10,CUST1084,PROD089,1,0.18,UPI,21871,28956.99,23744.73,1873.73
ORD02536,2024-03-10,CUST0221,PROD097,5,0.12,Debit Card,10894,16184.94,71213.74,16743.74
ORD02537,2025-03-28,CUST1986,PROD055,1,0.02,Credit Card,44065,59774.69,58579.2,14514.2
ORD02538,2025-07-19,CUST0349,PROD009,4,0.11,Credit Card,7565,11732.69,41768.38,11508.38
ORD02539,2024-11-21,CUST1585,PROD091,1,0.07,UPI,15191,17668.39,16431.6,1240.6
ORD02540,2025-05-04,CUST0228,PROD089,1,0.25,Credit Card,21871,27704.72,20778.54,-1092.46
ORD02541,2025-02-22,CUST0290,PROD068,1,0.03,Cash on Delivery,30755,42921.65,41634.0,10879.0
ORD02542,2023-11-15,CUST0293,PROD073,1,0.11,UPI,46032,59632.3,53072.75,7040.75
ORD02543,2025-04-23,CUST0810,PROD079,5,0.21,Cash on Delivery,16940,25142.51,99312.91,14612.91
ORD02544,2024-09-12,CUST1217,PROD016,5,0.27,Debit Card,45432,66321.1,242072.02,14912.02
ORD02545,2025-02-23,CUST0956,PROD016,5,0.1,Cash on Delivery,45432,52768.63,237458.83,10298.83
ORD02546,2024-02-01,CUST1498,PROD013,4,0.18,UPI,24204,34375.27,112750.89,15934.89
ORD02547,2025-12-17,CUST1281,PROD078,4,0.11,Debit Card,3912,5970.29,21254.23,5606.23
ORD02548,2024-04-04,CUST1979,PROD086,1,0.06,Credit Card,12989,16782.18,15775.25,2786.25
ORD02549,2023-03-02,CUST1530,PROD085,5,0.1,UPI,21717,26336.46,118514.07,9929.07
ORD02550,2024-01-04,CUST0388,PROD073,4,0.19,Debit Card,46032,68230.18,221065.78,36937.78
ORD02551,2024-12-19,CUST0615,PROD063,3,0.21,UPI,48779,75860.73,179789.93,33452.93
ORD02552,2024-06-29,CUST1422,PROD041,1,0.11,Debit Card,37776,54609.25,48602.23,10826.23
ORD02553,2025-11-06,CUST0366,PROD053,2,0.05,UPI,45509,69661.52,132356.89,41338.89
ORD02554,2024-05-10,CUST0658,PROD068,5,0.04,UPI,30755,49189.52,236109.7,82334.7
ORD02555,2024-05-11,CUST0290,PROD074,1,0.24,UPI,36254,49839.23,37877.81,1623.81
ORD02556,2024-05-19,CUST1793,PROD099,1,0.2,UPI,42208,66303.7,53042.96,10834.96
ORD02557,2025-08-26,CUST1333,PROD009,2,0.22,Cash on Delivery,7565,9872.04,15400.38,270.38
ORD02558,2025-12-28,CUST1302,PROD051,3,0.15,Debit Card,47215,70139.86,178856.64,37211.64
ORD02559,2023-06-10,CUST1488,PROD048,4,0.14,Debit Card,7733,12029.92,41382.92,10450.92
ORD02560,2024-12-18,CUST0189,PROD080,4,0.06,UPI,24906,34479.71,129643.71,30019.71
ORD02561,2025-09-19,CUST0918,PROD049,2,0.05,UPI,1602,2293.92,4358.45,1154.45
ORD02562,2023-09-26,CUST1202,PROD018,2,0.05,Credit Card,34967,55482.92,105417.55,35483.55
ORD02563,2024-11-29,CUST1552,PROD010,4,0.3,Debit Card,38184,48227.58,135037.22,-17698.78
ORD02564,2025-05-14,CUST0924,PROD085,3,0.25,Cash on Delivery,21717,28453.4,64020.15,-1130.85
ORD02565,2023-12-16,CUST0988,PROD054,3,0.19,Debit Card,39049,58476.83,142098.7,24951.7
ORD02566,2023-04-20,CUST0375,PROD079,1,0.06,Debit Card,16940,22080.22,20755.41,3815.41
ORD02567,2024-02-11,CUST1622,PROD015,2,0.1,Debit Card,18761,25802.92,46445.26,8923.26
ORD02568,2024-10-11,CUST0760,PROD011,2,0.11,Credit Card,23684,27774.37,49438.38,2070.38
ORD02569,2023-02-20,CUST1478,PROD040,2,0.14,Cash on Delivery,34631,48638.13,83657.58,14395.58
ORD02570,2025-12-27,CUST0217,PROD047,4,0.13,UPI,47956,68675.54,238990.88,47166.88
ORD02571,2024-08-18,CUST1066,PROD020,4,0.28,Cash on Delivery,29671,35224.58,101446.79,-17237.21
ORD02572,2025-09-05,CUST0194,PROD098,4,0.22,UPI,27372,34482.04,107583.96,-1904.04
ORD02573,2025-12-01,CUST1351,PROD022,3,0.02,UPI,46697,62804.38,184644.88,44553.88
ORD02574,2024-12-31,CUST1397,PROD048,4,0.11,Cash on Delivery,7733,11611.55,41337.12,10405.12
ORD02575,2023-02-26,CUST1489,PROD082,1,0.04,Credit Card,37566,43567.0,41824.32,4258.32
ORD02576,2025-01-07,CUST0163,PROD016,4,0.08,Credit Card,45432,59021.04,217197.43,35469.43
ORD02577,2023-07-15,CUST0276,PROD005,3,0.29,UPI,14250,16418.87,34972.19,-7777.81
ORD02578,2025-12-21,CUST0364,PROD065,2,0.21,Credit Card,5346,7401.95,11695.08,1003.08
ORD02579,2023-04-22,CUST1666,PROD083,1,0.0,Credit Card,37036,50904.1,50904.1,13868.1
ORD02580,2025-02-03,CUST0775,PROD074,3,0.1,Credit Card,36254,54015.46,145841.74,37079.74
ORD02581,2024-12-11,CUST0480,PROD021,5,0.13,Credit Card,22664,26103.58,113550.57,230.57
ORD02582,2025-08-05,CUST0689,PROD061,2,0.18,UPI,13164,19633.07,32198.23,5870.23
ORD02583,2023-01-26,CUST0460,PROD077,4,0.15,Credit Card,10916,16931.29,57566.39,13902.39
ORD02584,2024-02-14,CUST1289,PROD055,3,0.02,Cash on Delivery,44065,56968.95,167488.71,35293.71
ORD02585,2025-01-27,CUST0539,PROD024,5,0.15,Cash on Delivery,37354,48566.2,206406.35,19636.35
ORD02586,2024-06-14,CUST0974,PROD023,3,0.04,UPI,14296,16447.28,47368.17,4480.17
ORD02587,2025-01-18,CUST1410,PROD087,4,0.16,Debit Card,1853,2488.77,8362.27,950.27
ORD02588,2023-09-03,CUST0085,PROD011,3,0.07,Credit Card,23684,33769.98,94218.24,23166.24
ORD02589,2024-10-23,CUST1732,PROD047,5,0.04,Cash on Delivery,47956,57797.18,277426.46,37646.46
ORD02590,2025-06-27,CUST1340,PROD002,3,0.09,Debit Card,8668,12531.54,34211.1,8207.1
ORD02591,2024-01-31,CUST0243,PROD070,1,0.03,Cash on Delivery,39873,52416.42,50843.93,10970.93
ORD02592,2024-06-05,CUST1493,PROD053,1,0.09,Cash on Delivery,45509,66117.71,60167.12,14658.12
ORD02593,2025-07-14,CUST0880,PROD011,4,0.26,Debit Card,23684,29912.74,88541.71,-6194.29
ORD02594,2023-09-21,CUST1366,PROD015,5,0.09,Credit Card,18761,28115.06,127923.52,34118.52
ORD02595,2025-02-28,CUST1201,PROD073,5,0.14,UPI,46032,64305.96,276515.63,46355.63
ORD02596,2023-06-21,CUST1154,PROD012,5,0.16,UPI,33865,47070.24,197695.01,28370.01
ORD02597,2023-09-22,CUST0657,PROD036,5,0.05,UPI,5763,7893.42,37493.74,8678.74
ORD02598,2025-11-15,CUST1107,PROD092,5,0.13,Credit Card,4811,7355.48,31996.34,7941.34
ORD02599,2024-04-20,CUST1384,PROD023,2,0.26,Credit Card,14296,20006.03,29608.92,1016.92
ORD02600,2023-12-22,CUST0088,PROD027,3,0.02,Cash on Delivery,33194,40557.08,119237.82,19655.82
ORD02601,2025-11-15,CUST1556,PROD088,5,0.28,UPI,27486,39349.31,141657.52,4227.52
ORD02602,2023-02-03,CUST0742,PROD014,1,0.26,UPI,6122,8456.56,6257.85,135.85
ORD02603,2023-09-21,CUST1996,PROD054,3,0.26,Cash on Delivery,39049,46117.64,102381.16,-14765.84
ORD02604,2025-03-26,CUST0985,PROD099,4,0.06,Cash on Delivery,42208,59576.02,224005.84,55173.84
ORD02605,2025-05-24,CUST1662,PROD027,4,0.15,Debit Card,33194,39358.89,133820.23,1044.23
ORD02606,2025-01-23,CUST0471,PROD021,5,0.18,Debit Card,22664,33456.02,137169.68,23849.68
ORD02607,2024-07-19,CUST1522,PROD049,2,0.03,Credit Card,1602,2314.33,4489.8,1285.8
ORD02608,2024-04-06,CUST1531,PROD062,2,0.17,UPI,42867,58812.04,97627.99,11893.99
ORD02609,2024-10-16,CUST1378,PROD077,3,0.25,Cash on Delivery,10916,16231.58,36521.06,3773.06
ORD02610,2023-03-22,CUST0416,PROD072,2,0.28,UPI,16543,21114.4,30404.74,-2681.26
ORD02611,2025-01-26,CUST1075,PROD044,4,0.08,Credit Card,31606,42696.29,157122.35,30698.35
ORD02612,2025-05-19,CUST1624,PROD044,5,0.09,UPI,31606,36564.34,166367.75,8337.75
ORD02613,2025-12-05,CUST0682,PROD098,1,0.08,Cash on Delivery,27372,43651.0,40158.92,12786.92
ORD02614,2024-08-21,CUST1087,PROD061,4,0.05,Cash on Delivery,13164,15471.84,58792.99,6136.99
ORD02615,2025-03-17,CUST1113,PROD042,4,0.13,Cash on Delivery,35023,41922.7,145891.0,5799.0
ORD02616,2025-12-12,CUST1725,PROD023,3,0.24,Credit Card,14296,19624.1,44742.95,1854.95
ORD02617,2025-09-10,CUST1214,PROD073,2,0.21,Cash on Delivery,46032,60723.41,95942.99,3878.99
ORD02618,2024-12-04,CUST0899,PROD001,1,0.27,Debit Card,19397,26953.24,19675.87,278.87
ORD02619,2024-04-20,CUST0601,PROD036,1,0.11,Cash on Delivery,5763,8792.93,7825.71,2062.71
ORD02620,2024-08-14,CUST1372,PROD055,2,0.17,UPI,44065,53820.08,89341.33,1211.33
ORD02621,2023-01-16,CUST1868,PROD016,5,0.23,Cash on Delivery,45432,65321.64,251488.31,24328.31
ORD02622,2024-05-01,CUST1562,PROD089,2,0.27,Cash on Delivery,21871,25329.15,36980.56,-6761.44
ORD02623,2024-12-06,CUST1200,PROD018,5,0.26,UPI,34967,52643.52,194781.02,19946.02
ORD02624,2024-09-11,CUST1388,PROD098,1,0.14,Credit Card,27372,41524.24,35710.85,8338.85
ORD02625,2025-10-15,CUST0776,PROD038,3,0.27,Credit Card,41219,54438.76,119220.88,-4436.12
ORD02626,2025-02-15,CUST0901,PROD067,4,0.13,Credit Card,26070,32013.96,111408.58,7128.58
ORD02627,2024-03-22,CUST1931,PROD020,1,0.27,Credit Card,29671,44950.9,32814.16,3143.16
ORD02628,2023-10-17,CUST1578,PROD019,1,0.23,Cash on Delivery,26105,40701.46,31340.12,5235.12
ORD02629,2023-07-28,CUST0483,PROD013,1,0.07,Cash on Delivery,24204,28654.83,26648.99,2444.99
ORD02630,2024-02-17,CUST1143,PROD017,4,0.28,Debit Card,28919,40802.19,117510.31,1834.31
ORD02631,2024-11-07,CUST0169,PROD078,5,0.07,Credit Card,3912,6150.33,28599.03,9039.03
ORD02632,2024-10-25,CUST1644,PROD030,3,0.27,UPI,27284,39280.26,86023.77,4171.77
ORD02633,2023-10-17,CUST0147,PROD086,3,0.18,UPI,12989,19732.16,48541.11,9574.11
ORD02634,2023-05-31,CUST1712,PROD043,3,0.2,UPI,1019,1277.23,3065.35,8.35
ORD02635,2025-05-04,CUST1461,PROD048,5,0.03,UPI,7733,9249.06,44857.94,6192.94
ORD02636,2024-08-30,CUST0439,PROD043,2,0.02,Debit Card,1019,1344.35,2634.93,596.93
ORD02637,2024-01-05,CUST0888,PROD093,2,0.29,Debit Card,48575,64497.86,91586.96,-5563.04
ORD02638,2024-12-05,CUST1213,PROD066,3,0.1,Debit Card,26705,40158.76,108428.65,28313.65
ORD02639,2025-04-05,CUST0160,PROD053,1,0.25,Credit Card,45509,60655.87,45491.9,-17.1
ORD02640,2025-10-01,CUST0814,PROD072,1,0.21,Cash on Delivery,16543,20785.8,16420.78,-122.22
ORD02641,2024-01-12,CUST1884,PROD078,4,0.18,UPI,3912,6059.11,19873.88,4225.88
ORD02642,2025-08-30,CUST1956,PROD034,2,0.21,UPI,48452,72784.33,114999.24,18095.24
ORD02643,2023-04-28,CUST0402,PROD077,1,0.03,Debit Card,10916,15831.32,15356.38,4440.38
ORD02644,2025-10-25,CUST0586,PROD074,3,0.12,Credit Card,36254,45071.0,118987.44,10225.44
ORD02645,2024-03-19,CUST0864,PROD072,4,0.18,Debit Card,16543,20549.14,67401.18,1229.18
ORD02646,2025-01-24,CUST1042,PROD071,2,0.26,UPI,43519,59669.33,88310.61,1272.61
ORD02647,2024-10-01,CUST0140,PROD013,4,0.21,UPI,24204,33617.28,106230.6,9414.6
ORD02648,2023-05-04,CUST1139,PROD090,1,0.08,Debit Card,39865,50438.91,46403.8,6538.8
ORD02649,2024-10-19,CUST0328,PROD056,3,0.3,UPI,6756,8144.47,17103.39,-3164.61
ORD02650,2025-04-01,CUST0225,PROD059,3,0.19,Cash on Delivery,42048,55227.6,134203.07,8059.07
ORD02651,2024-10-25,CUST0558,PROD032,3,0.15,Cash on Delivery,17963,24125.88,61520.99,7631.99
ORD02652,2023-12-26,CUST0439,PROD083,1,0.23,Debit Card,37036,43467.07,33469.64,-3566.36
ORD02653,2024-09-14,CUST1574,PROD079,5,0.18,Cash on Delivery,16940,23785.25,97519.52,12819.52
ORD02654,2025-12-16,CUST1742,PROD054,3,0.21,Cash on Delivery,39049,44941.68,106511.78,-10635.22
ORD02655,2025-07-07,CUST0386,PROD002,5,0.19,Debit Card,8668,10557.87,42759.37,-580.63
ORD02656,2024-03-27,CUST0521,PROD037,3,0.05,Debit Card,49377,60048.94,171139.48,23008.48
ORD02657,2023-04-30,CUST1277,PROD083,5,0.16,Debit Card,37036,54050.32,227011.34,41831.34
ORD02658,2024-08-04,CUST0620,PROD097,2,0.08,Cash on Delivery,10894,14910.09,27434.57,5646.57
ORD02659,2023-04-09,CUST1925,PROD033,2,0.17,UPI,8919,13612.32,22596.45,4758.45
ORD02660,2024-05-28,CUST1122,PROD001,3,0.04,Credit Card,19397,24618.32,70900.76,12709.76
ORD02661,2024-10-25,CUST0787,PROD028,4,0.07,UPI,24730,30782.88,114512.31,15592.31
ORD02662,2024-02-05,CUST1095,PROD017,4,0.24,Debit Card,28919,43705.37,132864.32,17188.32
ORD02663,2023-12-31,CUST0551,PROD057,1,0.12,UPI,43648,58920.08,51849.67,8201.67
ORD02664,2024-08-03,CUST1834,PROD070,2,0.2,Credit Card,39873,50774.43,81239.09,1493.09
ORD02665,2024-09-12,CUST1937,PROD052,2,0.15,UPI,20157,26974.44,45856.55,5542.55
ORD02666,2025-04-07,CUST0447,PROD044,4,0.1,Debit Card,31606,42395.44,152623.58,26199.58
ORD02667,2023-09-04,CUST1114,PROD084,3,0.15,Credit Card,6252,8799.37,22438.39,3682.39
ORD02668,2024-03-09,CUST1454,PROD047,1,0.24,Cash on Delivery,47956,55962.25,42531.31,-5424.69
ORD02669,2024-09-06,CUST1243,PROD013,2,0.08,UPI,24204,30535.21,56184.79,7776.79
ORD02670,2025-07-31,CUST0107,PROD076,1,0.13,Cash on Delivery,19739,26847.06,23356.94,3617.94
ORD02671,2025-08-20,CUST1500,PROD030,2,0.06,Cash on Delivery,27284,38034.77,71505.37,16937.37
ORD02672,2024-09-15,CUST0916,PROD085,5,0.11,Credit Card,21717,26526.01,118040.74,9455.74
ORD02673,2023-11-17,CUST1478,PROD066,5,0.27,Cash on Delivery,26705,33037.56,120587.09,-12937.91
ORD02674,2025-05-05,CUST0904,PROD053,1,0.24,Cash on Delivery,45509,67235.97,51099.34,5590.34
ORD02675,2023-03-03,CUST1632,PROD018,4,0.11,UPI,34967,52572.91,187159.56,47291.56
ORD02676,2023-10-27,CUST1939,PROD028,4,0.04,Credit Card,24730,29275.72,112418.76,13498.76
ORD02677,2024-02-07,CUST0544,PROD004,2,0.13,Debit Card,42258,67424.16,117318.04,32802.04
ORD02678,2025-08-12,CUST1150,PROD042,5,0.23,Debit Card,35023,47102.63,181345.13,6230.13
ORD02679,2023-09-10,CUST1171,PROD006,5,0.01,Credit Card,17488,24720.83,122368.11,34928.11
ORD02680,2024-04-22,CUST0280,PROD009,1,0.22,Cash on Delivery,7565,10720.69,8362.14,797.14
ORD02681,2023-06-09,CUST0024,PROD020,1,0.2,UPI,29671,38741.72,30993.38,1322.38
ORD02682,2025-08-18,CUST0952,PROD094,4,0.02,Cash on Delivery,11294,15756.89,61767.01,16591.01
ORD02683,2023-07-24,CUST1745,PROD038,4,0.19,Debit Card,41219,58223.11,188642.88,23766.88
ORD02684,2025-05-07,CUST0120,PROD068,4,0.09,UPI,30755,45897.02,167065.15,44045.15
ORD02685,2025-01-29,CUST1810,PROD050,3,0.05,Credit Card,1097,1588.24,4526.48,1235.48
ORD02686,2024-12-21,CUST1676,PROD060,5,0.12,Cash on Delivery,7054,9529.99,41931.96,6661.96
ORD02687,2025-11-06,CUST1321,PROD013,5,0.06,Cash on Delivery,24204,29918.53,140617.09,19597.09
ORD02688,2023-03-09,CUST0855,PROD099,1,0.25,UPI,42208,49017.08,36762.81,-5445.19
ORD02689,2023-05-13,CUST1016,PROD094,5,0.22,Cash on Delivery,11294,16301.02,63573.98,7103.98
ORD02690,2025-07-07,CUST0944,PROD042,1,0.29,Credit Card,35023,47805.25,33941.73,-1081.27
ORD02691,2024-03-05,CUST1106,PROD068,3,0.16,UPI,30755,48730.87,122801.79,30536.79
ORD02692,2023-11-04,CUST0448,PROD025,4,0.03,Credit Card,31820,38000.8,147443.1,20163.1
ORD02693,2024-10-11,CUST1936,PROD031,3,0.11,Credit Card,15105,17864.39,47697.92,2382.92
ORD02694,2024-02-16,CUST1744,PROD012,4,0.25,Credit Card,33865,41707.3,125121.9,-10338.1
ORD02695,2023-04-07,CUST0996,PROD064,4,0.12,Credit Card,24886,32838.95,115593.1,16049.1
ORD02696,2025-11-16,CUST1943,PROD079,1,0.14,Cash on Delivery,16940,20816.36,17902.07,962.07
ORD02697,2025-12-19,CUST1494,PROD061,4,0.12,UPI,13164,17886.33,62959.88,10303.88
ORD02698,2023-07-21,CUST1447,PROD053,3,0.07,Cash on Delivery,45509,59292.25,165425.38,28898.38
ORD02699,2025-01-31,CUST1569,PROD026,2,0.02,Debit Card,1165,1863.73,3652.91,1322.91
ORD02700,2025-05-23,CUST1048,PROD061,1,0.05,Credit Card,13164,20865.16,19821.9,6657.9
ORD02701,2024-08-03,CUST1085,PROD010,4,0.11,Credit Card,38184,50180.16,178641.37,25905.37
ORD02702,2024-01-05,CUST1847,PROD012,4,0.07,Debit Card,33865,51015.75,189778.59,54318.59
ORD02703,2024-06-16,CUST1725,PROD022,5,0.17,Debit Card,46697,58779.45,243934.72,10449.72
ORD02704,2025-06-17,CUST0084,PROD053,1,0.18,Credit Card,45509,53517.95,43884.72,-1624.28
ORD02705,2024-08-29,CUST0225,PROD021,1,0.17,Cash on Delivery,22664,26476.53,21975.52,-688.48
ORD02706,2025-05-22,CUST1704,PROD035,3,0.03,Cash on Delivery,34337,39938.38,116220.69,13209.69
ORD02707,2025-02-08,CUST0186,PROD071,2,0.2,Credit Card,43519,64459.07,103134.51,16096.51
ORD02708,2025-04-13,CUST0375,PROD082,3,0.12,UPI,37566,48986.07,129323.22,16625.22
ORD02709,2025-09-25,CUST0072,PROD027,3,0.26,Debit Card,33194,50478.97,112063.31,12481.31
ORD02710,2025-07-26,CUST0074,PROD060,3,0.16,Cash on Delivery,7054,10885.91,27432.49,6270.49
ORD02711,2023-08-24,CUST1921,PROD099,2,0.03,UPI,42208,54341.85,105423.19,21007.19
ORD02712,2023-06-11,CUST1365,PROD047,3,0.0,Credit Card,47956,61389.18,184167.54,40299.54
ORD02713,2024-07-07,CUST0153,PROD066,1,0.21,Credit Card,26705,34411.2,27184.85,479.85
ORD02714,2025-02-26,CUST0096,PROD096,2,0.12,Cash on Delivery,16906,23058.97,40583.79,6771.79
ORD02715,2025-12-27,CUST1589,PROD015,4,0.09,Cash on Delivery,18761,21709.76,79023.53,3979.53
ORD02716,2024-07-12,CUST0445,PROD024,5,0.13,Credit Card,37354,43139.36,187656.22,886.22
ORD02717,2023-09-18,CUST1710,PROD084,5,0.02,Cash on Delivery,6252,9258.99,45369.05,14109.05
ORD02718,2023-08-05,CUST1134,PROD010,1,0.12,Cash on Delivery,38184,57798.88,50863.01,12679.01
ORD02719,2025-03-15,CUST1482,PROD088,5,0.09,Cash on Delivery,27486,34133.69,155308.29,17878.29
ORD02720,2023-07-20,CUST0828,PROD024,5,0.24,Credit Card,37354,52939.76,201171.09,14401.09
ORD02721,2024-02-06,CUST1075,PROD088,5,0.05,Debit Card,27486,34280.64,162833.04,25403.04
ORD02722,2023-10-02,CUST0377,PROD057,4,0.23,UPI,43648,64616.33,199018.3,24426.3
ORD02723,2023-07-25,CUST0765,PROD034,5,0.15,Debit Card,48452,64888.51,275776.17,33516.17
ORD02724,2025-11-29,CUST1097,PROD041,3,0.02,Credit Card,37776,57428.57,168840.0,55512.0
ORD02725,2025-05-16,CUST0212,PROD040,1,0.29,UPI,34631,54607.64,38771.42,4140.42
ORD02726,2023-04-03,CUST1456,PROD011,1,0.22,Credit Card,23684,33156.5,25862.07,2178.07
ORD02727,2025-12-01,CUST0724,PROD090,1,0.08,Debit Card,39865,62002.05,57041.89,17176.89
ORD02728,2024-01-14,CUST1787,PROD001,4,0.17,Credit Card,19397,22601.5,75036.98,-2551.02
ORD02729,2023-03-06,CUST1192,PROD030,4,0.27,Cash on Delivery,27284,37057.43,108207.7,-928.3
ORD02730,2023-12-31,CUST0775,PROD043,5,0.28,Cash on Delivery,1019,1402.73,5049.83,-45.17
ORD02731,2025-03-31,CUST0331,PROD082,3,0.22,Debit Card,37566,50230.09,117538.41,4840.41
ORD02732,2025-11-13,CUST1766,PROD026,5,0.22,Cash on Delivery,1165,1504.81,5868.76,43.76
ORD02733,2024-06-23,CUST0751,PROD053,1,0.08,Debit Card,45509,67140.93,61769.66,16260.66
ORD02734,2025-12-21,CUST1811,PROD047,3,0.3,Credit Card,47956,67076.39,140860.42,-3007.58
ORD02735,2024-05-05,CUST1518,PROD009,1,0.07,Credit Card,7565,8980.32,8351.7,786.7
ORD02736,2023-08-17,CUST1167,PROD009,3,0.03,Debit Card,7565,11936.21,34734.37,12039.37
ORD02737,2025-11-09,CUST1606,PROD001,2,0.29,UPI,19397,30053.38,42675.8,3881.8
ORD02738,2023-01-03,CUST1469,PROD071,4,0.05,Debit Card,43519,56969.02,216482.28,42406.28
ORD02739,2025-06-29,CUST0824,PROD044,4,0.16,UPI,31606,39848.48,133890.89,7466.89
ORD02740,2023-11-03,CUST0394,PROD059,1,0.14,Debit Card,42048,60246.9,51812.33,9764.33
ORD02741,2024-03-07,CUST0512,PROD056,1,0.25,Credit Card,6756,7901.06,5925.8,-830.2
ORD02742,2023-05-16,CUST0686,PROD051,2,0.12,Cash on Delivery,47215,64835.5,114110.48,19680.48
ORD02743,2024-05-29,CUST1872,PROD016,5,0.15,Debit Card,45432,65998.22,280492.44,53332.44
ORD02744,2023-07-12,CUST0621,PROD038,3,0.01,UPI,41219,54945.27,163187.45,39530.45
ORD02745,2025-05-22,CUST1739,PROD011,2,0.06,Cash on Delivery,23684,37599.09,70686.29,23318.29
ORD02746,2024-10-27,CUST1721,PROD025,2,0.25,UPI,31820,46886.43,70329.64,6689.64
ORD02747,2023-07-28,CUST1827,PROD093,1,0.14,UPI,48575,76278.78,65599.75,17024.75
ORD02748,2025-08-09,CUST1352,PROD083,1,0.07,UPI,37036,57722.5,53681.92,16645.92
ORD02749,2025-11-23,CUST0604,PROD082,5,0.11,UPI,37566,45427.2,202151.04,14321.04
ORD02750,2024-10-10,CUST1283,PROD059,5,0.09,Debit Card,42048,61006.73,277580.62,67340.62
ORD02751,2023-04-30,CUST1858,PROD029,1,0.17,Cash on Delivery,23495,33327.87,27662.13,4167.13
ORD02752,2024-09-18,CUST1461,PROD080,4,0.02,Cash on Delivery,24906,29256.43,114685.21,15061.21
ORD02753,2024-06-08,CUST0718,PROD040,5,0.07,Cash on Delivery,34631,44779.59,208225.09,35070.09
ORD02754,2025-02-07,CUST1588,PROD008,2,0.11,Cash on Delivery,24024,33406.82,59464.14,11416.14
ORD02755,2024-05-26,CUST0349,PROD098,1,0.28,Credit Card,27372,38229.64,27525.34,153.34
ORD02756,2023-02-16,CUST1717,PROD006,3,0.19,Credit Card,17488,26517.67,64437.94,11973.94
ORD02757,2025-02-10,CUST1974,PROD045,3,0.15,Debit Card,45004,63655.32,162321.07,27309.07
ORD02758,2025-01-09,CUST1839,PROD053,4,0.06,Cash on Delivery,45509,61888.96,232702.49,50666.49
ORD02759,2024-06-05,CUST0515,PROD094,1,0.17,Credit Card,11294,16809.78,13952.12,2658.12
ORD02760,2023-05-14,CUST1473,PROD098,2,0.28,Cash on Delivery,27372,38509.68,55453.94,709.94
ORD02761,2023-09-05,CUST0399,PROD021,4,0.17,Debit Card,22664,35076.86,116455.18,25799.18
ORD02762,2024-03-11,CUST1620,PROD057,2,0.05,UPI,43648,67980.0,129162.0,41866.0
ORD02763,2024-11-16,CUST0214,PROD076,3,0.3,Debit Card,19739,28068.35,58943.53,-273.47
ORD02764,2024-08-08,CUST1570,PROD006,2,0.15,Credit Card,17488,24552.3,41738.91,6762.91
ORD02765,2023-12-17,CUST0562,PROD063,3,0.1,Credit Card,48779,71489.33,193021.19,46684.19
ORD02766,2023-05-23,CUST1313,PROD006,5,0.15,Credit Card,17488,25820.69,109737.93,22297.93
ORD02767,2025-08-24,CUST1865,PROD053,3,0.08,Debit Card,45509,67227.07,185546.71,49019.71
ORD02768,2025-03-14,CUST1283,PROD004,3,0.01,Debit Card,42258,60400.12,179388.36,52614.36
ORD02769,2024-12-18,CUST0258,PROD009,4,0.27,Debit Card,7565,11296.56,32985.96,2725.96
ORD02770,2024-10-04,CUST1412,PROD069,4,0.13,Cash on Delivery,21682,26340.42,91664.66,4936.66
ORD02771,2024-05-15,CUST1808,PROD074,1,0.23,Credit Card,36254,55093.87,42422.28,6168.28
ORD02772,2024-01-05,CUST0694,PROD072,1,0.29,Debit Card,16543,21335.42,15148.15,-1394.85
ORD02773,2025-02-25,CUST1569,PROD087,3,0.19,Debit Card,1853,2869.48,6972.84,1413.84
ORD02774,2025-01-08,CUST1289,PROD004,5,0.21,Cash on Delivery,42258,51103.52,201858.9,-9431.1
ORD02775,2025-08-07,CUST1337,PROD058,1,0.28,Credit Card,29901,34434.63,24792.93,-5108.07
ORD02776,2024-06-05,CUST1064,PROD037,3,0.15,UPI,49377,57131.79,145686.06,-2444.94
ORD02777,2024-05-03,CUST0998,PROD071,4,0.1,UPI,43519,54162.53,194985.11,20909.11
ORD02778,2024-02-01,CUST0820,PROD006,1,0.28,Credit Card,17488,21006.56,15124.72,-2363.28
ORD02779,2025-06-14,CUST0210,PROD051,1,0.02,Cash on Delivery,47215,66066.1,64744.78,17529.78
ORD02780,2023-12-21,CUST0272,PROD079,3,0.06,Credit Card,16940,22899.26,64575.91,13755.91
ORD02781,2025-08-04,CUST1160,PROD099,3,0.1,UPI,42208,60050.32,162135.86,35511.86
ORD02782,2023-10-15,CUST0599,PROD050,2,0.23,Debit Card,1097,1356.66,2089.26,-104.74
ORD02783,2025-09-24,CUST1084,PROD096,2,0.27,Credit Card,16906,25176.88,36758.24,2946.24
ORD02784,2024-06-19,CUST1534,PROD014,5,0.14,UPI,6122,8722.08,37504.94,6894.94
ORD02785,2025-04-30,CUST1700,PROD099,1,0.09,Debit Card,42208,52740.48,47993.84,5785.84
ORD02786,2025-04-17,CUST1539,PROD011,2,0.11,Credit Card,23684,31488.26,56049.1,8681.1
ORD02787,2023-06-17,CUST1039,PROD010,3,0.2,Cash on Delivery,38184,56252.38,135005.71,20453.71
ORD02788,2025-08-07,CUST1638,PROD061,1,0.05,UPI,13164,19168.98,18210.53,5046.53
ORD02789,2024-09-12,CUST1023,PROD081,2,0.16,Debit Card,2375,3332.25,5598.18,848.18
ORD02790,2024-03-03,CUST0255,PROD013,5,0.18,Debit Card,24204,38497.87,157841.27,36821.27
ORD02791,2024-05-04,CUST0737,PROD034,5,0.21,Cash on Delivery,48452,58593.98,231446.22,-10813.78
ORD02792,2023-12-21,CUST0722,PROD060,5,0.18,UPI,7054,9662.04,39614.36,4344.36
ORD02793,2023-07-15,CUST0535,PROD051,5,0.03,Debit Card,47215,67555.96,327646.41,91571.41
ORD02794,2024-06-28,CUST1259,PROD005,3,0.21,Cash on Delivery,14250,22761.69,53945.21,11195.21
ORD02795,2024-12-17,CUST1155,PROD074,5,0.01,UPI,36254,50544.08,250193.2,68923.2
ORD02796,2025-04-03,CUST1694,PROD032,4,0.12,Cash on Delivery,17963,24233.29,85301.18,13449.18
ORD02797,2025-07-20,CUST1709,PROD012,5,0.13,Cash on Delivery,33865,52999.79,230549.09,61224.09
ORD02798,2025-09-29,CUST1024,PROD052,2,0.03,Cash on Delivery,20157,27773.77,53881.11,13567.11
ORD02799,2024-10-20,CUST0017,PROD013,1,0.0,Cash on Delivery,24204,38064.48,38064.48,13860.48
ORD02800,2025-07-27,CUST0882,PROD085,2,0.02,UPI,21717,32308.04,63323.76,19889.76
ORD02801,2025-02-18,CUST0954,PROD054,1,0.13,Cash on Delivery,39049,47856.52,41635.17,2586.17
ORD02802,2023-01-11,CUST0826,PROD097,3,0.07,Cash on Delivery,10894,13349.07,37243.91,4561.91
ORD02803,2024-01-31,CUST0992,PROD054,1,0.02,Debit Card,39049,50493.8,49483.92,10434.92
ORD02804,2024-12-31,CUST0878,PROD041,4,0.08,UPI,37776,44592.67,164101.03,12997.03
ORD02805,2024-02-13,CUST0185,PROD048,5,0.16,UPI,7733,10780.91,45279.82,6614.82
ORD02806,2023-12-28,CUST1415,PROD051,2,0.22,Cash on Delivery,47215,72563.98,113199.81,18769.81
ORD02807,2025-10-23,CUST1447,PROD047,1,0.12,Cash on Delivery,47956,63782.01,56128.17,8172.17
ORD02808,2023-03-25,CUST1870,PROD050,2,0.18,Credit Card,1097,1581.59,2593.81,399.81
ORD02809,2023-06-05,CUST1466,PROD096,5,0.18,Cash on Delivery,16906,26908.72,110325.75,25795.75
ORD02810,2024-12-07,CUST1720,PROD076,3,0.27,UPI,19739,24420.7,53481.33,-5735.67
ORD02811,2024-04-16,CUST1679,PROD046,5,0.05,Debit Card,11014,14440.78,68593.7,13523.7
ORD02812,2024-09-10,CUST1580,PROD099,3,0.14,UPI,42208,49013.85,126455.73,-168.27
ORD02813,2023-05-14,CUST1036,PROD100,2,0.19,Debit Card,41593,52172.28,84519.09,1333.09
ORD02814,2025-02-26,CUST1544,PROD038,3,0.16,Cash on Delivery,41219,61858.95,155884.55,32227.55
ORD02815,2025-06-25,CUST0080,PROD092,3,0.14,Credit Card,4811,6954.14,17941.68,3508.68
ORD02816,2025-05-13,CUST0809,PROD013,3,0.29,Debit Card,24204,36371.68,77471.68,4859.68
ORD02817,2024-10-28,CUST1698,PROD076,3,0.28,UPI,19739,26477.72,57191.88,-2025.12
ORD02818,2023-10-04,CUST0302,PROD022,3,0.18,Cash on Delivery,46697,69159.9,170133.35,30042.35
ORD02819,2025-05-31,CUST1240,PROD002,1,0.13,Debit Card,8668,12306.83,10706.94,2038.94
ORD02820,2023-01-13,CUST1272,PROD093,3,0.23,Credit Card,48575,63040.06,145622.54,-102.46
ORD02821,2023-12-08,CUST1565,PROD077,3,0.15,Credit Card,10916,14579.21,37176.99,4428.99
ORD02822,2023-02-04,CUST1296,PROD099,5,0.3,Credit Card,42208,58821.01,205873.53,-5166.47
ORD02823,2024-07-12,CUST0133,PROD013,5,0.21,Cash on Delivery,24204,38251.9,151095.0,30075.0
ORD02824,2024-02-09,CUST1029,PROD057,5,0.02,Debit Card,43648,68488.64,335594.34,117354.34
ORD02825,2024-10-19,CUST0756,PROD034,3,0.12,Debit Card,48452,77228.36,203882.87,58526.87
ORD02826,2023-06-08,CUST1566,PROD019,5,0.22,Cash on Delivery,26105,30213.54,117832.81,-12692.19
ORD02827,2025-08-13,CUST0629,PROD009,1,0.25,Debit Card,7565,11141.21,8355.91,790.91
ORD02828,2024-07-02,CUST1714,PROD095,2,0.24,Cash on Delivery,3434,5331.61,8104.05,1236.05
ORD02829,2025-09-11,CUST1010,PROD033,5,0.29,Credit Card,8919,13224.01,46945.24,2350.24
ORD02830,2023-10-06,CUST0773,PROD027,5,0.15,Debit Card,33194,44393.0,188670.25,22700.25
ORD02831,2024-04-23,CUST1771,PROD045,1,0.04,Credit Card,45004,66432.94,63775.62,18771.62
ORD02832,2023-04-21,CUST0141,PROD002,4,0.2,Cash on Delivery,8668,11700.59,37441.89,2769.89
ORD02833,2024-03-06,CUST0483,PROD079,4,0.02,Credit Card,16940,24925.31,97707.22,29947.22
ORD02834,2024-06-25,CUST1329,PROD083,1,0.29,UPI,37036,55596.88,39473.78,2437.78
ORD02835,2023-12-26,CUST0345,PROD057,5,0.23,Cash on Delivery,43648,66756.85,257013.87,38773.87
ORD02836,2024-01-07,CUST1586,PROD095,2,0.29,UPI,3434,5074.12,7205.25,337.25
ORD02837,2025-11-04,CUST1294,PROD057,5,0.11,Cash on Delivery,43648,53338.23,237355.12,19115.12
ORD02838,2025-08-12,CUST1132,PROD016,1,0.0,Credit Card,45432,71388.44,71388.44,25956.44
ORD02839,2023-09-16,CUST1582,PROD079,1,0.16,Credit Card,16940,21107.67,17730.44,790.44
ORD02840,2025-02-16,CUST0474,PROD006,3,0.04,Credit Card,17488,22925.12,66024.35,13560.35
ORD02841,2023-04-30,CUST1106,PROD014,1,0.2,UPI,6122,8222.45,6577.96,455.96
ORD02842,2025-09-02,CUST1662,PROD027,3,0.15,Credit Card,33194,48814.63,124477.31,24895.31
ORD02843,2025-07-01,CUST1108,PROD038,1,0.23,UPI,41219,60408.77,46514.75,5295.75
ORD02844,2024-12-23,CUST1314,PROD019,3,0.09,UPI,26105,41318.37,112799.15,34484.15
ORD02845,2024-06-06,CUST1095,PROD037,3,0.25,Debit Card,49377,60972.22,137187.5,-10943.5
ORD02846,2023-11-21,CUST0175,PROD004,5,0.2,Debit Card,42258,57167.82,228671.28,17381.28
ORD02847,2025-12-09,CUST1852,PROD058,3,0.3,Debit Card,29901,37127.46,77967.67,-11735.33
ORD02848,2023-03-10,CUST0842,PROD090,4,0.05,Cash on Delivery,39865,57910.02,220058.08,60598.08
ORD02849,2024-01-26,CUST1487,PROD009,1,0.02,UPI,7565,9424.96,9236.46,1671.46
ORD02850,2024-01-18,CUST1873,PROD040,2,0.26,Credit Card,34631,53350.85,78959.26,9697.26
ORD02851,2023-01-16,CUST1419,PROD015,1,0.1,Debit Card,18761,29871.89,26884.7,8123.7
ORD02852,2025-04-25,CUST0866,PROD004,5,0.13,Cash on Delivery,42258,54621.76,237604.66,26314.66
ORD02853,2025-05-18,CUST1115,PROD090,5,0.28,UPI,39865,59108.35,212790.06,13465.06
ORD02854,2024-07-21,CUST0469,PROD052,3,0.13,Cash on Delivery,20157,28013.4,73114.97,12643.97
ORD02855,2023-05-12,CUST1887,PROD018,5,0.09,Credit Card,34967,45865.36,208687.39,33852.39
ORD02856,2023-09-30,CUST1458,PROD053,5,0.02,Debit Card,45509,56251.49,275632.3,48087.3
ORD02857,2024-04-28,CUST1273,PROD059,1,0.13,UPI,42048,61963.77,53908.48,11860.48
ORD02858,2024-07-03,CUST0644,PROD099,4,0.2,Cash on Delivery,42208,51554.3,164973.76,-3858.24
ORD02859,2023-12-23,CUST0681,PROD054,4,0.08,Debit Card,39049,49837.73,183402.85,27206.85
ORD02860,2025-12-07,CUST0955,PROD041,3,0.22,Debit Card,37776,59075.06,138235.64,24907.64
ORD02861,2025-10-30,CUST1596,PROD060,5,0.14,UPI,7054,9725.8,41820.94,6550.94
ORD02862,2023-08-21,CUST1905,PROD093,5,0.26,Debit Card,48575,74530.47,275762.74,32887.74
ORD02863,2023-02-05,CUST0849,PROD088,4,0.05,Cash on Delivery,27486,41102.42,156189.2,46245.2
ORD02864,2024-02-17,CUST0241,PROD004,3,0.23,UPI,42258,55751.3,128785.5,2011.5
ORD02865,2025-10-24,CUST0702,PROD085,5,0.28,UPI,21717,27105.23,97578.83,-11006.17
ORD02866,2023-02-13,CUST1520,PROD039,3,0.22,Debit Card,46187,55191.61,129148.37,-9412.63
ORD02867,2024-07-21,CUST0340,PROD007,1,0.12,Credit Card,3479,5504.76,4844.19,1365.19
ORD02868,2025-01-09,CUST0793,PROD023,5,0.07,Credit Card,14296,18529.27,86161.11,14681.11
ORD02869,2023-04-24,CUST0744,PROD085,5,0.03,Credit Card,21717,31552.66,153030.4,44445.4
ORD02870,2024-02-01,CUST1495,PROD063,5,0.19,Cash on Delivery,48779,72126.3,292111.52,48216.52
ORD02871,2024-04-10,CUST0463,PROD065,4,0.04,UPI,5346,6623.47,25434.12,4050.12
ORD02872,2025-04-26,CUST0801,PROD041,4,0.25,Debit Card,37776,55236.49,165709.47,14605.47
ORD02873,2024-05-16,CUST1299,PROD089,5,0.29,Credit Card,21871,25243.29,89613.68,-19741.32
ORD02874,2024-03-16,CUST1849,PROD095,5,0.04,Debit Card,3434,4595.35,22057.68,4887.68
ORD02875,2023-03-10,CUST0015,PROD044,1,0.11,Credit Card,31606,41330.63,36784.26,5178.26
ORD02876,2023-11-22,CUST1065,PROD045,1,0.28,Credit Card,45004,70645.76,50864.95,5860.95
ORD02877,2023-03-08,CUST1989,PROD069,3,0.14,Debit Card,21682,34554.85,89151.51,24105.51
ORD02878,2023-10-31,CUST0208,PROD095,3,0.16,Cash on Delivery,3434,4394.05,11073.01,771.01
ORD02879,2025-08-29,CUST1084,PROD051,4,0.22,Debit Card,47215,67257.84,209844.46,20984.46
ORD02880,2024-04-28,CUST0365,PROD065,2,0.06,Debit Card,5346,7940.67,14928.46,4236.46
ORD02881,2025-07-17,CUST1264,PROD054,1,0.29,Cash on Delivery,39049,48264.4,34267.72,-4781.28
ORD02882,2023-05-29,CUST0608,PROD056,3,0.23,Cash on Delivery,6756,9856.83,22769.28,2501.28
ORD02883,2025-11-16,CUST1814,PROD094,1,0.05,Debit Card,11294,14297.81,13582.92,2288.92
ORD02884,2025-09-13,CUST1963,PROD082,1,0.03,Cash on Delivery,37566,46055.41,44673.75,7107.75
ORD02885,2024-08-06,CUST0160,PROD072,2,0.28,Credit Card,16543,25357.18,36514.34,3428.34
ORD02886,2023-09-05,CUST0397,PROD090,1,0.21,Cash on Delivery,39865,54858.85,43338.49,3473.49
ORD02887,2024-12-02,CUST1958,PROD040,2,0.01,Debit Card,34631,44453.52,88017.97,18755.97
ORD02888,2023-04-06,CUST0794,PROD058,2,0.04,Cash on Delivery,29901,39831.52,76476.52,16674.52
ORD02889,2023-10-09,CUST0500,PROD015,1,0.01,UPI,18761,25063.32,24812.69,6051.69
ORD02890,2023-11-18,CUST0209,PROD019,1,0.29,Cash on Delivery,26105,39066.54,27737.24,1632.24
ORD02891,2024-06-12,CUST1157,PROD010,3,0.15,Credit Card,38184,59148.59,150828.9,36276.9
ORD02892,2023-09-20,CUST1405,PROD088,1,0.14,UPI,27486,37492.23,32243.32,4757.32
ORD02893,2024-08-02,CUST0433,PROD016,1,0.29,Credit Card,45432,58848.01,41782.09,-3649.91
ORD02894,2023-10-21,CUST0609,PROD043,1,0.15,Credit Card,1019,1505.34,1279.54,260.54
ORD02895,2024-01-30,CUST1755,PROD031,3,0.16,UPI,15105,23524.38,59281.44,13966.44
ORD02896,2024-05-27,CUST0389,PROD016,2,0.3,Credit Card,45432,54579.2,76410.88,-14453.12
ORD02897,2025-07-09,CUST0997,PROD080,3,0.03,UPI,24906,37572.33,109335.48,34617.48
ORD02898,2025-03-20,CUST0583,PROD028,1,0.3,Credit Card,24730,34639.99,24247.99,-482.01
ORD02899,2025-07-08,CUST0432,PROD062,5,0.05,Debit Card,42867,66033.28,313658.08,99323.08
ORD02900,2024-11-23,CUST1298,PROD020,1,0.14,Credit Card,29671,40985.95,35247.92,5576.92
ORD02901,2023-08-23,CUST0351,PROD035,3,0.1,UPI,34337,52815.77,142602.58,39591.58
ORD02902,2025-08-09,CUST0134,PROD059,3,0.29,Debit Card,42048,58846.92,125343.94,-800.06
ORD02903,2025-10-28,CUST1090,PROD009,4,0.15,Debit Card,7565,9192.97,31256.1,996.1
ORD02904,2024-06-22,CUST0639,PROD010,5,0.01,Cash on Delivery,38184,43996.58,217783.07,26863.07
ORD02905,2025-03-30,CUST1229,PROD045,3,0.07,Cash on Delivery,45004,64310.99,179427.66,44415.66
ORD02906,2023-09-29,CUST1322,PROD082,2,0.13,Cash on Delivery,37566,53210.37,92586.04,17454.04
ORD02907,2025-10-25,CUST0117,PROD015,1,0.2,Debit Card,18761,23349.95,18679.96,-81.04
ORD02908,2024-08-15,CUST1972,PROD030,2,0.17,Cash on Delivery,27284,41820.48,69422.0,14854.0
ORD02909,2025-09-02,CUST1291,PROD048,3,0.25,Debit Card,7733,11912.63,26803.42,3604.42
ORD02910,2023-04-25,CUST1818,PROD096,3,0.25,Cash on Delivery,16906,25559.85,57509.66,6791.66
ORD02911,2023-09-20,CUST0149,PROD040,2,0.18,Credit Card,34631,54421.37,89251.05,19989.05
ORD02912,2023-07-26,CUST1218,PROD091,2,0.17,Cash on Delivery,15191,20933.17,34749.06,4367.06
ORD02913,2023-10-30,CUST1704,PROD091,4,0.08,UPI,15191,22270.58,81955.73,21191.73
ORD02914,2023-04-22,CUST1848,PROD083,1,0.29,Cash on Delivery,37036,57665.43,40942.46,3906.46
ORD02915,2023-07-04,CUST1910,PROD074,2,0.02,Debit Card,36254,49135.47,96305.52,23797.52
ORD02916,2025-06-19,CUST0179,PROD044,1,0.12,UPI,31606,45142.61,39725.5,8119.5
ORD02917,2023-08-09,CUST0148,PROD046,5,0.2,UPI,11014,15207.64,60830.56,5760.56
ORD02918,2025-12-29,CUST0465,PROD006,3,0.28,Debit Card,17488,27849.0,60153.84,7689.84
ORD02919,2025-06-16,CUST0976,PROD024,2,0.15,UPI,37354,50313.34,85532.68,10824.68
ORD02920,2025-12-29,CUST0569,PROD073,5,0.27,UPI,46032,59503.92,217189.31,-12970.69
ORD02921,2024-09-13,CUST1029,PROD091,3,0.03,UPI,15191,21773.78,63361.7,17788.7
ORD02922,2024-03-02,CUST0526,PROD007,4,0.16,Cash on Delivery,3479,4440.29,14919.37,1003.37
ORD02923,2024-10-05,CUST0280,PROD006,3,0.09,UPI,17488,26859.91,73327.55,20863.55
ORD02924,2024-07-21,CUST0499,PROD033,2,0.24,Credit Card,8919,13837.89,21033.59,3195.59
ORD02925,2024-03-18,CUST0836,PROD085,5,0.13,Credit Card,21717,28346.8,123308.58,14723.58
ORD02926,2024-08-23,CUST0436,PROD038,5,0.14,Cash on Delivery,41219,54049.09,232411.09,26316.09
ORD02927,2024-05-18,CUST0816,PROD044,5,0.02,Cash on Delivery,31606,37578.96,184136.9,26106.9
ORD02928,2023-05-11,CUST1240,PROD017,3,0.13,Credit Card,28919,36586.88,95491.76,8734.76
ORD02929,2023-08-06,CUST0687,PROD031,1,0.02,UPI,15105,17832.28,17475.63,2370.63
ORD02930,2024-11-18,CUST0828,PROD037,1,0.09,Credit Card,49377,73608.99,66984.18,17607.18
ORD02931,2023-06-20,CUST0969,PROD011,3,0.04,Debit Card,23684,29158.4,83976.19,12924.19
ORD02932,2024-09-03,CUST1539,PROD092,2,0.1,UPI,4811,5703.54,10266.37,644.37
ORD02933,2025-09-18,CUST1911,PROD005,3,0.07,Credit Card,14250,17441.22,48661.0,5911.0
ORD02934,2023-02-26,CUST1161,PROD064,1,0.09,Credit Card,24886,32844.54,29888.53,5002.53
ORD02935,2023-09-03,CUST0612,PROD076,3,0.04,UPI,19739,26452.67,76183.69,16966.69
ORD02936,2023-05-24,CUST0595,PROD003,5,0.13,UPI,7361,11441.65,49771.18,12966.18
ORD02937,2025-12-10,CUST1304,PROD056,2,0.15,UPI,6756,8619.47,14653.1,1141.1
ORD02938,2024-01-03,CUST0132,PROD063,2,0.25,Cash on Delivery,48779,71850.35,107775.52,10217.52
ORD02939,2023-08-06,CUST0393,PROD038,4,0.16,Debit Card,41219,64001.14,215043.83,50167.83
ORD02940,2024-09-07,CUST0481,PROD054,3,0.07,Cash on Delivery,39049,59960.34,167289.35,50142.35
ORD02941,2024-03-17,CUST1537,PROD002,5,0.22,Credit Card,8668,10744.3,41902.77,-1437.23
ORD02942,2025-04-20,CUST0628,PROD090,3,0.09,Debit Card,39865,50862.72,138855.23,19260.23
ORD02943,2025-08-13,CUST0419,PROD002,4,0.23,Cash on Delivery,8668,10180.58,31356.19,-3315.81
ORD02944,2024-11-29,CUST1226,PROD012,4,0.12,Credit Card,33865,46309.74,163010.28,27550.28
ORD02945,2025-05-25,CUST0652,PROD040,3,0.15,UPI,34631,46141.5,117660.82,13767.82
ORD02946,2025-02-14,CUST0658,PROD002,3,0.15,Credit Card,8668,12095.21,30842.79,4838.79
ORD02947,2025-01-31,CUST0462,PROD080,3,0.29,UPI,24906,33773.65,71937.87,-2780.13
ORD02948,2025-08-02,CUST1802,PROD094,1,0.05,Cash on Delivery,11294,16727.65,15891.27,4597.27
ORD02949,2025-07-11,CUST1226,PROD057,4,0.28,Credit Card,43648,63351.86,182453.36,7861.36
ORD02950,2025-07-23,CUST1938,PROD047,2,0.17,Debit Card,47956,64398.74,106901.91,10989.91
ORD02951,2023-01-25,CUST0152,PROD036,1,0.3,Credit Card,5763,6725.59,4707.91,-1055.09
ORD02952,2025-03-16,CUST1921,PROD004,5,0.17,UPI,42258,55134.5,228808.18,17518.18
ORD02953,2025-02-02,CUST0222,PROD075,2,0.2,Cash on Delivery,900,1166.29,1866.06,66.06
ORD02954,2025-12-19,CUST0079,PROD024,2,0.22,Debit Card,37354,44459.15,69356.27,-5351.73
ORD02955,2024-03-09,CUST1224,PROD082,2,0.25,Debit Card,37566,48343.9,72515.85,-2616.15
ORD02956,2025-05-28,CUST1786,PROD091,4,0.14,Cash on Delivery,15191,24219.23,83314.15,22550.15
ORD02957,2025-12-25,CUST0099,PROD062,5,0.2,Cash on Delivery,42867,65139.11,260556.44,46221.44
ORD02958,2025-06-28,CUST0912,PROD002,1,0.18,Credit Card,8668,13095.07,10737.96,2069.96
ORD02959,2024-07-18,CUST0213,PROD015,5,0.12,Credit Card,18761,28694.71,126256.72,32451.72
ORD02960,2023-04-16,CUST1167,PROD075,1,0.25,Debit Card,900,1385.35,1039.01,139.01
ORD02961,2023-04-06,CUST0702,PROD091,4,0.06,Credit Card,15191,19693.76,74048.54,13284.54
ORD02962,2023-06-17,CUST1413,PROD049,5,0.05,UPI,1602,2074.62,9854.44,1844.44
ORD02963,2023-02-11,CUST1837,PROD087,2,0.22,UPI,1853,2411.5,3761.94,55.94
ORD02964,2023-04-14,CUST1398,PROD035,5,0.19,Credit Card,34337,52135.42,211148.45,39463.45
ORD02965,2024-06-03,CUST1076,PROD094,4,0.1,Debit Card,11294,17040.28,61345.01,16169.01
ORD02966,2023-10-09,CUST0967,PROD047,4,0.19,Credit Card,47956,55514.17,179865.91,-11958.09
ORD02967,2025-12-02,CUST1648,PROD024,4,0.23,Cash on Delivery,37354,58912.11,181449.3,32033.3
ORD02968,2025-08-04,CUST0135,PROD083,1,0.07,Cash on Delivery,37036,47350.7,44036.15,7000.15
ORD02969,2025-01-18,CUST0411,PROD060,5,0.17,Debit Card,7054,10099.66,41913.59,6643.59
ORD02970,2025-04-10,CUST1494,PROD093,2,0.25,Debit Card,48575,69848.99,104773.49,7623.49
ORD02971,2023-02-18,CUST1136,PROD077,2,0.12,Cash on Delivery,10916,13110.37,23074.25,1242.25
ORD02972,2023-04-25,CUST1549,PROD048,3,0.17,Cash on Delivery,7733,11314.05,28171.98,4972.98
ORD02973,2024-05-17,CUST0785,PROD023,4,0.02,UPI,14296,19873.02,77902.24,20718.24
ORD02974,2025-09-12,CUST1769,PROD012,2,0.25,Credit Card,33865,48254.49,72381.74,4651.74
ORD02975,2023-03-12,CUST1068,PROD041,4,0.24,Debit Card,37776,51039.77,155160.9,4056.9
ORD02976,2025-10-08,CUST1421,PROD029,2,0.14,Cash on Delivery,23495,35523.57,61100.54,14110.54
ORD02977,2023-03-08,CUST1609,PROD070,5,0.04,Debit Card,39873,57250.54,274802.59,75437.59
ORD02978,2025-08-24,CUST0261,PROD051,3,0.2,Cash on Delivery,47215,58396.34,140151.22,-1493.78
ORD02979,2023-06-30,CUST0743,PROD023,4,0.17,Debit Card,14296,21282.83,70659.0,13475.0
ORD02980,2024-09-04,CUST0545,PROD031,1,0.28,Debit Card,15105,20786.79,14966.49,-138.51
ORD02981,2024-11-27,CUST0388,PROD021,1,0.08,UPI,22664,26443.76,24328.26,1664.26
ORD02982,2024-08-25,CUST1500,PROD024,2,0.01,UPI,37354,49594.15,98196.42,23488.42
ORD02983,2023-09-05,CUST1434,PROD072,5,0.08,UPI,16543,22015.05,101269.23,18554.23
ORD02984,2023-12-25,CUST1604,PROD009,4,0.13,UPI,7565,11428.03,39769.54,9509.54
ORD02985,2023-09-06,CUST0016,PROD022,3,0.05,UPI,46697,58618.04,167061.41,26970.41
ORD02986,2024-09-29,CUST0662,PROD004,5,0.29,Cash on Delivery,42258,57202.15,203067.63,-8222.37
ORD02987,2025-08-07,CUST1828,PROD077,2,0.07,Credit Card,10916,12820.66,23846.43,2014.43
ORD02988,2024-10-24,CUST0102,PROD098,5,0.2,Cash on Delivery,27372,42334.85,169339.4,32479.4
ORD02989,2023-06-25,CUST1210,PROD003,3,0.14,Credit Card,7361,9935.3,25633.07,3550.07
ORD02990,2024-12-23,CUST0951,PROD028,5,0.17,UPI,24730,37972.1,157584.22,33934.22
ORD02991,2024-03-01,CUST0931,PROD090,4,0.28,Debit Card,39865,57993.87,167022.35,7562.35
ORD02992,2025-02-09,CUST0025,PROD098,2,0.16,Debit Card,27372,35417.56,59501.5,4757.5
ORD02993,2024-12-03,CUST1096,PROD015,3,0.09,Credit Card,18761,27592.14,75326.54,19043.54
ORD02994,2023-03-22,CUST1617,PROD008,2,0.07,Credit Card,24024,32696.24,60815.01,12767.01
ORD02995,2025-07-15,CUST1597,PROD048,4,0.27,Cash on Delivery,7733,10080.4,29434.77,-1497.23
ORD02996,2023-05-18,CUST0018,PROD099,3,0.3,Credit Card,42208,61225.56,128573.68,1949.68
ORD02997,2024-04-14,CUST1778,PROD088,3,0.08,Cash on Delivery,27486,41186.43,113674.55,31216.55
ORD02998,2023-12-16,CUST0570,PROD052,2,0.22,UPI,20157,29426.71,45905.67,5591.67
ORD02999,2023-11-06,CUST1017,PROD055,5,0.15,Debit Card,44065,59852.92,254374.91,34049.91
ORD03000,2025-11-09,CUST1356,PROD037,5,0.21,Debit Card,49377,62545.29,247053.9,168.9
ORD03001,2025-09-28,CUST1913,PROD004,1,0.29,Cash on Delivery,42258,64007.27,45445.16,3187.16
ORD03002,2023-09-26,CUST1593,PROD055,1,0.08,Credit Card,44065,57548.51,52944.63,8879.63
ORD03003,2025-10-23,CUST1121,PROD012,3,0.22,Cash on Delivery,33865,48285.73,112988.61,11393.61
ORD03004,2025-02-08,CUST1751,PROD019,2,0.13,Credit Card,26105,31375.78,54593.86,2383.86
ORD03005,2023-01-16,CUST0831,PROD079,3,0.2,Credit Card,16940,25124.14,60297.94,9477.94
ORD03006,2024-08-28,CUST1036,PROD057,2,0.12,Credit Card,43648,68911.93,121285.0,33989.0
ORD03007,2025-03-23,CUST1035,PROD094,4,0.21,Cash on Delivery,11294,15271.52,48258.0,3082.0
ORD03008,2024-04-26,CUST1933,PROD037,1,0.1,UPI,49377,68967.87,62071.08,12694.08
ORD03009,2025-06-13,CUST0163,PROD076,3,0.15,Debit Card,19739,30689.61,78258.51,19041.51
ORD03010,2023-09-26,CUST1307,PROD083,4,0.21,Cash on Delivery,37036,55846.0,176473.36,28329.36
ORD03011,2024-02-18,CUST1753,PROD098,5,0.01,UPI,27372,43330.59,214486.42,77626.42
ORD03012,2023-01-25,CUST0872,PROD007,1,0.1,Debit Card,3479,4417.39,3975.65,496.65
ORD03013,2023-11-12,CUST0835,PROD092,2,0.16,Cash on Delivery,4811,6550.16,11004.27,1382.27
ORD03014,2024-07-24,CUST1265,PROD055,5,0.02,Cash on Delivery,44065,59709.81,292578.07,72253.07
ORD03015,2024-12-25,CUST0857,PROD028,5,0.21,UPI,24730,33704.41,133132.42,9482.42
ORD03016,2025-10-04,CUST1069,PROD093,4,0.24,Cash on Delivery,48575,75821.04,230495.96,36195.96
ORD03017,2024-01-24,CUST0970,PROD037,3,0.05,Debit Card,49377,61350.02,174847.56,26716.56
ORD03018,2024-12-22,CUST0593,PROD084,3,0.22,UPI,6252,9707.5,22715.55,3959.55
ORD03019,2024-03-19,CUST0255,PROD061,4,0.19,Cash on Delivery,13164,18521.84,60010.76,7354.76
ORD03020,2025-09-25,CUST0067,PROD075,5,0.12,Debit Card,900,1252.42,5510.65,1010.65
ORD03021,2025-12-16,CUST0918,PROD039,1,0.05,Cash on Delivery,46187,61771.64,58683.06,12496.06
ORD03022,2024-11-27,CUST0614,PROD023,5,0.29,UPI,14296,19912.04,70687.74,-792.26
ORD03023,2025-08-28,CUST0974,PROD052,4,0.14,Cash on Delivery,20157,30466.91,104806.17,24178.17
ORD03024,2024-12-21,CUST0603,PROD084,5,0.06,Debit Card,6252,8574.65,40300.85,9040.85
ORD03025,2024-01-03,CUST1066,PROD084,5,0.22,Credit Card,6252,9373.06,36554.93,5294.93
ORD03026,2023-12-08,CUST1812,PROD011,5,0.18,Cash on Delivery,23684,31677.03,129875.82,11455.82
ORD03027,2023-10-31,CUST1840,PROD066,5,0.24,Cash on Delivery,26705,32908.66,125052.91,-8472.09
ORD03028,2025-02-02,CUST1810,PROD013,1,0.3,Debit Card,24204,32351.02,22645.71,-1558.29
ORD03029,2025-03-26,CUST0384,PROD077,2,0.01,Debit Card,10916,16106.61,31891.09,10059.09
ORD03030,2023-04-22,CUST1613,PROD041,2,0.22,UPI,37776,57921.5,90357.54,14805.54
ORD03031,2025-05-27,CUST1258,PROD049,3,0.3,Credit Card,1602,2398.56,5036.98,230.98
ORD03032,2025-10-26,CUST0966,PROD015,2,0.16,UPI,18761,24736.46,41557.25,4035.25
ORD03033,2025-07-18,CUST1738,PROD056,2,0.21,Debit Card,6756,9530.13,15057.61,1545.61
ORD03034,2024-12-03,CUST0485,PROD054,2,0.13,Debit Card,39049,51240.24,89158.02,11060.02
ORD03035,2025-04-25,CUST1757,PROD031,5,0.11,Debit Card,15105,22159.39,98609.29,23084.29
ORD03036,2025-08-01,CUST1798,PROD061,5,0.21,Debit Card,13164,17724.06,70010.04,4190.04
ORD03037,2023-10-06,CUST0039,PROD058,1,0.3,UPI,29901,44677.38,31274.17,1373.17
ORD03038,2024-01-17,CUST0011,PROD087,5,0.03,Credit Card,1853,2141.62,10386.86,1121.86
ORD03039,2023-01-13,CUST0624,PROD060,5,0.13,Debit Card,7054,9191.85,39984.55,4714.55
ORD03040,2023-10-30,CUST0409,PROD053,2,0.28,UPI,45509,70320.51,101261.53,10243.53
ORD03041,2023-06-09,CUST0108,PROD086,1,0.03,UPI,12989,16828.49,16323.64,3334.64
ORD03042,2023-06-03,CUST1118,PROD061,1,0.2,UPI,13164,17477.11,13981.69,817.69
ORD03043,2025-01-23,CUST1847,PROD080,2,0.13,UPI,24906,37504.18,65257.27,15445.27
ORD03044,2023-06-30,CUST0084,PROD042,2,0.11,UPI,35023,41767.63,74346.38,4300.38
ORD03045,2024-01-12,CUST0058,PROD029,1,0.06,Debit Card,23495,30316.81,28497.8,5002.8
ORD03046,2025-02-14,CUST1317,PROD084,4,0.05,Debit Card,6252,9368.69,35601.02,10593.02
ORD03047,2023-01-16,CUST1040,PROD092,2,0.15,Credit Card,4811,7604.55,12927.74,3305.74
ORD03048,2023-09-10,CUST0991,PROD027,2,0.11,Credit Card,33194,49866.56,88762.48,22374.48
ORD03049,2025-12-19,CUST1501,PROD044,1,0.15,Credit Card,31606,38799.07,32979.21,1373.21
ORD03050,2023-01-31,CUST0838,PROD093,4,0.06,Credit Card,48575,74113.73,278667.62,84367.62
ORD03051,2025-11-10,CUST0605,PROD005,4,0.11,Cash on Delivery,14250,19438.41,69200.74,12200.74
ORD03052,2024-12-31,CUST0969,PROD052,3,0.3,UPI,20157,30282.92,63594.13,3123.13
ORD03053,2023-10-16,CUST0165,PROD053,4,0.11,UPI,45509,57237.1,203764.08,21728.08
ORD03054,2024-05-12,CUST0437,PROD052,2,0.12,UPI,20157,26274.84,46243.72,5929.72
ORD03055,2024-07-01,CUST0727,PROD038,5,0.01,Cash on Delivery,41219,64125.91,317423.25,111328.25
ORD03056,2025-08-18,CUST1680,PROD044,1,0.11,UPI,31606,49300.93,43877.83,12271.83
ORD03057,2023-05-12,CUST1810,PROD053,2,0.23,UPI,45509,58175.47,89590.22,-1427.78
ORD03058,2025-05-07,CUST0403,PROD002,1,0.15,UPI,8668,10294.1,8749.98,81.98
ORD03059,2024-06-04,CUST1964,PROD054,4,0.2,UPI,39049,61231.05,195939.36,39743.36
ORD03060,2023-01-30,CUST1410,PROD084,1,0.17,UPI,6252,8034.96,6669.02,417.02
ORD03061,2024-09-18,CUST1978,PROD077,2,0.03,Credit Card,10916,13143.45,25498.29,3666.29
ORD03062,2023-01-04,CUST1162,PROD090,5,0.1,Cash on Delivery,39865,52089.65,234403.42,35078.42
ORD03063,2024-05-23,CUST0716,PROD035,2,0.21,Debit Card,34337,43844.9,69274.94,600.94
ORD03064,2023-01-16,CUST0814,PROD046,3,0.16,Credit Card,11014,13065.36,32924.71,-117.29
ORD03065,2025-09-23,CUST0722,PROD072,1,0.2,Cash on Delivery,16543,26347.75,21078.2,4535.2
ORD03066,2025-08-13,CUST0531,PROD092,2,0.11,UPI,4811,6168.65,10980.2,1358.2
ORD03067,2023-09-20,CUST1830,PROD079,4,0.06,Cash on Delivery,16940,21557.35,81055.64,13295.64
ORD03068,2025-12-24,CUST0293,PROD055,4,0.25,UPI,44065,59001.66,177004.98,744.98
ORD03069,2023-09-22,CUST1499,PROD072,2,0.11,UPI,16543,22112.53,39360.3,6274.3
ORD03070,2024-01-13,CUST1023,PROD011,3,0.2,Cash on Delivery,23684,31860.25,76464.6,5412.6
ORD03071,2025-08-20,CUST1904,PROD029,1,0.11,Debit Card,23495,36604.82,32578.29,9083.29
ORD03072,2024-04-20,CUST0462,PROD069,3,0.28,UPI,21682,25522.02,55127.56,-9918.44
ORD03073,2023-11-25,CUST1837,PROD063,5,0.3,UPI,48779,76765.48,268679.18,24784.18
ORD03074,2024-03-13,CUST1397,PROD047,2,0.19,Credit Card,47956,69520.1,112622.56,16710.56
ORD03075,2023-01-16,CUST1186,PROD007,3,0.18,Cash on Delivery,3479,5092.84,12528.39,2091.39
ORD03076,2025-05-17,CUST0642,PROD064,5,0.25,Cash on Delivery,24886,30386.64,113949.9,-10480.1
ORD03077,2024-05-25,CUST0044,PROD082,3,0.15,Cash on Delivery,37566,48764.67,124349.91,11651.91
ORD03078,2025-09-10,CUST1889,PROD064,5,0.26,Credit Card,24886,29203.69,108053.65,-16376.35
ORD03079,2024-08-03,CUST1107,PROD092,4,0.12,Cash on Delivery,4811,6946.53,24451.79,5207.79
ORD03080,2023-01-06,CUST0892,PROD012,4,0.01,Cash on Delivery,33865,44123.8,174730.25,39270.25
ORD03081,2025-10-15,CUST0636,PROD012,2,0.28,UPI,33865,47345.44,68177.43,447.43
ORD03082,2025-03-17,CUST0539,PROD036,3,0.22,Debit Card,5763,8579.54,20076.12,2787.12
ORD03083,2024-09-10,CUST1840,PROD029,4,0.15,Debit Card,23495,32871.63,111763.54,17783.54
ORD03084,2024-02-09,CUST0862,PROD011,1,0.28,Credit Card,23684,27998.58,20158.98,-3525.02
ORD03085,2025-09-23,CUST0519,PROD053,4,0.27,Cash on Delivery,45509,53597.68,156505.23,-25530.77
ORD03086,2024-08-16,CUST1435,PROD070,4,0.03,Credit Card,39873,61413.23,238283.33,78791.33
ORD03087,2024-07-19,CUST1365,PROD085,3,0.19,Debit Card,21717,27536.44,66913.55,1762.55
ORD03088,2025-01-21,CUST0711,PROD074,5,0.16,Credit Card,36254,47601.31,199925.5,18655.5
ORD03089,2023-01-12,CUST1648,PROD096,1,0.23,UPI,16906,21103.39,16249.61,-656.39
ORD03090,2023-06-14,CUST0089,PROD047,1,0.09,UPI,47956,70231.39,63910.56,15954.56
ORD03091,2025-05-27,CUST1664,PROD033,5,0.0,UPI,8919,11806.48,59032.4,14437.4
ORD03092,2023-03-19,CUST1254,PROD081,3,0.06,Cash on Delivery,2375,3218.95,9077.44,1952.44
ORD03093,2024-09-05,CUST1042,PROD067,4,0.06,UPI,26070,37892.97,142477.57,38197.57
ORD03094,2025-05-18,CUST1825,PROD043,5,0.09,Credit Card,1019,1457.56,6631.9,1536.9
ORD03095,2025-03-22,CUST0673,PROD018,1,0.11,UPI,34967,52396.47,46632.86,11665.86
ORD03096,2025-12-07,CUST0864,PROD074,1,0.21,Cash on Delivery,36254,53908.58,42587.78,6333.78
ORD03097,2025-02-05,CUST0890,PROD053,4,0.02,UPI,45509,61343.97,240468.36,58432.36
ORD03098,2023-03-23,CUST1305,PROD039,4,0.15,UPI,46187,57102.59,194148.81,9400.81
ORD03099,2023-07-28,CUST1934,PROD072,2,0.15,Cash on Delivery,16543,20686.18,35166.51,2080.51
ORD03100,2024-06-05,CUST0422,PROD034,5,0.18,Cash on Delivery,48452,71129.1,291629.31,49369.31
ORD03101,2025-11-18,CUST1702,PROD037,4,0.09,UPI,49377,62589.31,227825.09,30317.09
ORD03102,2025-09-20,CUST1796,PROD041,2,0.08,Debit Card,37776,50929.77,93710.78,18158.78
ORD03103,2024-04-09,CUST0876,PROD097,3,0.15,UPI,10894,13057.09,33295.58,613.58
ORD03104,2024-09-19,CUST0702,PROD049,1,0.2,Credit Card,1602,1930.44,1544.35,-57.65
ORD03105,2025-02-19,CUST0338,PROD010,5,0.01,Cash on Delivery,38184,48206.4,238621.68,47701.68
ORD03106,2024-07-12,CUST0266,PROD040,3,0.09,UPI,34631,41147.69,112333.19,8440.19
ORD03107,2025-08-17,CUST0803,PROD018,5,0.24,Debit Card,34967,44532.3,169222.74,-5612.26
ORD03108,2023-04-01,CUST1379,PROD025,5,0.15,UPI,31820,44728.95,190098.04,30998.04
ORD03109,2025-12-12,CUST0360,PROD041,4,0.29,Credit Card,37776,56102.87,159332.15,8228.15
ORD03110,2025-05-09,CUST1014,PROD036,2,0.26,Cash on Delivery,5763,6712.26,9934.14,-1591.86
ORD03111,2024-07-09,CUST1815,PROD002,5,0.1,Credit Card,8668,12310.97,55399.36,12059.36
ORD03112,2023-06-05,CUST0217,PROD083,3,0.22,Debit Card,37036,48644.34,113827.76,2719.76
ORD03113,2023-01-02,CUST0321,PROD074,5,0.08,Credit Card,36254,45389.59,208792.11,27522.11
ORD03114,2025-04-04,CUST0850,PROD049,2,0.05,Credit Card,1602,1865.27,3544.01,340.01
ORD03115,2025-03-12,CUST0719,PROD067,1,0.26,Cash on Delivery,26070,33804.23,25015.13,-1054.87
ORD03116,2025-09-09,CUST1689,PROD053,5,0.11,Credit Card,45509,68507.21,304857.08,77312.08
ORD03117,2025-12-17,CUST0992,PROD019,3,0.06,Debit Card,26105,36247.06,102216.71,23901.71
ORD03118,2024-05-07,CUST1717,PROD026,1,0.29,Debit Card,1165,1746.38,1239.93,74.93
ORD03119,2024-10-30,CUST1236,PROD054,1,0.01,Cash on Delivery,39049,52152.29,51630.77,12581.77
ORD03120,2025-11-24,CUST1809,PROD051,4,0.11,Debit Card,47215,72213.66,257080.63,68220.63
ORD03121,2023-03-16,CUST0953,PROD025,4,0.01,Debit Card,31820,38745.92,153433.84,26153.84
ORD03122,2025-08-01,CUST1227,PROD017,5,0.15,Debit Card,28919,43928.4,186695.7,42100.7
ORD03123,2024-01-06,CUST0717,PROD074,3,0.12,Debit Card,36254,49457.71,130568.35,21806.35
ORD03124,2024-08-09,CUST0985,PROD061,4,0.22,Debit Card,13164,19557.78,61020.27,8364.27
ORD03125,2023-11-25,CUST1940,PROD046,2,0.29,Debit Card,11014,13857.7,19677.93,-2350.07
ORD03126,2024-08-12,CUST0896,PROD055,2,0.16,Debit Card,44065,60314.88,101329.0,13199.0
ORD03127,2025-02-15,CUST1177,PROD050,1,0.09,UPI,1097,1623.29,1477.19,380.19
ORD03128,2023-10-31,CUST1706,PROD075,1,0.26,Debit Card,900,1230.92,910.88,10.88
ORD03129,2024-08-01,CUST1453,PROD011,1,0.18,Cash on Delivery,23684,32118.96,26337.55,2653.55
ORD03130,2023-08-09,CUST1777,PROD012,2,0.17,UPI,33865,51298.62,85155.71,17425.71
ORD03131,2025-09-05,CUST0287,PROD040,4,0.06,Debit Card,34631,42355.69,159257.39,20733.39
ORD03132,2024-01-10,CUST0757,PROD048,4,0.01,Debit Card,7733,10546.23,41763.07,10831.07
ORD03133,2023-07-07,CUST1345,PROD056,5,0.14,Cash on Delivery,6756,10269.58,44159.19,10379.19
ORD03134,2024-04-18,CUST1460,PROD008,3,0.16,Debit Card,24024,36765.47,92648.98,20576.98
ORD03135,2025-04-23,CUST1616,PROD088,2,0.04,UPI,27486,33071.79,63497.84,8525.84
ORD03136,2024-06-14,CUST0496,PROD014,1,0.02,UPI,6122,9382.39,9194.74,3072.74
ORD03137,2025-12-06,CUST1628,PROD087,3,0.06,Cash on Delivery,1853,2141.08,6037.85,478.85
ORD03138,2025-12-24,CUST1173,PROD056,1,0.02,Debit Card,6756,10370.47,10163.06,3407.06
ORD03139,2025-08-20,CUST0542,PROD054,3,0.02,Cash on Delivery,39049,49558.87,145703.08,28556.08
ORD03140,2024-04-19,CUST0635,PROD100,3,0.13,Debit Card,41593,58653.44,153085.48,28306.48
ORD03141,2025-08-03,CUST1923,PROD017,4,0.24,UPI,28919,33382.16,101481.77,-14194.23
ORD03142,2025-12-25,CUST1506,PROD045,5,0.2,Debit Card,45004,66568.64,266274.56,41254.56
ORD03143,2024-05-31,CUST1350,PROD005,5,0.2,Debit Card,14250,19154.89,76619.56,5369.56
ORD03144,2024-03-01,CUST0939,PROD003,1,0.08,UPI,7361,11266.82,10365.47,3004.47
ORD03145,2023-05-13,CUST1053,PROD009,2,0.0,UPI,7565,10590.88,21181.76,6051.76
ORD03146,2023-11-10,CUST1283,PROD084,5,0.14,UPI,6252,9538.02,41013.49,9753.49
ORD03147,2024-08-13,CUST0698,PROD020,2,0.11,Debit Card,29671,42288.57,75273.65,15931.65
ORD03148,2025-10-05,CUST1953,PROD083,1,0.28,Cash on Delivery,37036,55022.21,39615.99,2579.99
ORD03149,2023-06-08,CUST0075,PROD021,2,0.02,UPI,22664,33692.06,66036.44,20708.44
ORD03150,2024-10-22,CUST1581,PROD080,3,0.23,Debit Card,24906,31406.38,72548.74,-2169.26
ORD03151,2025-01-17,CUST1605,PROD033,3,0.12,Cash on Delivery,8919,12573.67,33194.49,6437.49
ORD03152,2025-03-11,CUST0498,PROD005,1,0.25,Credit Card,14250,21991.15,16493.36,2243.36
ORD03153,2024-02-14,CUST1440,PROD024,2,0.15,Credit Card,37354,57730.4,98141.68,23433.68
ORD03154,2024-11-10,CUST1903,PROD063,2,0.25,Debit Card,48779,64540.39,96810.58,-747.42
ORD03155,2023-04-24,CUST0722,PROD079,1,0.14,Debit Card,16940,21957.67,18883.6,1943.6
ORD03156,2025-06-15,CUST1775,PROD026,5,0.12,UPI,1165,1682.59,7403.4,1578.4
ORD03157,2025-12-14,CUST1364,PROD089,4,0.29,Debit Card,21871,32813.55,93190.48,5706.48
ORD03158,2023-03-06,CUST0308,PROD092,5,0.11,Cash on Delivery,4811,5609.44,24962.01,907.01
ORD03159,2024-11-14,CUST0704,PROD033,4,0.24,Debit Card,8919,10631.84,32320.79,-3355.21
ORD03160,2023-05-26,CUST0884,PROD018,2,0.02,Cash on Delivery,34967,52465.51,102832.4,32898.4
ORD03161,2025-07-31,CUST1639,PROD018,4,0.02,Cash on Delivery,34967,47085.15,184573.79,44705.79
ORD03162,2025-10-30,CUST1265,PROD038,4,0.13,UPI,41219,59785.76,208054.44,43178.44
ORD03163,2025-01-08,CUST0253,PROD033,2,0.18,Cash on Delivery,8919,13549.42,22221.05,4383.05
ORD03164,2023-07-05,CUST0936,PROD027,3,0.18,Debit Card,33194,49477.69,121715.12,22133.12
ORD03165,2025-04-14,CUST1244,PROD049,4,0.01,Cash on Delivery,1602,2426.03,9607.08,3199.08
ORD03166,2025-03-19,CUST0397,PROD050,1,0.21,Credit Card,1097,1515.23,1197.03,100.03
ORD03167,2023-06-20,CUST0986,PROD015,5,0.04,Cash on Delivery,18761,22907.14,109954.27,16149.27
ORD03168,2023-08-01,CUST1360,PROD077,2,0.29,Debit Card,10916,14879.37,21128.71,-703.29
ORD03169,2023-01-27,CUST1753,PROD052,2,0.1,UPI,20157,31918.2,57452.76,17138.76
ORD03170,2025-10-10,CUST1738,PROD098,4,0.08,Debit Card,27372,35240.19,129683.9,20195.9
ORD03171,2025-12-27,CUST1053,PROD068,3,0.09,Debit Card,30755,41170.85,112396.42,20131.42
ORD03172,2025-02-28,CUST0494,PROD099,3,0.28,Debit Card,42208,63077.56,136247.53,9623.53
ORD03173,2024-02-12,CUST0959,PROD019,5,0.14,Credit Card,26105,30913.23,132926.89,2401.89
ORD03174,2023-03-15,CUST1748,PROD095,5,0.13,UPI,3434,5118.97,22267.52,5097.52
ORD03175,2024-07-31,CUST1526,PROD025,3,0.17,Credit Card,31820,40519.45,100893.43,5433.43
ORD03176,2024-11-10,CUST1178,PROD076,3,0.28,Cash on Delivery,19739,25074.4,54160.7,-5056.3
ORD03177,2025-02-24,CUST0992,PROD076,3,0.09,Cash on Delivery,19739,27873.25,76093.97,16876.97
ORD03178,2025-04-28,CUST1255,PROD025,4,0.05,Credit Card,31820,40248.46,152944.15,25664.15
ORD03179,2025-05-19,CUST0102,PROD033,1,0.18,UPI,8919,12830.16,10520.73,1601.73
ORD03180,2023-08-25,CUST0827,PROD060,5,0.15,Cash on Delivery,7054,10997.07,46737.55,11467.55
ORD03181,2024-12-27,CUST0177,PROD037,2,0.02,UPI,49377,65774.38,128917.78,30163.78
ORD03182,2024-01-13,CUST1717,PROD092,3,0.16,Credit Card,4811,7575.4,19090.01,4657.01
ORD03183,2024-10-22,CUST0984,PROD043,3,0.17,Cash on Delivery,1019,1603.92,3993.76,936.76
ORD03184,2025-04-09,CUST0927,PROD009,1,0.21,Credit Card,7565,9406.37,7431.03,-133.97
ORD03185,2025-06-24,CUST0232,PROD014,3,0.3,Cash on Delivery,6122,8229.83,17282.64,-1083.36
ORD03186,2024-01-11,CUST0012,PROD003,5,0.13,Debit Card,7361,11744.85,51090.1,14285.1
ORD03187,2024-09-10,CUST1210,PROD069,3,0.15,UPI,21682,26187.97,66779.32,1733.32
ORD03188,2024-10-14,CUST0761,PROD056,1,0.02,Credit Card,6756,9214.57,9030.28,2274.28
ORD03189,2025-10-29,CUST0932,PROD026,4,0.25,Debit Card,1165,1566.16,4698.48,38.48
ORD03190,2023-07-15,CUST0266,PROD053,5,0.03,Credit Card,45509,68923.27,334277.86,106732.86
ORD03191,2025-03-17,CUST1926,PROD041,4,0.28,Credit Card,37776,46197.73,133049.46,-18054.54
ORD03192,2025-06-11,CUST1159,PROD082,2,0.1,UPI,37566,46945.46,84501.83,9369.83
ORD03193,2025-12-20,CUST0757,PROD021,1,0.1,Credit Card,22664,27854.03,25068.63,2404.63
ORD03194,2025-07-25,CUST1055,PROD039,2,0.1,UPI,46187,56578.31,101840.96,9466.96
ORD03195,2025-04-26,CUST1883,PROD080,2,0.29,Credit Card,24906,31531.1,44774.16,-5037.84
ORD03196,2025-03-28,CUST0456,PROD023,2,0.29,Cash on Delivery,14296,19838.55,28170.74,-421.26
ORD03197,2024-07-17,CUST0259,PROD093,2,0.29,Debit Card,48575,71313.03,101264.5,4114.5
ORD03198,2024-09-25,CUST1128,PROD074,1,0.21,Cash on Delivery,36254,47896.58,37838.3,1584.3
ORD03199,2024-11-09,CUST0431,PROD058,4,0.03,UPI,29901,40390.37,156714.64,37110.64
ORD03200,2025-10-14,CUST1406,PROD069,3,0.12,UPI,21682,32665.6,86237.18,21191.18
ORD03201,2023-01-08,CUST0469,PROD075,2,0.09,Debit Card,900,1247.71,2270.83,470.83
ORD03202,2025-12-04,CUST1537,PROD029,3,0.21,UPI,23495,33254.82,78813.92,8328.92
ORD03203,2023-12-10,CUST1965,PROD062,3,0.15,Cash on Delivery,42867,59288.84,151186.54,22585.54
ORD03204,2025-03-06,CUST1974,PROD053,2,0.18,Debit Card,45509,68508.13,112353.33,21335.33
ORD03205,2025-11-16,CUST1970,PROD045,5,0.0,UPI,45004,55470.44,277352.2,52332.2
ORD03206,2025-04-28,CUST1231,PROD027,3,0.23,UPI,33194,52830.35,122038.11,22456.11
ORD03207,2023-03-03,CUST0647,PROD034,5,0.29,UPI,48452,74894.33,265874.87,23614.87
ORD03208,2025-12-21,CUST0447,PROD014,4,0.2,UPI,6122,8142.98,26057.54,1569.54
ORD03209,2024-02-26,CUST0783,PROD041,3,0.26,Credit Card,37776,50498.63,112106.96,-1221.04
ORD03210,2024-09-24,CUST1113,PROD074,1,0.14,Credit Card,36254,55542.84,47766.84,11512.84
ORD03211,2025-03-02,CUST0195,PROD060,4,0.01,Credit Card,7054,9526.46,37724.78,9508.78
ORD03212,2024-07-04,CUST1438,PROD042,4,0.3,UPI,35023,48285.28,135198.78,-4893.22
ORD03213,2024-08-28,CUST1146,PROD051,5,0.02,Credit Card,47215,70146.81,343719.37,107644.37
ORD03214,2024-06-08,CUST0462,PROD075,2,0.06,UPI,900,1192.14,2241.22,441.22
ORD03215,2025-06-17,CUST1140,PROD011,1,0.02,Cash on Delivery,23684,32075.44,31433.93,7749.93
ORD03216,2023-06-12,CUST0196,PROD035,1,0.19,UPI,34337,40061.1,32449.49,-1887.51
ORD03217,2025-02-25,CUST0036,PROD019,5,0.17,Debit Card,26105,31585.25,131078.79,553.79
ORD03218,2025-06-28,CUST0067,PROD088,5,0.06,Debit Card,27486,37281.92,175225.02,37795.02
ORD03219,2025-09-08,CUST0645,PROD065,4,0.29,Debit Card,5346,6257.76,17772.04,-3611.96
ORD03220,2024-01-14,CUST1305,PROD076,5,0.27,UPI,19739,25426.91,92808.22,-5886.78
ORD03221,2023-06-22,CUST1503,PROD061,2,0.08,Debit Card,13164,17728.75,32620.9,6292.9
ORD03222,2025-09-26,CUST1035,PROD047,4,0.2,Debit Card,47956,57342.32,183495.42,-8328.58
ORD03223,2023-03-05,CUST1992,PROD014,4,0.26,UPI,6122,7220.27,21372.0,-3116.0
ORD03224,2025-09-01,CUST1754,PROD067,4,0.11,UPI,26070,30171.49,107410.5,3130.5
ORD03225,2023-03-07,CUST0322,PROD052,1,0.08,Credit Card,20157,27582.74,25376.12,5219.12
ORD03226,2024-04-02,CUST1692,PROD032,1,0.08,UPI,17963,21844.37,20096.82,2133.82
ORD03227,2024-03-28,CUST0240,PROD080,4,0.25,Credit Card,24906,36359.48,109078.44,9454.44
ORD03228,2025-09-05,CUST1017,PROD010,2,0.14,UPI,38184,52381.7,90096.52,13728.52
ORD03229,2023-06-27,CUST1084,PROD017,3,0.21,Cash on Delivery,28919,33503.29,79402.8,-7354.2
ORD03230,2023-10-07,CUST0650,PROD040,4,0.2,Debit Card,34631,40745.65,130386.08,-8137.92
ORD03231,2023-12-10,CUST0562,PROD068,5,0.09,Cash on Delivery,30755,48070.14,218719.14,64944.14
ORD03232,2025-11-06,CUST1703,PROD063,3,0.06,UPI,48779,58825.07,165886.7,19549.7
ORD03233,2023-10-23,CUST0165,PROD015,1,0.04,Cash on Delivery,18761,27968.82,26850.07,8089.07
ORD03234,2023-07-21,CUST0831,PROD097,1,0.01,Credit Card,10894,13735.4,13598.05,2704.05
ORD03235,2025-08-19,CUST0189,PROD039,3,0.02,UPI,46187,59798.53,175807.68,37246.68
ORD03236,2024-11-14,CUST1511,PROD057,5,0.08,UPI,43648,50682.13,233137.8,14897.8
ORD03237,2024-01-10,CUST0092,PROD010,1,0.21,Cash on Delivery,38184,53467.79,42239.55,4055.55
ORD03238,2023-02-04,CUST1830,PROD071,1,0.05,Debit Card,43519,59193.24,56233.58,12714.58
ORD03239,2023-01-29,CUST1912,PROD097,4,0.16,UPI,10894,16180.09,54365.1,10789.1
ORD03240,2025-02-13,CUST0289,PROD017,2,0.07,Debit Card,28919,45043.08,83780.13,25942.13
ORD03241,2023-08-09,CUST1533,PROD076,5,0.15,Cash on Delivery,19739,27564.9,117150.82,18455.82
ORD03242,2023-02-22,CUST1099,PROD017,4,0.23,Cash on Delivery,28919,45649.22,140599.6,24923.6
ORD03243,2025-03-01,CUST1581,PROD016,2,0.08,Cash on Delivery,45432,55275.58,101707.07,10843.07
ORD03244,2023-03-17,CUST1452,PROD078,1,0.1,Credit Card,3912,5105.51,4594.96,682.96
ORD03245,2024-05-08,CUST1409,PROD003,2,0.22,UPI,7361,11213.96,17493.78,2771.78
ORD03246,2023-04-27,CUST1077,PROD051,1,0.16,Cash on Delivery,47215,66053.38,55484.84,8269.84
ORD03247,2023-10-07,CUST0175,PROD094,4,0.03,Cash on Delivery,11294,15767.97,61179.72,16003.72
ORD03248,2025-01-15,CUST1697,PROD046,1,0.23,Credit Card,11014,14947.91,11509.89,495.89
ORD03249,2025-08-06,CUST1603,PROD055,2,0.08,UPI,44065,51044.89,93922.6,5792.6
ORD03250,2025-02-02,CUST0474,PROD099,4,0.12,Debit Card,42208,50065.15,176229.33,7397.33
ORD03251,2023-10-22,CUST1935,PROD026,2,0.07,UPI,1165,1386.68,2579.22,249.22
ORD03252,2025-10-14,CUST1385,PROD076,2,0.16,Cash on Delivery,19739,24382.72,40962.97,1484.97
ORD03253,2025-11-10,CUST0270,PROD031,3,0.21,Debit Card,15105,18011.57,42687.42,-2627.58
ORD03254,2025-04-21,CUST0407,PROD081,1,0.24,Credit Card,2375,2845.18,2162.34,-212.66
ORD03255,2025-11-25,CUST1148,PROD072,1,0.28,Credit Card,16543,23765.69,17111.3,568.3
ORD03256,2024-05-11,CUST0694,PROD019,2,0.11,Cash on Delivery,26105,31411.0,55911.58,3701.58
ORD03257,2023-07-25,CUST0376,PROD090,1,0.28,Debit Card,39865,54187.09,39014.7,-850.3
ORD03258,2024-03-01,CUST1416,PROD068,5,0.19,UPI,30755,36241.94,146779.86,-6995.14
ORD03259,2023-02-13,CUST0182,PROD015,1,0.12,Cash on Delivery,18761,23849.61,20987.66,2226.66
ORD03260,2024-08-27,CUST0036,PROD058,4,0.27,Debit Card,29901,46823.69,136725.17,17121.17
ORD03261,2024-03-29,CUST1236,PROD078,1,0.17,Debit Card,3912,4553.38,3779.31,-132.69
ORD03262,2024-08-17,CUST1920,PROD030,5,0.14,Debit Card,27284,42143.76,181218.17,44798.17
ORD03263,2024-05-21,CUST1972,PROD048,2,0.0,Debit Card,7733,11536.28,23072.56,7606.56
ORD03264,2025-03-04,CUST0134,PROD056,1,0.22,Credit Card,6756,10569.17,8243.95,1487.95
ORD03265,2023-01-21,CUST0865,PROD042,4,0.02,Debit Card,35023,52677.82,206497.05,66405.05
ORD03266,2024-09-11,CUST0924,PROD024,5,0.09,Debit Card,37354,56844.59,258642.88,71872.88
ORD03267,2024-02-18,CUST0690,PROD052,3,0.29,Cash on Delivery,20157,24157.68,51455.86,-9015.14
ORD03268,2025-12-30,CUST1702,PROD043,2,0.05,Credit Card,1019,1554.99,2954.48,916.48
ORD03269,2023-12-03,CUST1950,PROD034,2,0.09,Credit Card,48452,66122.66,120343.24,23439.24
ORD03270,2025-06-28,CUST0491,PROD060,2,0.28,Credit Card,7054,9228.12,13288.49,-819.51
ORD03271,2023-10-03,CUST1873,PROD083,5,0.1,UPI,37036,45155.63,203200.34,18020.34
ORD03272,2025-06-10,CUST0841,PROD003,1,0.1,UPI,7361,8467.37,7620.63,259.63
ORD03273,2023-01-13,CUST0988,PROD068,1,0.19,Credit Card,30755,44262.08,35852.28,5097.28
ORD03274,2025-10-23,CUST1462,PROD011,1,0.04,Cash on Delivery,23684,34974.4,33575.42,9891.42
ORD03275,2025-09-04,CUST0839,PROD013,1,0.29,Debit Card,24204,32061.58,22763.72,-1440.28
ORD03276,2025-08-31,CUST1070,PROD050,2,0.08,Debit Card,1097,1342.63,2470.44,276.44
ORD03277,2023-06-24,CUST0668,PROD082,3,0.24,Credit Card,37566,45644.74,104070.01,-8627.99
ORD03278,2023-08-29,CUST1425,PROD019,2,0.09,Credit Card,26105,31997.08,58234.69,6024.69
ORD03279,2024-06-30,CUST1512,PROD044,3,0.08,UPI,31606,37146.33,102523.87,7705.87
ORD03280,2023-01-14,CUST1020,PROD033,3,0.02,Credit Card,8919,11700.31,34398.91,7641.91
ORD03281,2024-12-25,CUST0432,PROD038,1,0.04,UPI,41219,58830.75,56477.52,15258.52
ORD03282,2023-01-03,CUST1452,PROD003,4,0.16,Credit Card,7361,9946.17,33419.13,3975.13
ORD03283,2024-11-21,CUST0748,PROD099,5,0.17,Debit Card,42208,50922.54,211328.54,288.54
ORD03284,2025-01-16,CUST0828,PROD065,4,0.24,Credit Card,5346,8111.31,24658.38,3274.38
ORD03285,2025-02-07,CUST1596,PROD035,3,0.02,Debit Card,34337,43923.04,129133.74,26122.74
ORD03286,2025-05-21,CUST0517,PROD036,4,0.11,Credit Card,5763,8190.41,29157.86,6105.86
ORD03287,2024-05-09,CUST1989,PROD038,3,0.06,UPI,41219,51958.93,146524.18,22867.18
ORD03288,2024-02-21,CUST0462,PROD039,2,0.11,Credit Card,46187,65481.42,116556.93,24182.93
ORD03289,2024-09-19,CUST0966,PROD025,2,0.11,Cash on Delivery,31820,38449.56,68440.22,4800.22
ORD03290,2025-12-11,CUST1927,PROD064,1,0.11,Debit Card,24886,35959.65,32004.09,7118.09
ORD03291,2025-10-17,CUST0181,PROD013,5,0.09,Debit Card,24204,34077.39,155052.12,34032.12
ORD03292,2023-05-22,CUST0145,PROD068,2,0.23,Debit Card,30755,42555.13,65534.9,4024.9
ORD03293,2023-02-15,CUST1851,PROD070,5,0.21,Credit Card,39873,49749.14,196509.1,-2855.9
ORD03294,2025-04-23,CUST1289,PROD075,1,0.1,Cash on Delivery,900,1249.31,1124.38,224.38
ORD03295,2025-10-05,CUST0735,PROD001,5,0.04,Cash on Delivery,19397,30137.06,144657.89,47672.89
ORD03296,2023-01-10,CUST0406,PROD072,2,0.16,UPI,16543,19956.97,33527.71,441.71
ORD03297,2024-10-25,CUST0813,PROD054,2,0.28,UPI,39049,57272.26,82472.05,4374.05
ORD03298,2024-07-26,CUST0969,PROD098,4,0.04,UPI,27372,32878.44,126253.21,16765.21
ORD03299,2024-10-10,CUST0955,PROD009,4,0.23,Cash on Delivery,7565,9850.91,30340.8,80.8
ORD03300,2025-07-01,CUST1872,PROD036,4,0.18,Debit Card,5763,8400.86,27554.82,4502.82
ORD03301,2024-10-01,CUST0484,PROD037,5,0.18,Debit Card,49377,69231.69,283849.93,36964.93
ORD03302,2024-09-07,CUST0482,PROD059,2,0.28,UPI,42048,61189.03,88112.2,4016.2
ORD03303,2024-11-28,CUST1261,PROD021,1,0.29,UPI,22664,35888.7,25480.98,2816.98
ORD03304,2025-06-27,CUST1549,PROD020,3,0.07,Credit Card,29671,47067.83,131319.25,42306.25
ORD03305,2023-06-27,CUST0339,PROD001,2,0.24,Credit Card,19397,30292.12,46044.02,7250.02
ORD03306,2025-05-18,CUST0268,PROD099,4,0.19,Cash on Delivery,42208,57937.81,187718.5,18886.5
ORD03307,2025-10-26,CUST1956,PROD059,4,0.12,Credit Card,42048,54808.25,192925.04,24733.04
ORD03308,2025-05-02,CUST0266,PROD028,5,0.2,UPI,24730,31550.94,126203.76,2553.76
ORD03309,2023-11-03,CUST0528,PROD071,4,0.29,UPI,43519,61320.89,174151.33,75.33
ORD03310,2024-07-01,CUST1116,PROD056,5,0.16,UPI,6756,9148.37,38423.15,4643.15
ORD03311,2023-11-23,CUST1272,PROD009,1,0.28,Debit Card,7565,12085.36,8701.46,1136.46
ORD03312,2024-01-30,CUST1043,PROD065,4,0.19,UPI,5346,7436.33,24093.71,2709.71
ORD03313,2023-10-27,CUST0872,PROD036,5,0.14,Credit Card,5763,7480.62,32166.67,3351.67
ORD03314,2025-01-18,CUST1414,PROD098,4,0.19,Cash on Delivery,27372,39311.15,127368.13,17880.13
ORD03315,2023-10-12,CUST1412,PROD034,5,0.18,Credit Card,48452,56672.99,232359.26,-9900.74
ORD03316,2023-11-26,CUST0926,PROD081,2,0.13,Debit Card,2375,2849.65,4958.39,208.39
ORD03317,2023-02-19,CUST1639,PROD032,5,0.17,Credit Card,17963,26022.07,107991.59,18176.59
ORD03318,2025-02-11,CUST1119,PROD066,3,0.21,Credit Card,26705,32192.97,76297.34,-3817.66
ORD03319,2024-01-13,CUST0430,PROD100,1,0.25,Debit Card,41593,61970.87,46478.15,4885.15
ORD03320,2025-09-26,CUST0795,PROD025,2,0.09,Credit Card,31820,37479.46,68212.62,4572.62
ORD03321,2025-02-12,CUST0941,PROD051,1,0.0,Debit Card,47215,66915.47,66915.47,19700.47
ORD03322,2025-12-19,CUST1749,PROD063,2,0.17,Credit Card,48779,70988.9,117841.57,20283.57
ORD03323,2025-05-17,CUST1061,PROD090,4,0.15,Debit Card,39865,59830.09,203422.31,43962.31
ORD03324,2023-01-03,CUST1417,PROD045,5,0.02,Cash on Delivery,45004,69691.6,341488.84,116468.84
ORD03325,2025-01-17,CUST1597,PROD026,4,0.19,Cash on Delivery,1165,1503.44,4871.15,211.15
ORD03326,2023-10-02,CUST1315,PROD021,1,0.28,Debit Card,22664,33398.21,24046.71,1382.71
ORD03327,2023-08-03,CUST1898,PROD082,1,0.12,UPI,37566,44565.61,39217.74,1651.74
ORD03328,2023-11-25,CUST0303,PROD093,2,0.27,Debit Card,48575,73999.52,108039.3,10889.3
ORD03329,2023-09-12,CUST1780,PROD051,1,0.24,Credit Card,47215,73211.72,55640.91,8425.91
ORD03330,2023-05-06,CUST1941,PROD024,5,0.05,UPI,37354,55541.51,263822.17,77052.17
ORD03331,2025-02-05,CUST0401,PROD092,1,0.24,UPI,4811,6141.71,4667.7,-143.3
ORD03332,2023-08-05,CUST0823,PROD012,4,0.16,UPI,33865,39894.82,134046.6,-1413.4
ORD03333,2025-04-11,CUST0344,PROD011,5,0.28,Debit Card,23684,31729.99,114227.96,-4192.04
ORD03334,2023-07-01,CUST0863,PROD027,1,0.06,Debit Card,33194,42215.67,39682.73,6488.73
ORD03335,2023-11-30,CUST0518,PROD023,3,0.04,UPI,14296,19851.23,57171.54,14283.54
ORD03336,2024-05-25,CUST1401,PROD033,3,0.07,Debit Card,8919,11837.63,33026.99,6269.99
ORD03337,2024-01-18,CUST1955,PROD080,4,0.02,Cash on Delivery,24906,30166.03,118250.84,18626.84
ORD03338,2023-11-28,CUST1842,PROD092,2,0.1,Credit Card,4811,7344.03,13219.25,3597.25
ORD03339,2025-06-18,CUST0165,PROD092,2,0.08,Credit Card,4811,7404.61,13624.48,4002.48
ORD03340,2024-10-03,CUST1037,PROD038,1,0.12,Credit Card,41219,62484.52,54986.38,13767.38
ORD03341,2024-09-25,CUST0025,PROD055,5,0.14,Debit Card,44065,54845.97,235837.67,15512.67
ORD03342,2024-03-26,CUST1760,PROD070,2,0.04,Credit Card,39873,53542.33,102801.27,23055.27
ORD03343,2023-07-15,CUST1147,PROD042,3,0.19,Cash on Delivery,35023,42978.81,104438.51,-630.49
ORD03344,2024-04-02,CUST0129,PROD029,2,0.07,Credit Card,23495,34052.29,63337.26,16347.26
ORD03345,2025-04-09,CUST0817,PROD034,3,0.04,Cash on Delivery,48452,73271.1,211020.77,65664.77
ORD03346,2023-09-14,CUST1658,PROD057,2,0.21,Debit Card,43648,61617.5,97355.65,10059.65
ORD03347,2023-01-09,CUST1571,PROD003,4,0.01,Debit Card,7361,10274.11,40685.48,11241.48
ORD03348,2025-01-30,CUST1018,PROD006,5,0.11,Credit Card,17488,25737.8,114533.21,27093.21
ORD03349,2025-08-06,CUST0595,PROD048,1,0.04,UPI,7733,9288.11,8916.59,1183.59
ORD03350,2025-12-18,CUST1333,PROD064,3,0.26,Cash on Delivery,24886,31392.34,69690.99,-4967.01
ORD03351,2025-06-05,CUST0436,PROD013,2,0.25,UPI,24204,31251.13,46876.7,-1531.3
ORD03352,2024-01-28,CUST0182,PROD036,1,0.02,Cash on Delivery,5763,8008.42,7848.25,2085.25
ORD03353,2024-02-03,CUST1612,PROD079,3,0.17,Debit Card,16940,26921.25,67033.91,16213.91
ORD03354,2023-11-27,CUST0616,PROD070,3,0.09,Debit Card,39873,61338.85,167455.06,47836.06
ORD03355,2024-04-24,CUST0744,PROD033,4,0.06,Cash on Delivery,8919,11248.38,42293.91,6617.91
ORD03356,2023-05-14,CUST1839,PROD076,2,0.09,Cash on Delivery,19739,24769.35,45080.22,5602.22
ORD03357,2025-07-04,CUST0043,PROD057,1,0.24,Debit Card,43648,58752.03,44651.54,1003.54
ORD03358,2025-07-23,CUST0404,PROD055,2,0.02,Cash on Delivery,44065,70001.28,137202.51,49072.51
ORD03359,2023-12-21,CUST1953,PROD013,2,0.19,Cash on Delivery,24204,29495.1,47782.06,-625.94
ORD03360,2024-08-06,CUST0605,PROD097,5,0.27,UPI,10894,17219.32,62850.52,8380.52
ORD03361,2024-09-16,CUST0656,PROD051,3,0.13,Credit Card,47215,58343.04,152275.33,10630.33
ORD03362,2023-10-17,CUST1790,PROD092,3,0.27,UPI,4811,7451.74,16319.31,1886.31
ORD03363,2025-04-04,CUST1614,PROD053,5,0.27,Debit Card,45509,69338.84,253086.77,25541.77
ORD03364,2024-09-20,CUST0263,PROD036,5,0.18,UPI,5763,8915.62,36554.04,7739.04
ORD03365,2025-10-15,CUST0070,PROD005,2,0.14,Debit Card,14250,22105.93,38022.2,9522.2
ORD03366,2024-09-23,CUST0661,PROD025,3,0.22,Cash on Delivery,31820,39716.49,92936.59,-2523.41
ORD03367,2023-11-23,CUST1316,PROD081,1,0.27,Credit Card,2375,3563.49,2601.35,226.35
ORD03368,2023-07-29,CUST1238,PROD037,4,0.2,Debit Card,49377,71938.94,230204.61,32696.61
ORD03369,2024-09-27,CUST0872,PROD019,5,0.06,Credit Card,26105,40345.66,189624.6,59099.6
ORD03370,2025-05-17,CUST0822,PROD035,1,0.25,Credit Card,34337,47063.7,35297.77,960.77
ORD03371,2024-03-03,CUST0147,PROD034,1,0.29,UPI,48452,64734.49,45961.49,-2490.51
ORD03372,2024-01-28,CUST0025,PROD054,2,0.12,Debit Card,39049,57667.57,101494.92,23396.92
ORD03373,2025-04-05,CUST1347,PROD046,5,0.21,UPI,11014,14003.53,55313.94,243.94
ORD03374,2025-07-04,CUST1133,PROD006,1,0.16,Cash on Delivery,17488,26564.7,22314.35,4826.35
ORD03375,2023-12-14,CUST0693,PROD083,4,0.03,Cash on Delivery,37036,47357.59,183747.45,35603.45
ORD03376,2023-02-19,CUST0251,PROD001,1,0.1,Debit Card,19397,22683.74,20415.37,1018.37
ORD03377,2025-07-04,CUST0482,PROD071,4,0.05,Debit Card,43519,60846.76,231217.69,57141.69
ORD03378,2025-11-16,CUST0715,PROD034,4,0.2,Cash on Delivery,48452,73946.87,236629.98,42821.98
ORD03379,2025-08-25,CUST0816,PROD056,4,0.17,Debit Card,6756,9868.56,32763.62,5739.62
ORD03380,2025-03-10,CUST0682,PROD083,5,0.01,UPI,37036,59079.14,292441.74,107261.74
ORD03381,2025-10-13,CUST0175,PROD097,4,0.02,UPI,10894,13217.99,51814.52,8238.52
ORD03382,2024-10-10,CUST1371,PROD026,5,0.08,Debit Card,1165,1520.39,6993.79,1168.79
ORD03383,2023-10-28,CUST1194,PROD042,1,0.22,UPI,35023,46264.48,36086.29,1063.29
ORD03384,2023-06-15,CUST0002,PROD091,4,0.04,Debit Card,15191,17867.16,68609.89,7845.89
ORD03385,2023-11-12,CUST1670,PROD038,3,0.06,UPI,41219,48199.52,135922.65,12265.65
ORD03386,2023-01-01,CUST0639,PROD026,1,0.27,UPI,1165,1355.19,989.29,-175.71
ORD03387,2025-10-16,CUST1582,PROD099,3,0.16,Credit Card,42208,56305.29,141889.33,15265.33
ORD03388,2023-03-04,CUST0706,PROD059,3,0.19,UPI,42048,64339.43,156344.81,30200.81
ORD03389,2024-04-27,CUST0362,PROD084,2,0.14,Debit Card,6252,9186.31,15800.45,3296.45
ORD03390,2023-08-10,CUST1745,PROD024,5,0.09,UPI,37354,50466.88,229624.3,42854.3
ORD03391,2023-06-01,CUST1320,PROD021,2,0.07,UPI,22664,28756.26,53486.64,8158.64
ORD03392,2024-10-05,CUST0570,PROD060,5,0.18,Cash on Delivery,7054,8161.52,33462.23,-1807.77
ORD03393,2024-09-17,CUST0590,PROD090,2,0.14,Debit Card,39865,48990.93,84264.4,4534.4
ORD03394,2023-08-05,CUST0202,PROD020,1,0.12,UPI,29671,39291.38,34576.41,4905.41
ORD03395,2023-07-15,CUST1005,PROD006,3,0.21,Credit Card,17488,23026.55,54572.92,2108.92
ORD03396,2025-09-21,CUST1313,PROD067,1,0.12,Cash on Delivery,26070,33023.2,29060.42,2990.42
ORD03397,2025-10-11,CUST1086,PROD010,5,0.01,Credit Card,38184,61045.07,302173.1,111253.1
ORD03398,2024-10-08,CUST1526,PROD012,3,0.25,Credit Card,33865,45762.49,102965.6,1370.6
ORD03399,2024-12-08,CUST1804,PROD097,3,0.1,Cash on Delivery,10894,13841.09,37370.94,4688.94
ORD03400,2025-12-16,CUST0126,PROD022,5,0.28,Credit Card,46697,62255.48,224119.73,-9365.27
ORD03401,2024-12-22,CUST0992,PROD062,1,0.26,Debit Card,42867,54686.97,40468.36,-2398.64
ORD03402,2024-10-01,CUST0049,PROD061,3,0.07,Debit Card,13164,17224.33,48055.88,8563.88
ORD03403,2023-04-16,CUST1624,PROD080,1,0.29,Credit Card,24906,30052.67,21337.4,-3568.6
ORD03404,2023-06-14,CUST0846,PROD017,1,0.26,Debit Card,28919,33267.87,24618.22,-4300.78
ORD03405,2023-08-03,CUST1797,PROD010,1,0.3,UPI,38184,52359.08,36651.36,-1532.64
ORD03406,2025-12-30,CUST0179,PROD012,3,0.2,UPI,33865,46398.91,111357.38,9762.38
ORD03407,2023-03-31,CUST1605,PROD083,4,0.28,UPI,37036,45207.36,130197.2,-17946.8
ORD03408,2025-05-23,CUST1903,PROD040,2,0.21,Credit Card,34631,52802.09,83427.3,14165.3
ORD03409,2024-08-30,CUST1952,PROD023,5,0.26,Credit Card,14296,17674.32,65394.98,-6085.02
ORD03410,2023-12-15,CUST0493,PROD040,1,0.18,Debit Card,34631,51828.25,42499.16,7868.16
ORD03411,2025-06-12,CUST1457,PROD074,3,0.28,Debit Card,36254,44796.23,96759.86,-12002.14
ORD03412,2023-09-03,CUST0572,PROD074,5,0.16,Debit Card,36254,46280.71,194378.98,13108.98
ORD03413,2023-09-29,CUST0302,PROD050,4,0.22,Credit Card,1097,1394.78,4351.71,-36.29
ORD03414,2024-02-07,CUST0964,PROD010,4,0.28,Debit Card,38184,47856.58,137826.95,-14909.05
ORD03415,2025-11-05,CUST1785,PROD094,3,0.13,UPI,11294,17829.37,46534.66,12652.66
ORD03416,2025-08-18,CUST0990,PROD004,1,0.01,UPI,42258,53606.71,53070.64,10812.64
ORD03417,2025-06-16,CUST1193,PROD001,4,0.03,Cash on Delivery,19397,26539.64,102973.8,25385.8
ORD03418,2025-12-15,CUST0977,PROD043,4,0.29,Cash on Delivery,1019,1508.96,4285.45,209.45
ORD03419,2023-10-11,CUST1987,PROD083,4,0.26,Cash on Delivery,37036,47910.14,141814.01,-6329.99
ORD03420,2024-05-31,CUST0269,PROD005,3,0.15,UPI,14250,16462.53,41979.45,-770.55
ORD03421,2024-09-09,CUST1388,PROD094,5,0.29,Credit Card,11294,16859.24,59850.3,3380.3
ORD03422,2024-09-03,CUST0624,PROD090,2,0.06,Debit Card,39865,50940.08,95767.35,16037.35
ORD03423,2025-01-19,CUST0100,PROD034,3,0.03,Debit Card,48452,74758.13,217546.16,72190.16
ORD03424,2024-02-04,CUST1938,PROD066,1,0.18,Credit Card,26705,36613.06,30022.71,3317.71
ORD03425,2023-03-27,CUST0215,PROD024,3,0.11,Cash on Delivery,37354,53452.97,142719.43,30657.43
ORD03426,2023-11-16,CUST0625,PROD014,3,0.1,Credit Card,6122,9660.1,26082.27,7716.27
ORD03427,2025-11-21,CUST0097,PROD041,2,0.22,UPI,37776,58231.04,90840.42,15288.42
ORD03428,2023-12-02,CUST0819,PROD042,2,0.05,Credit Card,35023,52768.71,100260.55,30214.55
ORD03429,2023-02-20,CUST0630,PROD013,2,0.23,UPI,24204,33615.21,51767.42,3359.42
ORD03430,2023-06-23,CUST0548,PROD029,5,0.11,UPI,23495,28809.11,128200.54,10725.54
ORD03431,2024-05-15,CUST0337,PROD065,3,0.3,Cash on Delivery,5346,8171.2,17159.52,1121.52
ORD03432,2023-03-17,CUST0359,PROD046,1,0.24,Debit Card,11014,13131.73,9980.11,-1033.89
ORD03433,2023-11-12,CUST1314,PROD034,2,0.19,Cash on Delivery,48452,75069.42,121612.46,24708.46
ORD03434,2024-11-27,CUST1420,PROD063,2,0.07,UPI,48779,72915.6,135623.02,38065.02
ORD03435,2025-10-06,CUST1925,PROD004,3,0.29,Cash on Delivery,42258,63875.28,136054.35,9280.35
ORD03436,2025-01-01,CUST0816,PROD028,1,0.01,Debit Card,24730,32637.14,32310.77,7580.77
ORD03437,2025-12-30,CUST0360,PROD083,2,0.07,Cash on Delivery,37036,44007.39,81853.75,7781.75
ORD03438,2025-08-26,CUST1015,PROD001,3,0.01,UPI,19397,28651.88,85096.08,26905.08
ORD03439,2025-05-03,CUST0347,PROD036,4,0.29,Debit Card,5763,9163.92,26025.53,2973.53
ORD03440,2024-10-27,CUST1148,PROD013,5,0.26,Cash on Delivery,24204,37184.2,137581.54,16561.54
ORD03441,2024-10-13,CUST0552,PROD005,3,0.29,Credit Card,14250,21782.9,46397.58,3647.58
ORD03442,2025-12-30,CUST1677,PROD097,2,0.21,Debit Card,10894,15627.86,24692.02,2904.02
ORD03443,2023-02-15,CUST0538,PROD014,1,0.01,Cash on Delivery,6122,7360.61,7287.0,1165.0
ORD03444,2025-12-06,CUST0654,PROD080,4,0.28,Credit Card,24906,38317.24,110353.65,10729.65
ORD03445,2023-05-29,CUST1888,PROD032,1,0.13,Debit Card,17963,22452.26,19533.47,1570.47
ORD03446,2025-06-28,CUST1931,PROD050,1,0.11,Credit Card,1097,1392.12,1238.99,141.99
ORD03447,2024-03-31,CUST0422,PROD027,1,0.09,Cash on Delivery,33194,49463.58,45011.86,11817.86
ORD03448,2025-05-26,CUST0336,PROD035,3,0.09,Credit Card,34337,50564.93,138042.26,35031.26
ORD03449,2025-08-23,CUST1527,PROD003,3,0.24,Credit Card,7361,8705.51,19848.56,-2234.44
ORD03450,2025-05-18,CUST0057,PROD004,5,0.08,UPI,42258,53387.98,245584.71,34294.71
ORD03451,2025-07-17,CUST1686,PROD007,4,0.07,Credit Card,3479,5280.98,19645.25,5729.25
ORD03452,2025-10-20,CUST1017,PROD077,1,0.21,Debit Card,10916,17217.94,13602.17,2686.17
ORD03453,2025-09-27,CUST1903,PROD003,2,0.09,Credit Card,7361,9347.29,17012.07,2290.07
ORD03454,2025-02-12,CUST0912,PROD081,1,0.0,Credit Card,2375,3544.19,3544.19,1169.19
ORD03455,2023-09-01,CUST0717,PROD059,4,0.28,Debit Card,42048,57922.63,166817.17,-1374.83
ORD03456,2024-04-18,CUST1100,PROD074,1,0.09,Cash on Delivery,36254,47892.53,43582.2,7328.2
ORD03457,2024-01-17,CUST1490,PROD001,3,0.23,Cash on Delivery,19397,30145.9,69637.03,11446.03
ORD03458,2024-05-03,CUST0285,PROD028,3,0.14,Credit Card,24730,34540.18,89113.66,14923.66
ORD03459,2025-11-26,CUST0722,PROD059,4,0.04,Debit Card,42048,61444.42,235946.57,67754.57
ORD03460,2024-02-01,CUST0386,PROD053,5,0.2,Credit Card,45509,64468.07,257872.28,30327.28
ORD03461,2023-10-23,CUST0950,PROD010,1,0.07,Debit Card,38184,54970.12,51122.21,12938.21
ORD03462,2023-04-17,CUST0770,PROD071,4,0.09,Debit Card,43519,60177.08,219044.57,44968.57
ORD03463,2025-05-09,CUST1283,PROD003,2,0.01,Cash on Delivery,7361,10232.15,20259.66,5537.66
ORD03464,2025-08-11,CUST1501,PROD007,2,0.0,Credit Card,3479,5334.96,10669.92,3711.92
ORD03465,2024-06-13,CUST1720,PROD009,5,0.15,Credit Card,7565,9730.07,41352.8,3527.8
ORD03466,2025-07-22,CUST0840,PROD099,3,0.02,Credit Card,42208,62525.67,183825.47,57201.47
ORD03467,2023-10-15,CUST0011,PROD090,4,0.06,Credit Card,39865,50662.79,190492.09,31032.09
ORD03468,2024-12-06,CUST0972,PROD069,1,0.28,Credit Card,21682,25624.4,18449.57,-3232.43
ORD03469,2023-08-03,CUST0672,PROD013,4,0.02,Credit Card,24204,37672.47,147676.08,50860.08
ORD03470,2025-01-01,CUST0260,PROD094,5,0.09,UPI,11294,15075.21,68592.21,12122.21
ORD03471,2023-12-10,CUST0393,PROD040,4,0.22,Credit Card,34631,50472.38,157473.83,18949.83
ORD03472,2023-07-13,CUST0600,PROD062,5,0.27,UPI,42867,63916.8,233296.32,18961.32
ORD03473,2023-06-07,CUST1393,PROD062,5,0.01,UPI,42867,64671.5,320123.92,105788.92
ORD03474,2024-04-09,CUST1208,PROD010,5,0.06,UPI,38184,47800.46,224662.16,33742.16
ORD03475,2023-04-14,CUST1040,PROD087,4,0.12,Credit Card,1853,2677.68,9425.43,2013.43
ORD03476,2023-02-03,CUST0756,PROD011,2,0.11,Debit Card,23684,35339.13,62903.65,15535.65
ORD03477,2024-09-30,CUST1530,PROD076,1,0.09,Cash on Delivery,19739,23763.86,21625.11,1886.11
ORD03478,2023-11-21,CUST1110,PROD062,5,0.07,Debit Card,42867,52022.83,241906.16,27571.16
ORD03479,2024-11-21,CUST0711,PROD077,3,0.08,Debit Card,10916,14340.95,39581.02,6833.02
ORD03480,2024-08-14,CUST1034,PROD056,5,0.04,Credit Card,6756,8686.54,41695.39,7915.39
ORD03481,2023-05-21,CUST0477,PROD049,4,0.05,Debit Card,1602,2417.03,9184.71,2776.71
ORD03482,2024-04-18,CUST1188,PROD016,5,0.18,Debit Card,45432,65386.39,268084.2,40924.2
ORD03483,2025-11-20,CUST0024,PROD073,3,0.09,Credit Card,46032,63252.02,172678.01,34582.01
ORD03484,2025-06-02,CUST1600,PROD074,2,0.12,Credit Card,36254,43428.03,76433.33,3925.33
ORD03485,2023-03-04,CUST0312,PROD093,4,0.12,Cash on Delivery,48575,58321.83,205292.84,10992.84
ORD03486,2023-10-31,CUST1262,PROD009,4,0.03,Cash on Delivery,7565,10459.8,40584.02,10324.02
ORD03487,2025-12-20,CUST0462,PROD033,4,0.25,UPI,8919,13800.32,41400.96,5724.96
ORD03488,2024-01-31,CUST1486,PROD088,3,0.29,Cash on Delivery,27486,41195.55,87746.52,5288.52
ORD03489,2023-11-30,CUST1881,PROD035,4,0.08,Credit Card,34337,53109.24,195442.0,58094.0
ORD03490,2025-02-24,CUST1262,PROD075,2,0.09,Debit Card,900,1263.88,2300.26,500.26
ORD03491,2024-02-15,CUST0022,PROD039,1,0.21,Credit Card,46187,57716.18,45595.78,-591.22
ORD03492,2023-10-11,CUST0180,PROD077,1,0.02,Credit Card,10916,12709.64,12455.45,1539.45
ORD03493,2024-04-10,CUST1842,PROD087,5,0.27,Debit Card,1853,2915.0,10639.75,1374.75
ORD03494,2023-03-21,CUST1583,PROD025,1,0.04,Cash on Delivery,31820,43397.79,41661.88,9841.88
ORD03495,2025-02-22,CUST0791,PROD080,3,0.22,Debit Card,24906,38269.51,89550.65,14832.65
ORD03496,2025-01-02,CUST1760,PROD056,1,0.09,Credit Card,6756,9997.81,9098.01,2342.01
ORD03497,2023-03-18,CUST0730,PROD048,3,0.1,Cash on Delivery,7733,11788.77,31829.68,8630.68
ORD03498,2024-05-23,CUST1523,PROD085,3,0.04,Credit Card,21717,27033.19,77855.59,12704.59
ORD03499,2025-10-29,CUST1499,PROD010,5,0.19,Credit Card,38184,55586.33,225124.64,34204.64
ORD03500,2024-04-06,CUST0749,PROD041,1,0.24,Cash on Delivery,37776,55727.65,42353.01,4577.01
ORD03501,2023-09-02,CUST0716,PROD083,5,0.29,Debit Card,37036,51801.43,183895.08,-1284.92
ORD03502,2023-05-02,CUST0339,PROD099,4,0.1,UPI,42208,64403.23,231851.63,63019.63
ORD03503,2023-07-04,CUST0531,PROD059,2,0.19,Cash on Delivery,42048,67053.66,108626.93,24530.93
ORD03504,2023-02-01,CUST0692,PROD028,1,0.12,Credit Card,24730,28556.77,25129.96,399.96
ORD03505,2025-09-24,CUST0162,PROD041,4,0.17,Credit Card,37776,51176.95,169907.47,18803.47
ORD03506,2025-01-31,CUST1821,PROD066,4,0.05,Cash on Delivery,26705,39770.53,151128.01,44308.01
ORD03507,2024-07-22,CUST1085,PROD051,5,0.17,Credit Card,47215,69715.07,289317.54,53242.54
ORD03508,2023-11-06,CUST1109,PROD062,5,0.25,UPI,42867,58321.88,218707.05,4372.05
ORD03509,2025-04-09,CUST1571,PROD030,2,0.26,Cash on Delivery,27284,41716.41,61740.29,7172.29
ORD03510,2025-09-18,CUST0490,PROD040,2,0.15,Credit Card,34631,50345.52,85587.38,16325.38
ORD03511,2025-12-15,CUST0005,PROD040,2,0.07,UPI,34631,48371.24,89970.51,20708.51
ORD03512,2025-03-01,CUST0076,PROD069,2,0.25,Credit Card,21682,27596.83,41395.25,-1968.75
ORD03513,2024-04-08,CUST1277,PROD062,5,0.3,Cash on Delivery,42867,56383.16,197341.06,-16993.94
ORD03514,2024-11-08,CUST0007,PROD015,3,0.11,Debit Card,18761,29925.2,79900.28,23617.28
ORD03515,2025-09-05,CUST0681,PROD100,5,0.28,UPI,41593,64791.69,233250.08,25285.08
ORD03516,2024-10-31,CUST1666,PROD003,3,0.3,Cash on Delivery,7361,10769.45,22615.84,532.84
ORD03517,2024-11-28,CUST0473,PROD024,5,0.12,Cash on Delivery,37354,57394.72,252536.77,65766.77
ORD03518,2025-09-20,CUST1162,PROD041,5,0.21,Cash on Delivery,37776,45753.94,180728.06,-8151.94
ORD03519,2023-03-19,CUST1382,PROD063,2,0.17,Debit Card,48779,61969.3,102869.04,5311.04
ORD03520,2024-06-17,CUST0812,PROD048,3,0.22,Credit Card,7733,11973.16,28017.19,4818.19
ORD03521,2023-04-18,CUST0838,PROD061,4,0.05,Debit Card,13164,17927.89,68125.98,15469.98
ORD03522,2025-02-02,CUST0603,PROD048,4,0.11,Cash on Delivery,7733,10949.34,38979.65,8047.65
ORD03523,2023-01-15,CUST1187,PROD047,4,0.02,UPI,47956,74219.08,290938.79,99114.79
ORD03524,2024-01-05,CUST0318,PROD056,2,0.18,Credit Card,6756,8997.67,14756.18,1244.18
ORD03525,2023-07-24,CUST1482,PROD076,4,0.28,Debit Card,19739,26979.55,77701.1,-1254.9
ORD03526,2025-05-14,CUST1277,PROD008,5,0.17,UPI,24024,28840.32,119687.33,-432.67
ORD03527,2024-03-16,CUST1225,PROD078,2,0.02,Cash on Delivery,3912,6244.08,12238.4,4414.4
ORD03528,2025-05-08,CUST1556,PROD018,4,0.28,UPI,34967,55528.25,159921.36,20053.36
ORD03529,2023-08-15,CUST1765,PROD084,2,0.04,UPI,6252,8024.08,15406.23,2902.23
ORD03530,2024-06-11,CUST1699,PROD023,5,0.26,Cash on Delivery,14296,21924.55,81120.83,9640.83
ORD03531,2023-12-20,CUST1189,PROD069,2,0.21,Debit Card,21682,32125.79,50758.75,7394.75
ORD03532,2024-09-14,CUST0232,PROD065,4,0.19,Cash on Delivery,5346,6500.55,21061.78,-322.22
ORD03533,2025-10-21,CUST0328,PROD046,2,0.18,UPI,11014,12784.52,20966.61,-1061.39
ORD03534,2025-07-15,CUST0238,PROD066,1,0.04,Cash on Delivery,26705,30879.88,29644.68,2939.68
ORD03535,2023-06-10,CUST1144,PROD080,4,0.15,Credit Card,24906,29378.49,99886.87,262.87
ORD03536,2025-05-20,CUST0950,PROD069,5,0.06,Credit Card,21682,31055.7,145961.79,37551.79
ORD03537,2024-03-19,CUST1887,PROD022,3,0.17,UPI,46697,64043.84,159469.16,19378.16
ORD03538,2024-04-07,CUST0895,PROD065,2,0.13,Cash on Delivery,5346,8545.79,14869.67,4177.67
ORD03539,2025-11-19,CUST1905,PROD012,2,0.2,UPI,33865,43311.37,69298.19,1568.19
ORD03540,2024-04-17,CUST0619,PROD019,4,0.29,Cash on Delivery,26105,38545.73,109469.87,5049.87
ORD03541,2024-07-10,CUST0250,PROD022,4,0.11,Credit Card,46697,61835.97,220136.05,33348.05
ORD03542,2023-03-21,CUST1360,PROD055,1,0.19,Credit Card,44065,52624.36,42625.73,-1439.27
ORD03543,2025-11-28,CUST1308,PROD062,5,0.26,UPI,42867,66217.32,245004.08,30669.08
ORD03544,2023-08-28,CUST0198,PROD051,2,0.03,Credit Card,47215,62795.99,121824.22,27394.22
ORD03545,2024-07-10,CUST0416,PROD048,2,0.24,UPI,7733,12083.69,18367.21,2901.21
ORD03546,2024-08-12,CUST0732,PROD017,3,0.07,Debit Card,28919,45449.6,126804.38,40047.38
ORD03547,2023-09-26,CUST1419,PROD013,2,0.16,UPI,24204,36767.45,61769.32,13361.32
ORD03548,2023-12-01,CUST0938,PROD028,2,0.3,Cash on Delivery,24730,28747.52,40246.53,-9213.47
ORD03549,2023-11-08,CUST1175,PROD067,1,0.3,Cash on Delivery,26070,41313.44,28919.41,2849.41
ORD03550,2025-12-12,CUST1822,PROD005,3,0.09,Cash on Delivery,14250,17183.7,46911.5,4161.5
ORD03551,2025-12-27,CUST1289,PROD100,2,0.04,UPI,41593,65263.13,125305.21,42119.21
ORD03552,2024-11-24,CUST1244,PROD060,2,0.28,Debit Card,7054,10037.45,14453.93,345.93
ORD03553,2023-02-03,CUST1240,PROD015,5,0.27,UPI,18761,24761.84,90380.72,-3424.28
ORD03554,2024-01-21,CUST1339,PROD081,2,0.18,UPI,2375,3502.16,5743.54,993.54
ORD03555,2023-09-06,CUST1692,PROD044,1,0.01,Debit Card,31606,43555.83,43120.27,11514.27
ORD03556,2025-12-06,CUST0216,PROD046,2,0.23,Credit Card,11014,16603.79,25569.84,3541.84
ORD03557,2025-03-04,CUST1359,PROD029,2,0.05,Credit Card,23495,32451.26,61657.39,14667.39
ORD03558,2025-05-01,CUST1383,PROD068,4,0.28,Credit Card,30755,40473.86,116564.72,-6455.28
ORD03559,2025-05-23,CUST1650,PROD096,2,0.13,Credit Card,16906,22187.08,38605.52,4793.52
ORD03560,2024-01-11,CUST1185,PROD049,3,0.18,Credit Card,1602,2097.58,5160.05,354.05
ORD03561,2024-12-24,CUST0815,PROD043,4,0.08,Debit Card,1019,1388.7,5110.42,1034.42
ORD03562,2023-07-21,CUST0610,PROD068,3,0.14,Debit Card,30755,36892.34,95182.24,2917.24
ORD03563,2024-03-20,CUST0511,PROD077,3,0.23,UPI,10916,15803.83,36506.85,3758.85
ORD03564,2023-10-24,CUST0918,PROD020,1,0.15,Credit Card,29671,38679.65,32877.7,3206.7
ORD03565,2024-05-07,CUST0157,PROD018,2,0.25,Cash on Delivery,34967,49048.01,73572.02,3638.02
ORD03566,2023-12-04,CUST0162,PROD064,3,0.21,Debit Card,24886,34515.21,81801.05,7143.05
ORD03567,2025-07-11,CUST0042,PROD049,2,0.02,Debit Card,1602,2460.2,4821.99,1617.99
ORD03568,2025-12-25,CUST1204,PROD042,2,0.18,Credit Card,35023,53857.0,88325.48,18279.48
ORD03569,2025-03-02,CUST0303,PROD012,1,0.18,Cash on Delivery,33865,54019.14,44295.69,10430.69
ORD03570,2025-08-19,CUST1354,PROD089,1,0.11,Cash on Delivery,21871,27529.23,24501.01,2630.01
ORD03571,2023-11-13,CUST1587,PROD094,3,0.1,Debit Card,11294,13163.22,35540.69,1658.69
ORD03572,2025-07-30,CUST1014,PROD079,3,0.02,UPI,16940,22720.06,66796.98,15976.98
ORD03573,2024-09-17,CUST0764,PROD036,4,0.13,Cash on Delivery,5763,8952.74,31155.54,8103.54
ORD03574,2023-03-16,CUST1453,PROD008,2,0.1,UPI,24024,34116.8,61410.24,13362.24
ORD03575,2025-07-27,CUST1374,PROD028,2,0.29,Credit Card,24730,32596.27,46286.7,-3173.3
ORD03576,2023-02-28,CUST0120,PROD086,1,0.2,Credit Card,12989,19450.45,15560.36,2571.36
ORD03577,2024-01-21,CUST1099,PROD060,1,0.14,Credit Card,7054,10373.3,8921.04,1867.04
ORD03578,2023-01-15,CUST0674,PROD049,3,0.23,UPI,1602,2356.71,5444.0,638.0
ORD03579,2023-07-18,CUST0661,PROD038,4,0.23,Debit Card,41219,56946.62,175395.59,10519.59
ORD03580,2023-02-04,CUST0123,PROD080,4,0.14,UPI,24906,34587.37,118980.55,19356.55
ORD03581,2023-06-11,CUST0653,PROD058,1,0.02,Credit Card,29901,41865.0,41027.7,11126.7
ORD03582,2025-09-08,CUST1206,PROD005,1,0.23,Cash on Delivery,14250,19931.21,15347.03,1097.03
ORD03583,2025-03-09,CUST0921,PROD046,4,0.03,Debit Card,11014,13688.66,53112.0,9056.0
ORD03584,2025-06-13,CUST1014,PROD098,4,0.25,UPI,27372,34505.24,103515.72,-5972.28
ORD03585,2024-04-15,CUST1914,PROD075,3,0.1,Cash on Delivery,900,1186.48,3203.5,503.5
ORD03586,2024-06-14,CUST0789,PROD002,4,0.19,Cash on Delivery,8668,13305.04,43108.33,8436.33
ORD03587,2025-03-02,CUST0257,PROD089,2,0.22,Credit Card,21871,29702.49,46335.88,2593.88
ORD03588,2025-05-01,CUST1978,PROD025,4,0.01,Credit Card,31820,49856.96,197433.56,70153.56
ORD03589,2023-12-14,CUST1861,PROD001,5,0.12,Cash on Delivery,19397,29231.73,128619.61,31634.61
ORD03590,2024-11-24,CUST0757,PROD095,4,0.18,Debit Card,3434,5280.38,17319.65,3583.65
ORD03591,2025-07-23,CUST0598,PROD069,1,0.25,UPI,21682,26243.17,19682.38,-1999.62
ORD03592,2025-07-01,CUST1607,PROD040,1,0.22,Debit Card,34631,42144.33,32872.58,-1758.42
ORD03593,2023-05-27,CUST1293,PROD068,5,0.27,Debit Card,30755,38643.1,141047.32,-12727.68
ORD03594,2024-11-05,CUST1517,PROD069,2,0.02,UPI,21682,31399.43,61542.88,18178.88
ORD03595,2024-11-17,CUST1204,PROD069,4,0.02,UPI,21682,29581.38,115959.01,29231.01
ORD03596,2025-08-17,CUST0791,PROD016,4,0.21,UPI,45432,55718.53,176070.55,-5657.45
ORD03597,2024-11-16,CUST1173,PROD054,5,0.12,Debit Card,39049,58011.28,255249.63,60004.63
ORD03598,2023-05-01,CUST1542,PROD063,3,0.14,Debit Card,48779,67454.72,174033.18,27696.18
ORD03599,2024-02-23,CUST1172,PROD018,3,0.18,UPI,34967,51714.39,127217.4,22316.4
ORD03600,2023-12-16,CUST1868,PROD017,2,0.3,Cash on Delivery,28919,45092.31,63129.23,5291.23
ORD03601,2023-02-11,CUST0680,PROD099,4,0.02,Cash on Delivery,42208,65913.56,258381.16,89549.16
ORD03602,2023-01-29,CUST1033,PROD082,4,0.03,UPI,37566,48291.2,187369.86,37105.86
ORD03603,2025-08-23,CUST1202,PROD004,4,0.25,Debit Card,42258,51611.42,154834.26,-14197.74
ORD03604,2025-02-23,CUST0796,PROD095,1,0.01,UPI,3434,4619.49,4573.3,1139.3
ORD03605,2023-01-14,CUST1419,PROD095,3,0.14,Credit Card,3434,4078.72,10523.1,221.1
ORD03606,2025-07-08,CUST1652,PROD009,5,0.23,Cash on Delivery,7565,8849.43,34070.31,-3754.69
ORD03607,2025-03-28,CUST0608,PROD031,1,0.06,Cash on Delivery,15105,24019.24,22578.09,7473.09
ORD03608,2025-04-04,CUST0331,PROD005,1,0.06,Cash on Delivery,14250,22619.32,21262.16,7012.16
ORD03609,2025-05-21,CUST1880,PROD100,3,0.09,UPI,41593,54416.17,148556.14,23777.14
ORD03610,2023-10-22,CUST0056,PROD016,4,0.05,Credit Card,45432,69021.93,262283.33,80555.33
ORD03611,2025-05-13,CUST1231,PROD042,2,0.2,Cash on Delivery,35023,43797.72,70076.35,30.35
ORD03612,2024-07-01,CUST0105,PROD041,5,0.06,Credit Card,37776,50536.04,237519.39,48639.39
ORD03613,2025-11-26,CUST0547,PROD080,3,0.07,Debit Card,24906,36783.73,102626.61,27908.61
ORD03614,2025-10-04,CUST1745,PROD084,2,0.17,Debit Card,6252,8738.7,14506.24,2002.24
ORD03615,2025-11-03,CUST0793,PROD030,3,0.29,Cash on Delivery,27284,41458.12,88305.8,6453.8
ORD03616,2024-09-26,CUST1905,PROD026,3,0.27,Debit Card,1165,1853.54,4059.25,564.25
ORD03617,2024-08-17,CUST1379,PROD049,3,0.26,UPI,1602,1848.8,4104.34,-701.66
ORD03618,2024-09-05,CUST1683,PROD031,3,0.16,Debit Card,15105,23654.95,59610.47,14295.47
ORD03619,2025-11-11,CUST0489,PROD050,4,0.09,UPI,1097,1465.65,5334.97,946.97
ORD03620,2024-04-09,CUST1823,PROD015,1,0.21,Debit Card,18761,25019.24,19765.2,1004.2
ORD03621,2025-08-12,CUST1617,PROD052,3,0.12,Credit Card,20157,23186.53,61212.44,741.44
ORD03622,2025-07-18,CUST1527,PROD038,2,0.23,Debit Card,41219,62877.83,96831.86,14393.86
ORD03623,2025-03-09,CUST1074,PROD038,2,0.0,Credit Card,41219,61479.99,122959.98,40521.98
ORD03624,2024-01-30,CUST1111,PROD060,2,0.16,UPI,7054,10949.96,18395.93,4287.93
ORD03625,2023-09-03,CUST1727,PROD020,1,0.1,Debit Card,29671,36356.24,32720.62,3049.62
ORD03626,2024-07-21,CUST0303,PROD099,1,0.07,Debit Card,42208,52624.96,48941.21,6733.21
ORD03627,2023-02-07,CUST1025,PROD087,2,0.2,Credit Card,1853,2384.05,3814.48,108.48
ORD03628,2023-09-02,CUST1405,PROD044,4,0.2,Debit Card,31606,43887.87,140441.18,14017.18
ORD03629,2023-01-21,CUST1978,PROD089,1,0.01,UPI,21871,28548.27,28262.79,6391.79
ORD03630,2024-01-29,CUST0650,PROD063,1,0.28,Credit Card,48779,62675.01,45126.01,-3652.99
ORD03631,2025-09-13,CUST0648,PROD050,4,0.11,UPI,1097,1351.74,4812.19,424.19
ORD03632,2023-01-08,CUST1386,PROD022,3,0.28,Cash on Delivery,46697,57046.94,123221.39,-16869.61
ORD03633,2023-11-24,CUST0381,PROD072,1,0.18,UPI,16543,22545.18,18487.05,1944.05
ORD03634,2023-10-17,CUST1690,PROD054,2,0.2,Credit Card,39049,52741.73,84386.77,6288.77
ORD03635,2024-05-25,CUST0162,PROD009,2,0.29,UPI,7565,11372.53,16148.99,1018.99
ORD03636,2025-06-30,CUST0019,PROD015,4,0.25,Debit Card,18761,28530.27,85590.81,10546.81
ORD03637,2023-12-27,CUST0974,PROD048,2,0.04,UPI,7733,11330.98,21755.48,6289.48
ORD03638,2024-12-16,CUST1864,PROD020,5,0.0,Debit Card,29671,45219.83,226099.15,77744.15
ORD03639,2023-08-07,CUST0243,PROD035,2,0.09,Credit Card,34337,41169.49,74928.47,6254.47
ORD03640,2024-02-10,CUST0129,PROD067,4,0.15,Debit Card,26070,35350.71,120192.41,15912.41
ORD03641,2025-01-22,CUST1200,PROD060,4,0.22,UPI,7054,9021.39,28146.74,-69.26
ORD03642,2025-07-11,CUST0409,PROD098,4,0.2,Cash on Delivery,27372,34579.29,110653.73,1165.73
ORD03643,2025-04-11,CUST0792,PROD034,5,0.09,Debit Card,48452,71258.97,324228.31,81968.31
ORD03644,2025-03-04,CUST0943,PROD100,1,0.16,Cash on Delivery,41593,63389.93,53247.54,11654.54
ORD03645,2024-08-17,CUST1108,PROD099,3,0.2,Cash on Delivery,42208,50718.47,121724.33,-4899.67
ORD03646,2023-04-17,CUST1400,PROD073,2,0.15,Cash on Delivery,46032,55507.44,94362.65,2298.65
ORD03647,2024-08-03,CUST0222,PROD094,1,0.21,Cash on Delivery,11294,16237.74,12827.81,1533.81
ORD03648,2024-08-31,CUST1349,PROD054,4,0.15,UPI,39049,47441.98,161302.73,5106.73
ORD03649,2023-01-08,CUST1475,PROD090,1,0.16,Debit Card,39865,59629.0,50088.36,10223.36
ORD03650,2025-03-16,CUST1440,PROD012,1,0.28,Credit Card,33865,51573.44,37132.88,3267.88
ORD03651,2023-07-08,CUST1681,PROD088,5,0.12,Credit Card,27486,38075.8,167533.52,30103.52
ORD03652,2023-03-22,CUST0445,PROD019,4,0.23,Debit Card,26105,40691.98,125331.3,20911.3
ORD03653,2023-04-18,CUST0618,PROD080,4,0.1,Credit Card,24906,28869.99,103931.96,4307.96
ORD03654,2024-11-16,CUST1349,PROD026,2,0.1,Debit Card,1165,1458.45,2625.21,295.21
ORD03655,2023-12-12,CUST0523,PROD023,2,0.28,UPI,14296,21412.87,30834.53,2242.53
ORD03656,2023-11-24,CUST0166,PROD033,2,0.21,Debit Card,8919,14099.02,22276.45,4438.45
ORD03657,2024-07-08,CUST0708,PROD057,2,0.28,UPI,43648,69062.52,99450.03,12154.03
ORD03658,2023-10-29,CUST0743,PROD030,1,0.3,Debit Card,27284,31381.49,21967.04,-5316.96
ORD03659,2023-07-19,CUST1683,PROD023,1,0.0,Cash on Delivery,14296,20505.3,20505.3,6209.3
ORD03660,2025-06-11,CUST1895,PROD074,2,0.29,Cash on Delivery,36254,42137.95,59835.89,-12672.11
ORD03661,2025-11-28,CUST1262,PROD036,2,0.03,UPI,5763,8443.64,16380.66,4854.66
ORD03662,2023-11-03,CUST1009,PROD095,2,0.02,Credit Card,3434,5135.95,10066.46,3198.46
ORD03663,2025-10-24,CUST0913,PROD086,3,0.23,Cash on Delivery,12989,19950.43,46085.49,7118.49
ORD03664,2024-04-12,CUST1037,PROD043,2,0.11,Debit Card,1019,1414.63,2518.04,480.04
ORD03665,2023-06-28,CUST1755,PROD066,3,0.28,Credit Card,26705,40926.76,88401.8,8286.8
ORD03666,2024-10-06,CUST1281,PROD053,2,0.16,Credit Card,45509,71254.79,119708.05,28690.05
ORD03667,2023-10-03,CUST1538,PROD087,4,0.12,UPI,1853,2575.58,9066.04,1654.04
ORD03668,2024-09-12,CUST1234,PROD099,5,0.02,Credit Card,42208,58494.03,286620.75,75580.75
ORD03669,2024-09-29,CUST1508,PROD060,1,0.14,UPI,7054,9717.84,8357.34,1303.34
ORD03670,2025-07-18,CUST0365,PROD037,4,0.08,Cash on Delivery,49377,67996.39,250226.72,52718.72
ORD03671,2023-07-02,CUST0225,PROD061,5,0.02,Cash on Delivery,13164,19726.79,96661.27,30841.27
ORD03672,2023-03-13,CUST0996,PROD096,3,0.2,Credit Card,16906,19954.13,47889.91,-2828.09
ORD03673,2024-12-19,CUST0194,PROD053,1,0.29,Credit Card,45509,61601.93,43737.37,-1771.63
ORD03674,2024-12-26,CUST1220,PROD012,3,0.11,Debit Card,33865,46929.91,125302.86,23707.86
ORD03675,2023-09-26,CUST1424,PROD035,3,0.09,Debit Card,34337,42801.25,116847.41,13836.41
ORD03676,2025-11-09,CUST1796,PROD067,1,0.03,UPI,26070,36330.48,35240.57,9170.57
ORD03677,2024-07-31,CUST0057,PROD098,5,0.07,Credit Card,27372,37090.34,172470.08,35610.08
ORD03678,2025-09-21,CUST1993,PROD038,1,0.09,Credit Card,41219,61082.94,55585.48,14366.48
ORD03679,2025-03-25,CUST1649,PROD024,2,0.1,Debit Card,37354,48895.73,88012.31,13304.31
ORD03680,2023-05-27,CUST0213,PROD081,3,0.19,UPI,2375,3746.32,9103.56,1978.56
ORD03681,2025-06-08,CUST1303,PROD040,2,0.03,Debit Card,34631,46273.2,89770.01,20508.01
ORD03682,2023-11-06,CUST1780,PROD065,1,0.02,Credit Card,5346,7665.64,7512.33,2166.33
ORD03683,2024-06-01,CUST1404,PROD057,1,0.28,UPI,43648,54549.34,39275.52,-4372.48
ORD03684,2023-01-14,CUST0117,PROD072,5,0.24,Cash on Delivery,16543,24151.05,91773.99,9058.99
ORD03685,2023-05-12,CUST1922,PROD079,3,0.08,Credit Card,16940,23398.1,64578.76,13758.76
ORD03686,2025-01-24,CUST1475,PROD045,4,0.19,Debit Card,45004,58685.5,190141.02,10125.02
ORD03687,2024-03-14,CUST0599,PROD089,1,0.18,UPI,21871,28575.77,23432.13,1561.13
ORD03688,2025-01-12,CUST0410,PROD072,4,0.22,Debit Card,16543,21819.46,68076.72,1904.72
ORD03689,2025-01-09,CUST1917,PROD096,3,0.26,Cash on Delivery,16906,22769.91,50549.2,-168.8
ORD03690,2025-03-05,CUST1391,PROD013,2,0.11,Credit Card,24204,30531.94,54346.85,5938.85
ORD03691,2023-09-20,CUST1799,PROD079,3,0.2,Credit Card,16940,21595.63,51829.51,1009.51
ORD03692,2024-10-04,CUST0812,PROD006,5,0.24,Debit Card,17488,27653.13,105081.89,17641.89
ORD03693,2023-09-15,CUST0929,PROD097,4,0.21,Credit Card,10894,14004.98,44255.74,679.74
ORD03694,2024-02-13,CUST1137,PROD071,4,0.28,Debit Card,43519,62323.94,179492.95,5416.95
ORD03695,2025-09-01,CUST1984,PROD097,2,0.15,Debit Card,10894,14221.06,24175.8,2387.8
ORD03696,2025-11-13,CUST1188,PROD047,2,0.24,UPI,47956,72647.48,110424.17,14512.17
ORD03697,2023-09-28,CUST0004,PROD093,1,0.27,Cash on Delivery,48575,71073.76,51883.84,3308.84
ORD03698,2023-05-22,CUST1654,PROD044,3,0.17,Credit Card,31606,41015.18,102127.8,7309.8
ORD03699,2025-06-20,CUST0023,PROD032,5,0.01,Credit Card,17963,26450.17,130928.34,41113.34
ORD03700,2025-08-31,CUST0921,PROD003,1,0.25,Debit Card,7361,10971.83,8228.87,867.87
ORD03701,2023-10-01,CUST0745,PROD054,3,0.25,Cash on Delivery,39049,47336.42,106506.94,-10640.06
ORD03702,2023-10-03,CUST0602,PROD084,2,0.12,UPI,6252,8816.36,15516.79,3012.79
ORD03703,2024-04-09,CUST0988,PROD078,5,0.07,Debit Card,3912,5920.78,27531.63,7971.63
ORD03704,2025-11-28,CUST1791,PROD092,2,0.29,Cash on Delivery,4811,5641.65,8011.14,-1610.86
ORD03705,2023-10-15,CUST1116,PROD038,2,0.17,Credit Card,41219,56822.04,94324.59,11886.59
ORD03706,2025-05-25,CUST0469,PROD004,4,0.15,UPI,42258,64567.08,219528.07,50496.07
ORD03707,2025-05-27,CUST0970,PROD079,3,0.28,UPI,16940,26743.91,57766.85,6946.85
ORD03708,2023-06-29,CUST1179,PROD017,1,0.12,Debit Card,28919,41793.55,36778.32,7859.32
ORD03709,2024-03-22,CUST1843,PROD037,4,0.25,Debit Card,49377,64067.27,192201.81,-5306.19
ORD03710,2025-02-23,CUST0627,PROD088,3,0.21,UPI,27486,39090.03,92643.37,10185.37
ORD03711,2024-07-14,CUST0207,PROD036,3,0.29,Credit Card,5763,6698.41,14267.61,-3021.39
ORD03712,2024-04-28,CUST1014,PROD058,3,0.13,Credit Card,29901,40519.97,105757.12,16054.12
ORD03713,2025-04-28,CUST0081,PROD041,5,0.27,UPI,37776,55806.38,203693.29,14813.29
ORD03714,2024-12-22,CUST0615,PROD008,4,0.17,Debit Card,24024,28019.03,93023.18,-3072.82
ORD03715,2023-04-26,CUST0483,PROD067,1,0.14,Debit Card,26070,37057.33,31869.3,5799.3
ORD03716,2024-06-18,CUST1989,PROD030,4,0.09,Credit Card,27284,38599.9,140503.64,31367.64
ORD03717,2024-02-11,CUST0592,PROD086,2,0.17,Cash on Delivery,12989,16045.99,26636.34,658.34
ORD03718,2024-11-24,CUST1431,PROD052,3,0.17,Cash on Delivery,20157,28343.77,70575.99,10104.99
ORD03719,2024-05-09,CUST1127,PROD097,2,0.27,Cash on Delivery,10894,14535.35,21221.61,-566.39
ORD03720,2025-08-05,CUST1264,PROD025,4,0.21,Credit Card,31820,43449.35,137299.95,10019.95
ORD03721,2023-01-23,CUST1289,PROD052,1,0.25,UPI,20157,26132.2,19599.15,-557.85
ORD03722,2024-07-11,CUST0033,PROD059,2,0.23,Cash on Delivery,42048,63688.22,98079.86,13983.86
ORD03723,2025-07-29,CUST0035,PROD030,2,0.08,Credit Card,27284,35866.01,65993.46,11425.46
ORD03724,2025-05-04,CUST1273,PROD067,5,0.06,Credit Card,26070,39257.89,184512.08,54162.08
ORD03725,2025-11-04,CUST1000,PROD004,4,0.08,Debit Card,42258,50052.82,184194.38,15162.38
ORD03726,2025-06-09,CUST1074,PROD093,2,0.04,Debit Card,48575,61950.63,118945.21,21795.21
ORD03727,2023-03-19,CUST0280,PROD057,4,0.12,Credit Card,43648,58104.28,204527.07,29935.07
ORD03728,2025-03-17,CUST1778,PROD063,1,0.2,Debit Card,48779,64976.6,51981.28,3202.28
ORD03729,2025-11-07,CUST0152,PROD032,2,0.16,Debit Card,17963,24224.59,40697.31,4771.31
ORD03730,2025-02-06,CUST1683,PROD087,1,0.2,Debit Card,1853,2674.95,2139.96,286.96
ORD03731,2024-03-29,CUST1575,PROD083,2,0.11,Credit Card,37036,52158.71,92842.5,18770.5
ORD03732,2025-07-16,CUST0701,PROD079,3,0.06,Cash on Delivery,16940,23452.95,66137.32,15317.32
ORD03733,2023-10-04,CUST1561,PROD051,5,0.06,Debit Card,47215,72095.07,338846.83,102771.83
ORD03734,2025-11-16,CUST1780,PROD063,5,0.18,Credit Card,48779,60401.82,247647.46,3752.46
ORD03735,2024-05-28,CUST0735,PROD080,5,0.05,Credit Card,24906,38283.2,181845.2,57315.2
ORD03736,2024-04-08,CUST1019,PROD087,1,0.12,UPI,1853,2807.56,2470.65,617.65
ORD03737,2025-03-17,CUST1254,PROD001,4,0.06,UPI,19397,24014.7,90295.27,12707.27
ORD03738,2025-04-03,CUST0665,PROD019,5,0.2,Cash on Delivery,26105,37351.78,149407.12,18882.12
ORD03739,2023-12-29,CUST0923,PROD035,2,0.18,UPI,34337,42937.56,70417.6,1743.6
ORD03740,2025-01-20,CUST1312,PROD063,2,0.11,Credit Card,48779,76791.28,136688.48,39130.48
ORD03741,2024-06-08,CUST1419,PROD094,3,0.04,UPI,11294,15493.42,44621.05,10739.05
ORD03742,2023-02-25,CUST0453,PROD081,1,0.06,Debit Card,2375,2948.98,2772.04,397.04
ORD03743,2024-05-03,CUST0620,PROD026,2,0.14,UPI,1165,1673.23,2877.96,547.96
ORD03744,2025-11-17,CUST1057,PROD013,2,0.29,Credit Card,24204,35537.38,50463.08,2055.08
ORD03745,2024-12-22,CUST1939,PROD086,3,0.08,Cash on Delivery,12989,18473.43,50986.67,12019.67
ORD03746,2023-02-10,CUST1387,PROD023,3,0.06,Cash on Delivery,14296,17995.22,50746.52,7858.52
ORD03747,2025-09-30,CUST1135,PROD097,4,0.07,Cash on Delivery,10894,16132.34,60012.3,16436.3
ORD03748,2023-09-17,CUST1145,PROD091,4,0.21,Cash on Delivery,15191,23824.09,75284.12,14520.12
ORD03749,2024-03-16,CUST0016,PROD035,4,0.27,Debit Card,34337,54199.6,158262.83,20914.83
ORD03750,2025-07-14,CUST0739,PROD012,2,0.02,Debit Card,33865,49299.51,96627.04,28897.04
ORD03751,2025-05-05,CUST1547,PROD009,3,0.22,Debit Card,7565,11560.15,27050.75,4355.75
ORD03752,2023-03-25,CUST0715,PROD098,1,0.15,UPI,27372,43532.0,37002.2,9630.2
ORD03753,2023-02-15,CUST0714,PROD078,4,0.25,UPI,3912,4575.17,13725.51,-1922.49
ORD03754,2024-03-15,CUST0098,PROD067,5,0.13,UPI,26070,35576.31,154756.95,24406.95
ORD03755,2025-09-12,CUST0116,PROD044,2,0.0,Cash on Delivery,31606,40491.51,80983.02,17771.02
ORD03756,2023-05-16,CUST0965,PROD061,1,0.2,Cash on Delivery,13164,17951.14,14360.91,1196.91
ORD03757,2025-06-27,CUST1495,PROD021,2,0.24,UPI,22664,35415.06,53830.89,8502.89
ORD03758,2025-05-10,CUST1463,PROD007,4,0.27,Debit Card,3479,5540.39,16177.94,2261.94
ORD03759,2025-02-26,CUST1305,PROD097,2,0.17,Credit Card,10894,16964.31,28160.75,6372.75
ORD03760,2024-08-12,CUST0349,PROD099,4,0.04,UPI,42208,52283.17,200767.37,31935.37
ORD03761,2025-08-13,CUST0232,PROD011,2,0.11,Credit Card,23684,35793.37,63712.2,16344.2
ORD03762,2024-11-20,CUST1997,PROD045,4,0.24,Debit Card,45004,68313.62,207673.4,27657.4
ORD03763,2024-06-22,CUST1135,PROD032,3,0.15,Credit Card,17963,25340.77,64618.96,10729.96
ORD03764,2024-12-08,CUST1376,PROD086,3,0.21,Cash on Delivery,12989,19115.93,45304.75,6337.75
ORD03765,2023-10-22,CUST1954,PROD083,3,0.0,Credit Card,37036,57680.27,173040.81,61932.81
ORD03766,2023-02-22,CUST1036,PROD036,3,0.02,UPI,5763,9205.67,27064.67,9775.67
ORD03767,2025-03-16,CUST0984,PROD037,3,0.2,UPI,49377,57673.88,138417.31,-9713.69
ORD03768,2023-02-21,CUST1512,PROD075,5,0.09,Debit Card,900,1139.15,5183.13,683.13
ORD03769,2024-12-28,CUST1557,PROD041,2,0.12,UPI,37776,59329.45,104419.83,28867.83
ORD03770,2023-03-13,CUST0639,PROD077,3,0.19,Credit Card,10916,14170.25,34433.71,1685.71
ORD03771,2023-01-28,CUST0285,PROD092,5,0.03,Cash on Delivery,4811,5763.19,27951.47,3896.47
ORD03772,2024-04-13,CUST1971,PROD049,5,0.25,Credit Card,1602,2068.13,7755.49,-254.51
ORD03773,2025-02-02,CUST1657,PROD015,2,0.04,Credit Card,18761,25952.52,49828.84,12306.84
ORD03774,2025-06-04,CUST0636,PROD013,2,0.22,Credit Card,24204,32039.83,49982.13,1574.13
ORD03775,2025-06-30,CUST1943,PROD053,4,0.09,UPI,45509,68479.05,249263.74,67227.74
ORD03776,2024-06-30,CUST0545,PROD033,4,0.08,Debit Card,8919,12709.27,46770.11,11094.11
ORD03777,2023-07-20,CUST0392,PROD072,3,0.25,UPI,16543,22262.03,50089.57,460.57
ORD03778,2025-03-30,CUST1194,PROD032,1,0.17,Credit Card,17963,28718.66,23836.49,5873.49
ORD03779,2024-07-13,CUST0077,PROD048,4,0.06,Debit Card,7733,11975.88,45029.31,14097.31
ORD03780,2024-01-14,CUST1989,PROD068,1,0.0,Debit Card,30755,47301.67,47301.67,16546.67
ORD03781,2025-12-11,CUST0297,PROD057,4,0.29,Credit Card,43648,61336.96,174196.97,-395.03
ORD03782,2023-03-20,CUST0330,PROD062,5,0.13,Credit Card,42867,64341.93,279887.4,65552.4
ORD03783,2025-04-13,CUST1087,PROD082,5,0.12,UPI,37566,48878.94,215067.34,27237.34
ORD03784,2025-10-28,CUST0270,PROD087,5,0.02,Debit Card,1853,2406.0,11789.4,2524.4
ORD03785,2023-01-25,CUST0216,PROD093,1,0.27,Cash on Delivery,48575,75360.42,55013.11,6438.11
ORD03786,2024-03-25,CUST1214,PROD002,3,0.04,Debit Card,8668,12296.21,35413.08,9409.08
ORD03787,2025-02-06,CUST1099,PROD077,4,0.1,UPI,10916,14241.17,51268.21,7604.21
ORD03788,2025-01-24,CUST1710,PROD016,4,0.13,Credit Card,45432,69528.92,241960.64,60232.64
ORD03789,2023-07-17,CUST0510,PROD008,1,0.24,Debit Card,24024,32411.96,24633.09,609.09
ORD03790,2024-03-12,CUST0579,PROD019,5,0.11,Cash on Delivery,26105,34719.37,154501.2,23976.2
ORD03791,2024-11-20,CUST1117,PROD032,3,0.16,UPI,17963,20869.0,52589.88,-1299.12
ORD03792,2024-08-09,CUST1077,PROD067,4,0.13,Debit Card,26070,37946.22,132052.85,27772.85
ORD03793,2023-04-14,CUST0496,PROD032,3,0.09,UPI,17963,24962.99,68148.96,14259.96
ORD03794,2024-09-18,CUST0948,PROD085,3,0.28,Debit Card,21717,28021.95,60527.41,-4623.59
ORD03795,2025-11-28,CUST0094,PROD025,2,0.24,Credit Card,31820,38587.66,58653.24,-4986.76
ORD03796,2024-04-02,CUST0625,PROD053,3,0.05,Cash on Delivery,45509,56071.05,159802.49,23275.49
ORD03797,2023-12-30,CUST0229,PROD081,2,0.17,Credit Card,2375,2971.57,4932.81,182.81
ORD03798,2023-05-15,CUST0250,PROD025,1,0.24,Debit Card,31820,48981.85,37226.21,5406.21
ORD03799,2024-01-09,CUST1415,PROD033,5,0.17,Cash on Delivery,8919,12185.91,50571.53,5976.53
ORD03800,2023-02-08,CUST0721,PROD031,2,0.15,Debit Card,15105,22098.22,37566.97,7356.97
ORD03801,2025-03-29,CUST0980,PROD036,3,0.02,Debit Card,5763,7823.81,23002.0,5713.0
ORD03802,2023-02-16,CUST0182,PROD087,5,0.03,Cash on Delivery,1853,2525.97,12250.95,2985.95
ORD03803,2023-02-05,CUST0267,PROD089,3,0.07,Cash on Delivery,21871,33243.19,92748.5,27135.5
ORD03804,2023-04-05,CUST1004,PROD049,3,0.15,UPI,1602,2398.23,6115.49,1309.49
ORD03805,2025-09-11,CUST0281,PROD044,2,0.3,Cash on Delivery,31606,39648.53,55507.94,-7704.06
ORD03806,2024-01-03,CUST1979,PROD048,1,0.24,Credit Card,7733,11070.36,8413.47,680.47
ORD03807,2023-03-06,CUST0962,PROD030,3,0.03,Cash on Delivery,27284,39727.81,115607.93,33755.93
ORD03808,2025-01-23,CUST0667,PROD013,2,0.22,Cash on Delivery,24204,32243.64,50300.08,1892.08
ORD03809,2025-03-26,CUST1107,PROD043,3,0.24,UPI,1019,1203.18,2743.25,-313.75
ORD03810,2025-01-25,CUST1210,PROD093,5,0.12,Credit Card,48575,63979.7,281510.68,38635.68
ORD03811,2023-06-30,CUST1885,PROD016,1,0.1,Credit Card,45432,59572.13,53614.92,8182.92
ORD03812,2024-08-19,CUST1675,PROD091,3,0.18,Cash on Delivery,15191,22190.76,54589.27,9016.27
ORD03813,2025-02-25,CUST1591,PROD026,1,0.16,Cash on Delivery,1165,1764.14,1481.88,316.88
ORD03814,2024-09-18,CUST0531,PROD075,1,0.08,UPI,900,1195.39,1099.76,199.76
ORD03815,2024-09-07,CUST1372,PROD047,5,0.12,Credit Card,47956,69084.09,303970.0,64190.0
ORD03816,2023-04-22,CUST0423,PROD037,5,0.16,Credit Card,49377,71067.11,298481.86,51596.86
ORD03817,2024-03-28,CUST0981,PROD003,4,0.17,Debit Card,7361,10612.13,35232.27,5788.27
ORD03818,2025-01-25,CUST1882,PROD026,1,0.16,UPI,1165,1630.35,1369.49,204.49
ORD03819,2024-08-06,CUST0454,PROD098,3,0.25,UPI,27372,39228.11,88263.25,6147.25
ORD03820,2023-05-19,CUST0267,PROD097,5,0.01,Cash on Delivery,10894,16781.76,83069.71,28599.71
ORD03821,2023-08-19,CUST0507,PROD015,3,0.1,Credit Card,18761,29357.64,79265.63,22982.63
ORD03822,2025-09-10,CUST1166,PROD066,1,0.22,Cash on Delivery,26705,31813.93,24814.87,-1890.13
ORD03823,2023-09-10,CUST0316,PROD028,5,0.2,UPI,24730,28570.29,114281.16,-9368.84
ORD03824,2024-07-14,CUST1700,PROD084,4,0.28,Credit Card,6252,8649.72,24911.19,-96.81
ORD03825,2023-03-13,CUST0764,PROD038,1,0.18,Credit Card,41219,55058.92,45148.31,3929.31
ORD03826,2023-08-10,CUST1256,PROD044,3,0.19,UPI,31606,42763.75,103915.91,9097.91
ORD03827,2023-03-03,CUST1321,PROD053,4,0.21,Credit Card,45509,61725.1,195051.32,13015.32
ORD03828,2025-03-16,CUST0898,PROD080,1,0.06,Debit Card,24906,38674.91,36354.42,11448.42
ORD03829,2023-05-05,CUST0953,PROD004,5,0.23,UPI,42258,60702.86,233706.01,22416.01
ORD03830,2025-01-10,CUST0875,PROD072,1,0.09,UPI,16543,22317.38,20308.82,3765.82
ORD03831,2023-06-10,CUST1596,PROD044,2,0.13,Credit Card,31606,42815.14,74498.34,11286.34
ORD03832,2024-06-24,CUST0916,PROD046,3,0.0,UPI,11014,16851.71,50555.13,17513.13
ORD03833,2024-09-17,CUST0022,PROD084,5,0.25,Cash on Delivery,6252,7800.47,29251.76,-2008.24
ORD03834,2023-04-16,CUST0384,PROD026,5,0.29,UPI,1165,1347.48,4783.55,-1041.45
ORD03835,2025-02-14,CUST1150,PROD096,2,0.02,Cash on Delivery,16906,23079.65,45236.11,11424.11
ORD03836,2023-01-02,CUST0103,PROD013,4,0.19,Debit Card,24204,38295.86,124078.59,27262.59
ORD03837,2023-08-21,CUST0900,PROD069,5,0.29,Debit Card,21682,32880.05,116724.18,8314.18
ORD03838,2024-01-04,CUST1976,PROD044,4,0.18,Cash on Delivery,31606,42155.38,138269.65,11845.65
ORD03839,2025-08-03,CUST0733,PROD053,4,0.24,UPI,45509,55921.21,170000.48,-12035.52
ORD03840,2023-06-29,CUST0110,PROD051,4,0.04,Cash on Delivery,47215,66410.77,255017.36,66157.36
ORD03841,2023-10-20,CUST1594,PROD013,1,0.07,Credit Card,24204,37416.17,34797.04,10593.04
ORD03842,2024-08-06,CUST1496,PROD041,2,0.1,Cash on Delivery,37776,55635.48,100143.86,24591.86
ORD03843,2025-03-05,CUST1089,PROD011,3,0.29,Debit Card,23684,32993.95,70277.11,-774.89
ORD03844,2023-06-24,CUST1496,PROD037,2,0.23,Debit Card,49377,73112.25,112592.86,13838.86
ORD03845,2023-05-03,CUST1594,PROD060,5,0.27,Cash on Delivery,7054,11174.2,40785.83,5515.83
ORD03846,2023-08-15,CUST0670,PROD032,2,0.15,Debit Card,17963,25125.07,42712.62,6786.62
ORD03847,2024-03-19,CUST1100,PROD045,3,0.22,Credit Card,45004,63001.4,147423.28,12411.28
ORD03848,2024-03-03,CUST1043,PROD018,1,0.22,UPI,34967,47742.95,37239.5,2272.5
ORD03849,2025-02-03,CUST0384,PROD093,5,0.17,UPI,48575,68246.7,283223.8,40348.8
ORD03850,2024-09-23,CUST0190,PROD079,1,0.26,Cash on Delivery,16940,24322.84,17998.9,1058.9
ORD03851,2023-03-06,CUST0762,PROD020,5,0.05,Debit Card,29671,36849.18,175033.6,26678.6
ORD03852,2024-03-03,CUST0360,PROD044,3,0.02,UPI,31606,44425.81,130611.88,35793.88
ORD03853,2024-09-09,CUST0875,PROD036,1,0.09,Debit Card,5763,6662.35,6062.74,299.74
ORD03854,2025-07-13,CUST0886,PROD069,3,0.03,Cash on Delivery,21682,34085.58,99189.04,34143.04
ORD03855,2025-03-22,CUST1476,PROD037,3,0.02,Debit Card,49377,57624.33,169415.53,21284.53
ORD03856,2023-04-17,CUST0079,PROD033,2,0.13,Credit Card,8919,14102.45,24538.26,6700.26
ORD03857,2024-10-20,CUST0596,PROD082,5,0.06,Credit Card,37566,59581.43,280032.72,92202.72
ORD03858,2023-09-22,CUST1196,PROD019,4,0.24,Debit Card,26105,36209.09,110075.63,5655.63
ORD03859,2023-06-04,CUST1236,PROD051,4,0.17,Credit Card,47215,61360.06,203715.4,14855.4
ORD03860,2025-11-02,CUST0886,PROD032,1,0.11,Cash on Delivery,17963,22152.47,19715.7,1752.7
ORD03861,2025-06-14,CUST1015,PROD022,3,0.09,Credit Card,46697,57109.43,155908.74,15817.74
ORD03862,2025-09-19,CUST1469,PROD001,2,0.17,Credit Card,19397,24383.39,40476.43,1682.43
ORD03863,2023-09-02,CUST0149,PROD054,5,0.13,UPI,39049,53274.27,231743.07,36498.07
ORD03864,2024-01-21,CUST0010,PROD089,1,0.02,UPI,21871,32463.22,31813.96,9942.96
ORD03865,2025-01-28,CUST1566,PROD020,3,0.2,Cash on Delivery,29671,39445.47,94669.13,5656.13
ORD03866,2024-02-18,CUST0792,PROD058,4,0.15,Credit Card,29901,44895.02,152643.07,33039.07
ORD03867,2024-12-15,CUST1968,PROD035,4,0.08,UPI,34337,48211.34,177417.73,40069.73
ORD03868,2025-01-28,CUST1079,PROD070,5,0.09,Debit Card,39873,46199.83,210209.23,10844.23
ORD03869,2025-01-16,CUST0872,PROD070,5,0.14,Debit Card,39873,48218.66,207340.24,7975.24
ORD03870,2024-08-15,CUST1663,PROD061,5,0.25,Credit Card,13164,18528.49,69481.84,3661.84
ORD03871,2025-04-18,CUST0180,PROD063,1,0.13,Cash on Delivery,48779,59633.52,51881.16,3102.16
ORD03872,2023-01-16,CUST0744,PROD061,5,0.25,Credit Card,13164,18742.12,70282.95,4462.95
ORD03873,2025-09-19,CUST0381,PROD057,1,0.13,UPI,43648,58941.22,51278.86,7630.86
ORD03874,2025-12-04,CUST1446,PROD003,2,0.25,Credit Card,7361,10751.01,16126.52,1404.52
ORD03875,2024-10-12,CUST0451,PROD095,3,0.28,Credit Card,3434,4399.46,9502.83,-799.17
ORD03876,2023-05-28,CUST1117,PROD099,4,0.01,Debit Card,42208,64144.82,254013.49,85181.49
ORD03877,2023-12-21,CUST1544,PROD045,1,0.02,Debit Card,45004,59630.21,58437.61,13433.61
ORD03878,2024-12-03,CUST1437,PROD015,3,0.04,UPI,18761,28300.81,81506.33,25223.33
ORD03879,2024-09-04,CUST1783,PROD017,5,0.04,Cash on Delivery,28919,33508.93,160842.86,16247.86
ORD03880,2023-04-15,CUST0394,PROD015,4,0.14,Cash on Delivery,18761,24893.74,85634.47,10590.47
ORD03881,2024-01-31,CUST0965,PROD005,1,0.23,UPI,14250,17799.46,13705.58,-544.42
ORD03882,2024-08-28,CUST1355,PROD086,5,0.29,UPI,12989,17530.68,62233.91,-2711.09
ORD03883,2025-04-30,CUST1732,PROD046,3,0.13,Credit Card,11014,17358.77,45306.39,12264.39
ORD03884,2024-03-17,CUST0433,PROD011,2,0.21,Credit Card,23684,28930.73,45710.55,-1657.45
ORD03885,2025-05-22,CUST0954,PROD064,3,0.19,Cash on Delivery,24886,29604.34,71938.55,-2719.45
ORD03886,2024-10-28,CUST1187,PROD092,1,0.12,Credit Card,4811,5659.29,4980.18,169.18
ORD03887,2025-11-17,CUST0946,PROD014,2,0.22,Credit Card,6122,7380.14,11513.02,-730.98
ORD03888,2025-03-04,CUST1064,PROD039,2,0.18,Debit Card,46187,54402.79,89220.58,-3153.42
ORD03889,2024-04-19,CUST0766,PROD067,5,0.23,UPI,26070,38013.5,146351.98,16001.98
ORD03890,2024-09-19,CUST0908,PROD055,3,0.06,UPI,44065,53002.74,149467.73,17272.73
ORD03891,2024-05-16,CUST0085,PROD042,1,0.11,Debit Card,35023,43388.17,38615.47,3592.47
ORD03892,2023-12-14,CUST0784,PROD075,2,0.2,Debit Card,900,1296.44,2074.3,274.3
ORD03893,2025-10-14,CUST1614,PROD094,5,0.04,Credit Card,11294,15255.61,73226.93,16756.93
ORD03894,2024-07-23,CUST1749,PROD005,2,0.23,UPI,14250,16738.04,25776.58,-2723.42
ORD03895,2024-11-25,CUST0816,PROD052,3,0.04,Cash on Delivery,20157,31985.2,92117.38,31646.38
ORD03896,2023-01-26,CUST1791,PROD022,4,0.1,UPI,46697,66308.29,238709.84,51921.84
ORD03897,2023-08-05,CUST1115,PROD077,1,0.07,Cash on Delivery,10916,15568.47,14478.68,3562.68
ORD03898,2025-04-16,CUST1508,PROD044,4,0.02,Debit Card,31606,48472.93,190013.89,63589.89
ORD03899,2025-02-12,CUST1409,PROD085,3,0.08,UPI,21717,33858.8,93450.29,28299.29
ORD03900,2025-11-12,CUST1217,PROD059,4,0.27,Debit Card,42048,49435.44,144351.48,-23840.52
ORD03901,2024-10-31,CUST1277,PROD025,3,0.01,UPI,31820,37571.65,111587.8,16127.8
ORD03902,2024-12-18,CUST1814,PROD021,3,0.01,Cash on Delivery,22664,33983.49,100930.97,32938.97
ORD03903,2023-11-06,CUST1679,PROD092,5,0.21,Debit Card,4811,7039.1,27804.44,3749.44
ORD03904,2024-08-21,CUST1268,PROD064,4,0.11,Credit Card,24886,31046.92,110527.04,10983.04
ORD03905,2023-09-24,CUST1748,PROD068,2,0.07,UPI,30755,39813.95,74053.95,12543.95
ORD03906,2024-10-07,CUST0707,PROD093,3,0.15,Cash on Delivery,48575,69217.84,176505.49,30780.49
ORD03907,2025-10-19,CUST0270,PROD047,4,0.08,Credit Card,47956,72175.97,265607.57,73783.57
ORD03908,2024-03-25,CUST0841,PROD035,2,0.12,Debit Card,34337,48807.31,85900.87,17226.87
ORD03909,2024-07-18,CUST1043,PROD087,1,0.21,UPI,1853,2791.33,2205.15,352.15
ORD03910,2025-11-25,CUST1064,PROD007,2,0.04,UPI,3479,4358.76,8368.82,1410.82
ORD03911,2023-01-28,CUST1634,PROD056,4,0.29,Credit Card,6756,8776.05,24923.98,-2100.02
ORD03912,2023-08-08,CUST0516,PROD052,4,0.01,Credit Card,20157,24102.34,95445.27,14817.27
ORD03913,2024-02-10,CUST1057,PROD046,2,0.24,Debit Card,11014,17547.14,26671.65,4643.65
ORD03914,2023-09-28,CUST1835,PROD009,2,0.22,Credit Card,7565,11453.76,17867.87,2737.87
ORD03915,2025-03-02,CUST1701,PROD058,3,0.08,UPI,29901,44017.4,121488.02,31785.02
ORD03916,2025-08-20,CUST0450,PROD023,4,0.04,UPI,14296,17693.67,67943.69,10759.69
ORD03917,2025-04-13,CUST1563,PROD003,3,0.26,UPI,7361,10779.51,23930.51,1847.51
ORD03918,2023-11-13,CUST0685,PROD061,3,0.2,UPI,13164,20247.36,48593.66,9101.66
ORD03919,2023-12-04,CUST1873,PROD009,1,0.09,Credit Card,7565,11458.38,10427.13,2862.13
ORD03920,2023-12-17,CUST0625,PROD053,4,0.01,Credit Card,45509,67790.59,268450.74,86414.74
ORD03921,2024-05-25,CUST1970,PROD068,3,0.28,Cash on Delivery,30755,40726.41,87969.05,-4295.95
ORD03922,2024-06-08,CUST0885,PROD049,1,0.12,Debit Card,1602,2395.2,2107.78,505.78
ORD03923,2024-05-06,CUST1916,PROD089,3,0.05,Credit Card,21871,29920.79,85274.25,19661.25
ORD03924,2023-01-09,CUST1631,PROD070,3,0.27,Debit Card,39873,53112.29,116315.92,-3303.08
ORD03925,2024-07-14,CUST0319,PROD048,4,0.11,Credit Card,7733,12250.25,43610.89,12678.89
ORD03926,2024-03-15,CUST1769,PROD082,2,0.14,Cash on Delivery,37566,45680.31,78570.13,3438.13
ORD03927,2025-03-02,CUST1670,PROD007,2,0.21,Credit Card,3479,5354.61,8460.28,1502.28
ORD03928,2023-02-02,CUST1148,PROD099,4,0.25,UPI,42208,54657.04,163971.12,-4860.88
ORD03929,2025-11-12,CUST1396,PROD031,2,0.03,Credit Card,15105,20880.94,40509.02,10299.02
ORD03930,2025-04-24,CUST1375,PROD056,5,0.27,Debit Card,6756,8872.8,32385.72,-1394.28
ORD03931,2024-07-19,CUST1347,PROD096,2,0.28,UPI,16906,23270.08,33508.92,-303.08
ORD03932,2023-02-18,CUST0488,PROD099,3,0.08,Credit Card,42208,64083.61,176870.76,50246.76
ORD03933,2024-04-06,CUST0451,PROD061,3,0.15,UPI,13164,16222.73,41367.96,1875.96
ORD03934,2024-08-12,CUST0353,PROD092,1,0.26,UPI,4811,7166.74,5303.39,492.39
ORD03935,2023-12-02,CUST1140,PROD005,4,0.15,UPI,14250,19246.76,65438.98,8438.98
ORD03936,2023-12-25,CUST0955,PROD030,1,0.14,Cash on Delivery,27284,42855.73,36855.93,9571.93
ORD03937,2023-12-12,CUST1037,PROD022,3,0.19,Debit Card,46697,65195.75,158425.67,18334.67
ORD03938,2023-07-12,CUST1941,PROD017,3,0.23,Debit Card,28919,33795.29,78067.12,-8689.88
ORD03939,2025-01-25,CUST0320,PROD010,1,0.2,Credit Card,38184,59551.49,47641.19,9457.19
ORD03940,2024-04-22,CUST1189,PROD071,5,0.19,UPI,43519,68151.71,276014.43,58419.43
ORD03941,2025-04-07,CUST1744,PROD068,2,0.11,Credit Card,30755,37858.32,67387.81,5877.81
ORD03942,2025-06-08,CUST0085,PROD042,5,0.19,Debit Card,35023,55605.95,225204.1,50089.1
ORD03943,2024-10-14,CUST0248,PROD027,5,0.03,UPI,33194,44832.14,217435.88,51465.88
ORD03944,2024-02-12,CUST1456,PROD007,5,0.12,Debit Card,3479,5432.42,23902.65,6507.65
ORD03945,2023-10-13,CUST0568,PROD023,5,0.06,UPI,14296,18782.59,88278.17,16798.17
ORD03946,2025-04-30,CUST0684,PROD075,2,0.16,UPI,900,1044.19,1754.24,-45.76
ORD03947,2023-04-21,CUST1677,PROD008,4,0.08,Cash on Delivery,24024,36222.41,133298.47,37202.47
ORD03948,2024-09-11,CUST0644,PROD008,1,0.15,UPI,24024,37203.93,31623.34,7599.34
ORD03949,2025-03-03,CUST0479,PROD005,5,0.23,Credit Card,14250,17431.51,67111.31,-4138.69
ORD03950,2023-02-19,CUST0713,PROD071,5,0.13,Debit Card,43519,60895.76,264896.56,47301.56
ORD03951,2025-11-03,CUST0368,PROD086,1,0.07,Debit Card,12989,19797.85,18412.0,5423.0
ORD03952,2024-08-10,CUST1825,PROD100,1,0.07,Debit Card,41593,56470.63,52517.69,10924.69
ORD03953,2024-08-18,CUST1957,PROD002,4,0.27,UPI,8668,13043.3,38086.44,3414.44
ORD03954,2024-10-31,CUST1845,PROD088,3,0.23,Credit Card,27486,39501.28,91247.96,8789.96
ORD03955,2023-11-10,CUST0357,PROD051,4,0.01,Cash on Delivery,47215,69610.43,275657.3,86797.3
ORD03956,2024-08-28,CUST0408,PROD066,3,0.28,Cash on Delivery,26705,41752.39,90185.16,10070.16
ORD03957,2023-10-24,CUST1369,PROD012,2,0.03,Credit Card,33865,45296.83,87875.85,20145.85
ORD03958,2024-07-22,CUST0179,PROD047,4,0.2,Credit Card,47956,71787.19,229719.01,37895.01
ORD03959,2025-04-11,CUST1449,PROD055,2,0.17,Credit Card,44065,64806.73,107579.17,19449.17
ORD03960,2024-09-01,CUST1565,PROD026,1,0.01,UPI,1165,1569.89,1554.19,389.19
ORD03961,2023-01-16,CUST1467,PROD045,4,0.09,UPI,45004,59474.06,216485.58,36469.58
ORD03962,2023-03-13,CUST1960,PROD062,1,0.23,Cash on Delivery,42867,66298.51,51049.85,8182.85
ORD03963,2023-09-27,CUST1843,PROD070,5,0.09,Credit Card,39873,49527.56,225350.4,25985.4
ORD03964,2023-10-14,CUST1330,PROD087,1,0.14,Credit Card,1853,2396.54,2061.02,208.02
ORD03965,2023-03-07,CUST0367,PROD002,5,0.21,Debit Card,8668,13769.26,54388.58,11048.58
ORD03966,2025-05-29,CUST1060,PROD026,3,0.02,Cash on Delivery,1165,1485.16,4366.37,871.37
ORD03967,2023-03-09,CUST0463,PROD014,5,0.25,UPI,6122,9443.89,35414.59,4804.59
ORD03968,2025-12-14,CUST1645,PROD082,3,0.01,Credit Card,37566,49479.78,146954.95,34256.95
ORD03969,2025-09-06,CUST0828,PROD057,5,0.08,UPI,43648,61021.72,280699.91,62459.91
ORD03970,2025-08-31,CUST1170,PROD032,5,0.23,Debit Card,17963,23877.39,91927.95,2112.95
ORD03971,2024-05-22,CUST1812,PROD062,2,0.27,Credit Card,42867,53565.99,78206.35,-7527.65
ORD03972,2025-04-16,CUST1925,PROD078,2,0.23,UPI,3912,5715.42,8801.75,977.75
ORD03973,2025-06-04,CUST0146,PROD030,1,0.07,UPI,27284,43244.45,40217.34,12933.34
ORD03974,2025-03-04,CUST0380,PROD013,2,0.3,Cash on Delivery,24204,37558.92,52582.49,4174.49
ORD03975,2024-02-26,CUST0168,PROD040,3,0.12,UPI,34631,55180.15,145675.6,41782.6
ORD03976,2025-02-13,CUST1793,PROD031,2,0.11,UPI,15105,22068.51,39281.95,9071.95
ORD03977,2024-04-22,CUST1299,PROD037,1,0.26,UPI,49377,57549.64,42586.73,-6790.27
ORD03978,2025-07-14,CUST0087,PROD045,4,0.02,UPI,45004,62975.51,246864.0,66848.0
ORD03979,2023-04-30,CUST0154,PROD086,3,0.17,Debit Card,12989,18575.98,46254.19,7287.19
ORD03980,2024-05-02,CUST0497,PROD059,4,0.29,UPI,42048,50628.51,143784.97,-24407.03
ORD03981,2023-03-19,CUST1821,PROD028,3,0.03,Cash on Delivery,24730,37658.65,109586.67,35396.67
ORD03982,2025-11-27,CUST0315,PROD061,1,0.16,Debit Card,13164,19463.45,16349.3,3185.3
ORD03983,2024-03-16,CUST1855,PROD019,2,0.04,Debit Card,26105,35288.56,67754.04,15544.04
ORD03984,2024-04-06,CUST1634,PROD043,4,0.27,UPI,1019,1305.74,3812.76,-263.24
ORD03985,2024-09-03,CUST0723,PROD059,4,0.18,Credit Card,42048,52552.12,172370.95,4178.95
ORD03986,2025-07-05,CUST1982,PROD016,2,0.07,UPI,45432,71964.34,133853.67,42989.67
ORD03987,2024-08-31,CUST1584,PROD069,1,0.09,Debit Card,21682,32760.07,29811.66,8129.66
ORD03988,2023-01-06,CUST1854,PROD044,2,0.15,UPI,31606,46208.7,78554.79,15342.79
ORD03989,2024-11-11,CUST1298,PROD066,5,0.22,Cash on Delivery,26705,42107.67,164219.91,30694.91
ORD03990,2025-06-13,CUST1730,PROD010,5,0.15,Cash on Delivery,38184,47408.38,201485.62,10565.62
ORD03991,2023-09-28,CUST0764,PROD047,5,0.06,Cash on Delivery,47956,73656.76,346186.77,106406.77
ORD03992,2025-03-21,CUST1819,PROD019,4,0.21,UPI,26105,36874.64,116523.86,12103.86
ORD03993,2024-07-12,CUST0262,PROD084,4,0.04,UPI,6252,9814.84,37688.99,12680.99
ORD03994,2023-04-09,CUST0487,PROD093,1,0.24,Debit Card,48575,70301.36,53429.03,4854.03
ORD03995,2024-06-09,CUST0454,PROD089,3,0.12,Debit Card,21871,32449.78,85667.42,20054.42
ORD03996,2023-07-13,CUST0443,PROD081,2,0.2,Debit Card,2375,2968.79,4750.06,0.06
ORD03997,2024-01-31,CUST1286,PROD051,3,0.1,Credit Card,47215,61627.29,166393.68,24748.68
ORD03998,2025-02-08,CUST0543,PROD013,4,0.2,Cash on Delivery,24204,31127.25,99607.2,2791.2
ORD03999,2025-10-20,CUST1129,PROD063,2,0.27,Credit Card,48779,71332.74,104145.8,6587.8
ORD04000,2025-05-29,CUST0350,PROD016,4,0.21,Credit Card,45432,60652.99,191663.45,9935.45
ORD04001,2025-01-14,CUST0824,PROD053,1,0.2,Cash on Delivery,45509,69946.88,55957.5,10448.5
ORD04002,2024-11-13,CUST0438,PROD035,2,0.23,Credit Card,34337,42772.29,65869.33,-2804.67
ORD04003,2023-01-15,CUST0169,PROD100,4,0.15,UPI,41593,62724.34,213262.76,46890.76
ORD04004,2024-01-03,CUST1772,PROD059,5,0.07,Cash on Delivery,42048,63743.05,296405.18,86165.18
ORD04005,2024-09-29,CUST1810,PROD039,5,0.24,Credit Card,46187,66164.97,251426.89,20491.89
ORD04006,2025-05-02,CUST1367,PROD067,4,0.19,Credit Card,26070,31720.4,102774.1,-1505.9
ORD04007,2024-11-30,CUST1254,PROD073,3,0.09,Credit Card,46032,59704.59,162993.53,24897.53
ORD04008,2023-01-05,CUST0023,PROD061,1,0.08,UPI,13164,17494.74,16095.16,2931.16
ORD04009,2023-08-19,CUST0988,PROD050,1,0.15,Credit Card,1097,1491.32,1267.62,170.62
ORD04010,2025-10-08,CUST0676,PROD053,4,0.06,Credit Card,45509,67423.62,253512.81,71476.81
ORD04011,2024-08-08,CUST0281,PROD046,1,0.26,Credit Card,11014,14343.18,10613.95,-400.05
ORD04012,2023-06-18,CUST1543,PROD052,2,0.24,Debit Card,20157,23345.8,35485.62,-4828.38
ORD04013,2025-01-30,CUST0722,PROD029,1,0.09,Cash on Delivery,23495,36176.08,32920.23,9425.23
ORD04014,2025-03-02,CUST0253,PROD005,5,0.01,Credit Card,14250,19159.8,94841.01,23591.01
ORD04015,2025-09-26,CUST0404,PROD067,4,0.02,Credit Card,26070,33299.18,130532.79,26252.79
ORD04016,2023-06-01,CUST0133,PROD074,2,0.09,Cash on Delivery,36254,55056.54,100202.9,27694.9
ORD04017,2025-10-12,CUST1298,PROD095,1,0.04,Credit Card,3434,5307.18,5094.89,1660.89
ORD04018,2023-08-12,CUST0618,PROD075,5,0.26,UPI,900,1331.07,4924.96,424.96
ORD04019,2024-05-18,CUST0232,PROD081,3,0.13,Credit Card,2375,3109.93,8116.92,991.92
ORD04020,2023-02-13,CUST0545,PROD040,1,0.1,Credit Card,34631,43426.85,39084.16,4453.16
ORD04021,2024-11-27,CUST0079,PROD072,5,0.07,Debit Card,16543,24330.78,113138.13,30423.13
ORD04022,2024-05-18,CUST1059,PROD002,5,0.25,Debit Card,8668,10192.33,38221.24,-5118.76
ORD04023,2025-07-18,CUST0495,PROD068,5,0.24,UPI,30755,40780.33,154965.25,1190.25
ORD04024,2025-04-22,CUST1134,PROD062,5,0.12,Cash on Delivery,42867,63934.52,281311.89,66976.89
ORD04025,2023-12-17,CUST1345,PROD080,3,0.05,UPI,24906,35199.21,100317.75,25599.75
ORD04026,2023-01-23,CUST1599,PROD058,4,0.29,Cash on Delivery,29901,44260.47,125699.73,6095.73
ORD04027,2024-08-20,CUST0328,PROD085,5,0.09,Credit Card,21717,30573.46,139109.24,30524.24
ORD04028,2025-12-02,CUST0967,PROD069,4,0.23,Debit Card,21682,27272.91,84000.56,-2727.44
ORD04029,2024-04-10,CUST1833,PROD058,3,0.14,UPI,29901,40888.02,105491.09,15788.09
ORD04030,2023-02-09,CUST0690,PROD035,3,0.23,UPI,34337,51432.63,118809.38,15798.38
ORD04031,2023-10-30,CUST0384,PROD014,2,0.14,Debit Card,6122,7675.0,13201.0,957.0
ORD04032,2023-06-24,CUST1388,PROD015,2,0.28,Cash on Delivery,18761,29705.4,42775.78,5253.78
ORD04033,2025-09-25,CUST1256,PROD006,5,0.24,Credit Card,17488,21707.65,82489.07,-4950.93
ORD04034,2024-09-12,CUST1640,PROD016,4,0.08,Cash on Delivery,45432,52537.25,193337.08,11609.08
ORD04035,2023-09-01,CUST1438,PROD087,3,0.13,Debit Card,1853,2779.74,7255.12,1696.12
ORD04036,2025-04-15,CUST1318,PROD095,1,0.03,Credit Card,3434,5383.76,5222.25,1788.25
ORD04037,2023-10-07,CUST0547,PROD046,2,0.27,Cash on Delivery,11014,13888.54,20277.27,-1750.73
ORD04038,2025-11-25,CUST1730,PROD063,2,0.02,Credit Card,48779,59499.42,116618.86,19060.86
ORD04039,2024-07-10,CUST1198,PROD012,1,0.01,Debit Card,33865,42357.26,41933.69,8068.69
ORD04040,2025-06-16,CUST0392,PROD041,4,0.15,Credit Card,37776,54115.6,183993.04,32889.04
ORD04041,2025-11-12,CUST1126,PROD019,4,0.18,UPI,26105,36822.65,120778.29,16358.29
ORD04042,2024-12-19,CUST1860,PROD076,4,0.07,Debit Card,19739,28218.99,104974.64,26018.64
ORD04043,2025-07-20,CUST1317,PROD077,5,0.17,UPI,10916,12591.39,52254.27,-2325.73
ORD04044,2023-04-01,CUST1109,PROD002,5,0.27,Credit Card,8668,10580.54,38618.97,-4721.03
ORD04045,2024-01-25,CUST0909,PROD020,1,0.19,Cash on Delivery,29671,37369.35,30269.17,598.17
ORD04046,2024-07-03,CUST1225,PROD095,3,0.14,Credit Card,3434,5026.31,12967.88,2665.88
ORD04047,2025-07-19,CUST0685,PROD009,1,0.04,Debit Card,7565,10772.08,10341.2,2776.2
ORD04048,2025-11-27,CUST0541,PROD021,3,0.05,Debit Card,22664,32426.64,92415.92,24423.92
ORD04049,2025-01-02,CUST0297,PROD008,1,0.15,Credit Card,24024,33797.48,28727.86,4703.86
ORD04050,2024-05-14,CUST0056,PROD039,5,0.14,Cash on Delivery,46187,68589.14,294933.3,63998.3
ORD04051,2025-12-02,CUST1496,PROD037,4,0.16,Debit Card,49377,77707.67,261097.77,63589.77
ORD04052,2025-05-20,CUST1040,PROD029,2,0.15,Credit Card,23495,34140.7,58039.19,11049.19
ORD04053,2024-05-31,CUST1676,PROD083,1,0.1,Cash on Delivery,37036,55007.09,49506.38,12470.38
ORD04054,2023-03-09,CUST0066,PROD035,1,0.21,UPI,34337,48885.03,38619.17,4282.17
ORD04055,2023-05-03,CUST0958,PROD038,2,0.06,Debit Card,41219,62196.86,116930.1,34492.1
ORD04056,2023-12-02,CUST1683,PROD090,1,0.26,UPI,39865,62761.2,46443.29,6578.29
ORD04057,2025-08-31,CUST1694,PROD075,4,0.06,Debit Card,900,1280.07,4813.06,1213.06
ORD04058,2025-02-17,CUST1936,PROD100,2,0.12,UPI,41593,51219.83,90146.9,6960.9
ORD04059,2024-02-27,CUST1496,PROD035,2,0.06,Credit Card,34337,51389.44,96612.15,27938.15
ORD04060,2025-07-27,CUST1933,PROD068,4,0.19,Cash on Delivery,30755,44375.62,143777.01,20757.01
ORD04061,2025-03-14,CUST1605,PROD003,4,0.14,Credit Card,7361,11557.67,39758.38,10314.38
ORD04062,2024-09-25,CUST1047,PROD012,2,0.11,Credit Card,33865,43091.87,76703.53,8973.53
ORD04063,2025-12-18,CUST0702,PROD032,4,0.14,Credit Card,17963,28498.6,98035.18,26183.18
ORD04064,2023-04-06,CUST0760,PROD047,4,0.13,Debit Card,47956,67057.92,233361.56,41537.56
ORD04065,2023-12-20,CUST0486,PROD063,4,0.26,UPI,48779,77256.13,228678.14,33562.14
ORD04066,2025-08-24,CUST1439,PROD026,2,0.04,Debit Card,1165,1750.78,3361.5,1031.5
ORD04067,2025-07-11,CUST0821,PROD043,1,0.24,Debit Card,1019,1568.94,1192.39,173.39
ORD04068,2024-04-17,CUST0888,PROD077,3,0.2,Cash on Delivery,10916,14144.18,33946.03,1198.03
ORD04069,2024-03-05,CUST1681,PROD044,2,0.1,Credit Card,31606,39467.85,71042.13,7830.13
ORD04070,2025-09-01,CUST1920,PROD038,3,0.28,Debit Card,41219,58977.7,127391.83,3734.83
ORD04071,2024-06-20,CUST1329,PROD029,4,0.05,UPI,23495,30976.96,117712.45,23732.45
ORD04072,2023-03-28,CUST0177,PROD055,4,0.09,Debit Card,44065,70224.31,255616.49,79356.49
ORD04073,2023-04-19,CUST0195,PROD052,1,0.11,Cash on Delivery,20157,27675.03,24630.78,4473.78
ORD04074,2025-09-20,CUST1946,PROD019,4,0.19,Cash on Delivery,26105,31318.52,101472.0,-2948.0
ORD04075,2025-04-01,CUST1037,PROD035,3,0.28,UPI,34337,47194.87,101940.92,-1070.08
ORD04076,2025-07-25,CUST0876,PROD048,2,0.18,Cash on Delivery,7733,10754.96,17638.13,2172.13
ORD04077,2025-10-01,CUST0166,PROD091,2,0.26,Credit Card,15191,17501.98,25902.93,-4479.07
ORD04078,2024-10-10,CUST1174,PROD060,1,0.27,Credit Card,7054,8891.36,6490.69,-563.31
ORD04079,2023-07-10,CUST1365,PROD031,3,0.14,Cash on Delivery,15105,17379.86,44840.04,-474.96
ORD04080,2025-07-21,CUST1949,PROD003,4,0.14,Debit Card,7361,10323.44,35512.63,6068.63
ORD04081,2023-05-22,CUST0557,PROD035,5,0.07,Cash on Delivery,34337,44001.5,204606.97,32921.97
ORD04082,2025-04-19,CUST1198,PROD088,1,0.18,UPI,27486,33751.25,27676.02,190.02
ORD04083,2023-06-17,CUST0167,PROD052,1,0.04,Credit Card,20157,30787.05,29555.57,9398.57
ORD04084,2024-07-19,CUST0709,PROD071,5,0.19,Credit Card,43519,50634.7,205070.54,-12524.46
ORD04085,2025-01-13,CUST0718,PROD051,2,0.27,Debit Card,47215,68993.82,100730.98,6300.98
ORD04086,2024-11-03,CUST1618,PROD056,2,0.23,UPI,6756,9511.43,14647.6,1135.6
ORD04087,2025-05-13,CUST1604,PROD099,2,0.19,Credit Card,42208,63193.75,102373.88,17957.88
ORD04088,2025-04-18,CUST0097,PROD021,5,0.25,Credit Card,22664,27412.53,102796.99,-10523.01
ORD04089,2024-06-14,CUST0679,PROD001,4,0.22,UPI,19397,29914.27,93332.52,15744.52
ORD04090,2025-08-31,CUST0404,PROD053,4,0.16,Debit Card,45509,58922.05,197978.09,15942.09
ORD04091,2024-07-15,CUST1101,PROD006,3,0.16,Cash on Delivery,17488,20178.46,50849.72,-1614.28
ORD04092,2023-06-24,CUST1261,PROD098,3,0.03,Debit Card,27372,39566.35,115138.08,33022.08
ORD04093,2023-10-29,CUST1732,PROD082,2,0.13,Credit Card,37566,57727.98,100446.69,25314.69
ORD04094,2023-07-04,CUST0291,PROD062,5,0.16,Credit Card,42867,56119.81,235703.2,21368.2
ORD04095,2024-05-24,CUST0136,PROD089,1,0.14,Debit Card,21871,30344.01,26095.85,4224.85
ORD04096,2025-03-29,CUST1844,PROD079,4,0.23,Debit Card,16940,22624.22,69682.6,1922.6
ORD04097,2023-06-05,CUST1832,PROD047,5,0.05,Credit Card,47956,56065.81,266312.6,26532.6
ORD04098,2025-02-25,CUST0889,PROD096,3,0.24,UPI,16906,25171.48,57390.97,6672.97
ORD04099,2025-03-05,CUST0881,PROD050,4,0.22,UPI,1097,1726.31,5386.09,998.09
ORD04100,2024-03-07,CUST0367,PROD082,4,0.27,Cash on Delivery,37566,50302.19,146882.39,-3381.61
ORD04101,2025-01-30,CUST0548,PROD031,5,0.11,Credit Card,15105,18352.52,81668.71,6143.71
ORD04102,2023-05-27,CUST0902,PROD064,3,0.05,Credit Card,24886,34275.08,97683.98,23025.98
ORD04103,2024-04-25,CUST0248,PROD029,5,0.23,Cash on Delivery,23495,36585.0,140852.25,23377.25
ORD04104,2024-03-10,CUST0766,PROD015,1,0.18,Credit Card,18761,26689.75,21885.6,3124.6
ORD04105,2023-03-10,CUST1238,PROD058,4,0.21,Credit Card,29901,37243.52,117689.52,-1914.48
ORD04106,2025-05-24,CUST1788,PROD023,5,0.3,Debit Card,14296,19999.3,69997.55,-1482.45
ORD04107,2023-07-05,CUST0070,PROD038,5,0.06,UPI,41219,53464.73,251284.23,45189.23
ORD04108,2025-06-22,CUST0746,PROD041,1,0.12,UPI,37776,43842.9,38581.75,805.75
ORD04109,2024-11-12,CUST0996,PROD075,5,0.06,UPI,900,1405.03,6603.64,2103.64
ORD04110,2023-07-23,CUST0329,PROD015,4,0.26,Cash on Delivery,18761,28282.3,83715.61,8671.61
ORD04111,2024-07-07,CUST1040,PROD087,2,0.01,Debit Card,1853,2901.49,5744.95,2038.95
ORD04112,2023-01-13,CUST1511,PROD003,2,0.04,Credit Card,7361,10726.88,20595.61,5873.61
ORD04113,2024-10-27,CUST1198,PROD083,3,0.07,UPI,37036,50086.83,139742.26,28634.26
ORD04114,2023-02-20,CUST0699,PROD001,1,0.23,UPI,19397,26611.42,20490.79,1093.79
ORD04115,2024-05-14,CUST0806,PROD088,3,0.19,Debit Card,27486,34139.79,82959.69,501.69
ORD04116,2024-01-04,CUST1761,PROD075,2,0.12,Credit Card,900,1191.45,2096.95,296.95
ORD04117,2024-12-24,CUST0274,PROD094,1,0.05,Cash on Delivery,11294,13820.84,13129.8,1835.8
ORD04118,2023-12-23,CUST0524,PROD011,5,0.1,Credit Card,23684,32282.66,145271.97,26851.97
ORD04119,2025-10-23,CUST1846,PROD060,5,0.22,Cash on Delivery,7054,10162.44,39633.52,4363.52
ORD04120,2025-04-26,CUST0219,PROD065,4,0.11,Cash on Delivery,5346,6765.19,24084.08,2700.08
ORD04121,2023-09-13,CUST1024,PROD076,2,0.14,Credit Card,19739,31082.91,53462.61,13984.61
ORD04122,2023-10-06,CUST1967,PROD004,5,0.18,Cash on Delivery,42258,60897.19,249678.48,38388.48
ORD04123,2025-12-18,CUST0513,PROD025,1,0.27,UPI,31820,39742.0,29011.66,-2808.34
ORD04124,2024-03-21,CUST1423,PROD072,5,0.08,Debit Card,16543,20267.66,93231.24,10516.24
ORD04125,2023-04-23,CUST1135,PROD079,3,0.13,UPI,16940,20776.69,54227.16,3407.16
ORD04126,2025-04-15,CUST0464,PROD043,3,0.09,Cash on Delivery,1019,1618.41,4418.26,1361.26
ORD04127,2025-01-24,CUST1813,PROD094,3,0.14,Cash on Delivery,11294,14190.69,36611.98,2729.98
ORD04128,2024-01-02,CUST1665,PROD040,3,0.21,Debit Card,34631,42449.58,100605.5,-3287.5
ORD04129,2025-12-19,CUST1117,PROD096,3,0.14,Debit Card,16906,20689.48,53378.86,2660.86
ORD04130,2023-11-25,CUST0451,PROD099,4,0.25,UPI,42208,55078.6,165235.8,-3596.2
ORD04131,2024-12-28,CUST1420,PROD085,3,0.17,Debit Card,21717,30987.82,77159.67,12008.67
ORD04132,2025-10-02,CUST1916,PROD095,4,0.12,Debit Card,3434,4071.3,14330.98,594.98
ORD04133,2024-12-20,CUST0924,PROD100,4,0.23,Cash on Delivery,41593,50816.06,156513.46,-9858.54
ORD04134,2025-12-22,CUST1575,PROD091,5,0.13,Debit Card,15191,24144.63,105029.14,29074.14
ORD04135,2023-07-03,CUST0933,PROD044,1,0.15,Cash on Delivery,31606,45133.57,38363.53,6757.53
ORD04136,2025-10-19,CUST0479,PROD072,3,0.3,Credit Card,16543,20064.3,42135.03,-7493.97
ORD04137,2023-11-07,CUST0316,PROD059,1,0.24,Credit Card,42048,58763.92,44660.58,2612.58
ORD04138,2023-06-26,CUST0671,PROD023,2,0.26,Credit Card,14296,17990.4,26625.79,-1966.21
ORD04139,2025-04-26,CUST0698,PROD062,4,0.18,Cash on Delivery,42867,68078.26,223296.69,51828.69
ORD04140,2023-01-09,CUST0993,PROD023,2,0.1,Credit Card,14296,18941.71,34095.08,5503.08
ORD04141,2023-08-24,CUST1377,PROD058,4,0.3,UPI,29901,36301.87,101645.24,-17958.76
ORD04142,2024-12-10,CUST0768,PROD055,3,0.07,Cash on Delivery,44065,62829.39,175294.0,43099.0
ORD04143,2025-07-12,CUST1263,PROD033,2,0.26,UPI,8919,10807.94,15995.75,-1842.25
ORD04144,2024-11-15,CUST1128,PROD077,5,0.27,Cash on Delivery,10916,15098.26,55108.65,528.65
ORD04145,2025-03-04,CUST0907,PROD063,2,0.25,UPI,48779,74802.83,112204.24,14646.24
ORD04146,2025-11-17,CUST0878,PROD060,4,0.03,Credit Card,7054,9209.55,35733.05,7517.05
ORD04147,2025-03-18,CUST1053,PROD099,4,0.26,UPI,42208,57608.29,170520.54,1688.54
ORD04148,2023-01-27,CUST0089,PROD061,1,0.2,Credit Card,13164,15780.3,12624.24,-539.76
ORD04149,2024-07-03,CUST0375,PROD080,2,0.2,Cash on Delivery,24906,35885.9,57417.44,7605.44
ORD04150,2023-03-26,CUST1421,PROD076,5,0.24,Credit Card,19739,23695.76,90043.89,-8651.11
ORD04151,2025-11-19,CUST1587,PROD061,3,0.15,Debit Card,13164,17075.47,43542.45,4050.45
ORD04152,2024-04-10,CUST0364,PROD095,1,0.08,Debit Card,3434,5248.98,4829.06,1395.06
ORD04153,2023-01-12,CUST1974,PROD069,2,0.17,Credit Card,21682,26397.04,43819.09,455.09
ORD04154,2025-10-09,CUST0147,PROD089,1,0.03,Debit Card,21871,33420.56,32417.94,10546.94
ORD04155,2025-11-19,CUST0314,PROD021,2,0.2,Debit Card,22664,32494.68,51991.49,6663.49
ORD04156,2025-11-27,CUST0548,PROD003,3,0.14,Debit Card,7361,8932.35,23045.46,962.46
ORD04157,2024-07-25,CUST0796,PROD048,3,0.15,Debit Card,7733,9479.28,24172.16,973.16
ORD04158,2025-07-02,CUST1476,PROD010,5,0.06,UPI,38184,55307.46,259945.06,69025.06
ORD04159,2023-06-29,CUST0899,PROD087,1,0.01,Debit Card,1853,2738.97,2711.58,858.58
ORD04160,2025-03-07,CUST1530,PROD081,5,0.18,Cash on Delivery,2375,3432.07,14071.49,2196.49
ORD04161,2025-11-10,CUST1510,PROD042,2,0.2,Credit Card,35023,51530.16,82448.26,12402.26
ORD04162,2024-03-16,CUST0101,PROD099,3,0.15,Cash on Delivery,42208,55406.97,141287.77,14663.77
ORD04163,2025-06-05,CUST0107,PROD089,3,0.23,Debit Card,21871,25165.78,58132.95,-7480.05
ORD04164,2024-02-25,CUST0857,PROD066,4,0.17,Cash on Delivery,26705,37066.68,123061.38,16241.38
ORD04165,2024-04-12,CUST0937,PROD091,4,0.25,Debit Card,15191,21533.74,64601.22,3837.22
ORD04166,2024-12-13,CUST0291,PROD046,5,0.09,UPI,11014,16074.32,73138.16,18068.16
ORD04167,2024-01-20,CUST1373,PROD009,1,0.07,UPI,7565,9487.2,8823.1,1258.1
ORD04168,2023-11-10,CUST0617,PROD049,2,0.08,UPI,1602,1965.02,3615.64,411.64
ORD04169,2025-02-09,CUST1757,PROD004,5,0.01,Debit Card,42258,64385.87,318710.06,107420.06
ORD04170,2025-08-16,CUST0588,PROD060,3,0.27,Credit Card,7054,10782.63,23613.96,2451.96
ORD04171,2025-07-05,CUST1251,PROD090,3,0.3,UPI,39865,63561.74,133479.65,13884.65
ORD04172,2023-01-23,CUST0596,PROD096,3,0.24,Debit Card,16906,22026.7,50220.88,-497.12
ORD04173,2023-12-05,CUST0977,PROD029,2,0.12,Debit Card,23495,27643.23,48652.08,1662.08
ORD04174,2025-04-02,CUST1612,PROD086,5,0.11,Cash on Delivery,12989,17718.91,78849.15,13904.15
ORD04175,2024-01-01,CUST1785,PROD047,2,0.23,Debit Card,47956,65502.41,100873.71,4961.71
ORD04176,2025-07-03,CUST1791,PROD077,3,0.15,Cash on Delivery,10916,12732.84,32468.74,-279.26
ORD04177,2024-04-19,CUST1074,PROD087,4,0.28,UPI,1853,2610.46,7518.12,106.12
ORD04178,2023-01-27,CUST0868,PROD063,5,0.08,Cash on Delivery,48779,61820.97,284376.46,40481.46
ORD04179,2025-07-30,CUST0970,PROD031,4,0.1,Debit Card,15105,18180.48,65449.73,5029.73
ORD04180,2025-03-12,CUST0722,PROD051,5,0.3,Cash on Delivery,47215,67149.22,235022.27,-1052.73
ORD04181,2025-03-11,CUST0158,PROD041,3,0.29,UPI,37776,48242.05,102755.57,-10572.43
ORD04182,2025-05-09,CUST0328,PROD036,4,0.27,Debit Card,5763,8083.81,23604.73,552.73
ORD04183,2025-05-13,CUST1769,PROD040,4,0.12,Credit Card,34631,40062.68,141020.63,2496.63
ORD04184,2024-11-20,CUST1907,PROD095,5,0.25,Credit Card,3434,4515.02,16931.32,-238.68
ORD04185,2025-01-08,CUST1101,PROD060,4,0.09,Debit Card,7054,10859.21,39527.52,11311.52
ORD04186,2024-02-19,CUST0735,PROD015,4,0.08,UPI,18761,27063.73,99594.53,24550.53
ORD04187,2025-09-08,CUST0633,PROD078,3,0.16,Debit Card,3912,6025.96,15185.42,3449.42
ORD04188,2024-03-04,CUST1478,PROD099,5,0.26,Credit Card,42208,62603.48,231632.88,20592.88
ORD04189,2023-02-10,CUST1334,PROD088,5,0.03,Debit Card,27486,40510.84,196477.57,59047.57
ORD04190,2025-06-23,CUST0327,PROD030,1,0.17,Cash on Delivery,27284,42058.57,34908.61,7624.61
ORD04191,2025-10-08,CUST0508,PROD030,5,0.18,Cash on Delivery,27284,31616.55,129627.86,-6792.14
ORD04192,2024-12-03,CUST1877,PROD027,3,0.17,UPI,33194,44446.74,110672.38,11090.38
ORD04193,2023-03-20,CUST0870,PROD040,4,0.07,UPI,34631,54792.69,203828.81,65304.81
ORD04194,2024-12-17,CUST1131,PROD078,1,0.02,UPI,3912,4810.68,4714.47,802.47
ORD04195,2024-06-27,CUST0241,PROD045,4,0.27,UPI,45004,64993.76,189781.78,9765.78
ORD04196,2024-04-18,CUST0435,PROD075,5,0.17,Cash on Delivery,900,1355.03,5623.37,1123.37
ORD04197,2023-10-21,CUST1052,PROD047,2,0.23,Credit Card,47956,75296.77,115957.03,20045.03
ORD04198,2024-09-01,CUST0704,PROD090,4,0.11,UPI,39865,61484.14,218883.54,59423.54
ORD04199,2023-05-16,CUST1273,PROD056,5,0.01,UPI,6756,9826.34,48640.38,14860.38
ORD04200,2024-04-28,CUST1388,PROD054,3,0.08,Credit Card,39049,57402.9,158432.0,41285.0
ORD04201,2025-03-24,CUST1749,PROD085,5,0.02,UPI,21717,28326.92,138801.91,30216.91
ORD04202,2024-07-08,CUST1557,PROD009,1,0.02,Credit Card,7565,9462.08,9272.84,1707.84
ORD04203,2023-02-15,CUST1496,PROD065,2,0.06,UPI,5346,8454.06,15893.63,5201.63
ORD04204,2025-12-07,CUST1691,PROD070,2,0.19,UPI,39873,63358.38,102640.58,22894.58
ORD04205,2023-07-17,CUST1563,PROD001,2,0.25,UPI,19397,26012.76,39019.14,225.14
ORD04206,2023-03-25,CUST0589,PROD086,3,0.25,Cash on Delivery,12989,17338.64,39011.94,44.94
ORD04207,2024-06-26,CUST1842,PROD013,2,0.28,Cash on Delivery,24204,32754.62,47166.65,-1241.35
ORD04208,2023-03-12,CUST0413,PROD038,4,0.2,Cash on Delivery,41219,55960.41,179073.31,14197.31
ORD04209,2024-06-03,CUST1959,PROD045,3,0.01,UPI,45004,68809.99,204365.67,69353.67
ORD04210,2025-06-16,CUST0569,PROD040,5,0.11,Cash on Delivery,34631,46537.57,207092.19,33937.19
ORD04211,2025-07-01,CUST1655,PROD095,1,0.03,Cash on Delivery,3434,5312.6,5153.22,1719.22
ORD04212,2025-12-11,CUST1189,PROD015,3,0.23,Cash on Delivery,18761,27444.21,63396.13,7113.13
ORD04213,2025-12-04,CUST0989,PROD050,1,0.04,Debit Card,1097,1738.12,1668.6,571.6
ORD04214,2023-10-20,CUST1600,PROD002,3,0.03,Cash on Delivery,8668,12599.39,36664.22,10660.22
ORD04215,2025-07-26,CUST1072,PROD053,5,0.01,Debit Card,45509,60776.33,300842.83,73297.83
ORD04216,2025-03-22,CUST1686,PROD095,1,0.29,Cash on Delivery,3434,5367.65,3811.03,377.03
ORD04217,2025-05-16,CUST0484,PROD026,3,0.24,UPI,1165,1460.22,3329.3,-165.7
ORD04218,2024-01-15,CUST1182,PROD066,1,0.1,UPI,26705,42306.86,38076.17,11371.17
ORD04219,2025-10-03,CUST0668,PROD075,2,0.11,UPI,900,1052.59,1873.61,73.61
ORD04220,2023-09-19,CUST0151,PROD033,2,0.02,Debit Card,8919,12829.3,25145.43,7307.43
ORD04221,2024-08-02,CUST0225,PROD082,2,0.05,UPI,37566,43509.4,82667.86,7535.86
ORD04222,2023-12-23,CUST1284,PROD085,4,0.09,Credit Card,21717,26967.91,98163.19,11295.19
ORD04223,2024-11-28,CUST1411,PROD059,2,0.12,Cash on Delivery,42048,57134.35,100556.46,16460.46
ORD04224,2025-11-02,CUST0256,PROD095,2,0.19,Debit Card,3434,4193.68,6793.76,-74.24
ORD04225,2024-03-18,CUST0061,PROD026,5,0.11,Debit Card,1165,1858.14,8268.72,2443.72
ORD04226,2024-12-26,CUST1888,PROD094,1,0.29,Debit Card,11294,16916.78,12010.91,716.91
ORD04227,2023-10-13,CUST1796,PROD021,1,0.1,UPI,22664,34741.3,31267.17,8603.17
ORD04228,2024-07-23,CUST1857,PROD049,2,0.28,Credit Card,1602,2548.11,3669.28,465.28
ORD04229,2025-04-19,CUST0396,PROD080,1,0.22,Debit Card,24906,36204.51,28239.52,3333.52
ORD04230,2024-05-12,CUST1421,PROD071,3,0.27,Cash on Delivery,43519,55267.79,121036.46,-9520.54
ORD04231,2024-12-05,CUST1186,PROD086,2,0.21,Cash on Delivery,12989,19361.78,30591.61,4613.61
ORD04232,2024-07-15,CUST0380,PROD071,2,0.17,Credit Card,43519,61489.74,102072.97,15034.97
ORD04233,2023-02-01,CUST1467,PROD066,4,0.15,Cash on Delivery,26705,33925.35,115346.19,8526.19
ORD04234,2023-02-12,CUST0349,PROD037,3,0.09,Credit Card,49377,64944.48,177298.43,29167.43
ORD04235,2024-07-12,CUST1993,PROD014,2,0.09,Cash on Delivery,6122,8714.92,15861.15,3617.15
ORD04236,2023-09-27,CUST0031,PROD072,2,0.07,Credit Card,16543,21968.35,40861.13,7775.13
ORD04237,2025-07-31,CUST0071,PROD093,1,0.12,UPI,48575,61000.94,53680.83,5105.83
ORD04238,2025-11-08,CUST0397,PROD007,2,0.04,Cash on Delivery,3479,4673.92,8973.93,2015.93
ORD04239,2023-02-06,CUST1462,PROD038,2,0.12,Cash on Delivery,41219,51734.81,91053.27,8615.27
ORD04240,2023-04-02,CUST0002,PROD045,2,0.25,Cash on Delivery,45004,69477.16,104215.74,14207.74
ORD04241,2023-07-04,CUST0929,PROD022,2,0.26,UPI,46697,68286.57,101064.12,7670.12
ORD04242,2024-12-28,CUST0562,PROD044,4,0.19,UPI,31606,41702.28,135115.39,8691.39
ORD04243,2025-11-17,CUST1159,PROD081,3,0.08,Debit Card,2375,3741.69,10327.06,3202.06
ORD04244,2024-01-07,CUST0146,PROD080,4,0.07,Debit Card,24906,33001.12,122764.17,23140.17
ORD04245,2025-04-11,CUST0179,PROD097,1,0.08,Credit Card,10894,15344.32,14116.77,3222.77
ORD04246,2023-12-11,CUST0264,PROD035,5,0.15,Debit Card,34337,47396.82,201436.48,29751.48
ORD04247,2023-03-19,CUST1335,PROD060,2,0.29,Cash on Delivery,7054,8499.1,12068.72,-2039.28
ORD04248,2023-06-16,CUST0204,PROD096,1,0.03,UPI,16906,22665.98,21986.0,5080.0
ORD04249,2023-09-21,CUST1835,PROD003,5,0.15,UPI,7361,8722.02,37068.59,263.59
ORD04250,2024-12-24,CUST0699,PROD067,2,0.2,UPI,26070,31981.32,51170.11,-969.89
ORD04251,2024-05-26,CUST1054,PROD072,2,0.07,UPI,16543,24887.09,46289.99,13203.99
ORD04252,2024-07-29,CUST0059,PROD095,5,0.29,Credit Card,3434,4416.8,15679.64,-1490.36
ORD04253,2024-12-22,CUST1033,PROD055,4,0.1,Debit Card,44065,52438.68,188779.25,12519.25
ORD04254,2024-03-06,CUST0988,PROD009,5,0.28,UPI,7565,11147.27,40130.17,2305.17
ORD04255,2025-02-06,CUST1348,PROD069,5,0.18,Credit Card,21682,32763.2,134329.12,25919.12
ORD04256,2024-04-07,CUST0167,PROD028,3,0.0,Cash on Delivery,24730,34872.63,104617.89,30427.89
ORD04257,2023-04-11,CUST1361,PROD015,2,0.09,Debit Card,18761,29305.16,53335.39,15813.39
ORD04258,2025-11-05,CUST0907,PROD091,2,0.01,Credit Card,15191,23276.4,46087.27,15705.27
ORD04259,2023-09-01,CUST1403,PROD031,4,0.11,UPI,15105,21127.68,75214.54,14794.54
ORD04260,2023-04-15,CUST0898,PROD059,4,0.28,UPI,42048,62300.62,179425.79,11233.79
ORD04261,2024-11-24,CUST0791,PROD082,3,0.23,UPI,37566,48766.63,112650.92,-47.08
ORD04262,2025-12-06,CUST1727,PROD054,3,0.19,Cash on Delivery,39049,56087.18,136291.85,19144.85
ORD04263,2025-12-02,CUST0242,PROD068,3,0.16,Debit Card,30755,48888.69,123199.5,30934.5
ORD04264,2025-03-28,CUST1814,PROD085,4,0.11,UPI,21717,32791.42,116737.46,29869.46
ORD04265,2023-08-09,CUST1981,PROD047,5,0.06,Debit Card,47956,63231.98,297190.31,57410.31
ORD04266,2023-05-24,CUST1690,PROD042,2,0.02,Cash on Delivery,35023,54970.86,107742.89,37696.89
ORD04267,2025-06-08,CUST0908,PROD023,2,0.06,Credit Card,14296,21748.67,40887.5,12295.5
ORD04268,2025-11-17,CUST1184,PROD086,1,0.11,Debit Card,12989,15154.91,13487.87,498.87
ORD04269,2025-02-28,CUST0777,PROD065,4,0.16,Credit Card,5346,7942.56,26687.0,5303.0
ORD04270,2024-07-06,CUST1259,PROD089,4,0.06,Debit Card,21871,34761.32,130702.56,43218.56
ORD04271,2025-04-23,CUST1477,PROD054,3,0.29,UPI,39049,50489.11,107541.8,-9605.2
ORD04272,2024-10-20,CUST1882,PROD092,1,0.02,UPI,4811,6128.74,6006.17,1195.17
ORD04273,2025-04-16,CUST0199,PROD011,1,0.03,Credit Card,23684,34058.31,33036.56,9352.56
ORD04274,2025-10-15,CUST1501,PROD063,4,0.2,Debit Card,48779,58513.09,187241.89,-7874.11
ORD04275,2025-01-20,CUST1057,PROD022,3,0.23,Cash on Delivery,46697,67885.26,156814.95,16723.95
ORD04276,2023-09-06,CUST0408,PROD054,2,0.29,Debit Card,39049,48887.82,69420.7,-8677.3
ORD04277,2025-02-13,CUST1113,PROD089,3,0.16,Credit Card,21871,29595.6,74580.91,8967.91
ORD04278,2025-02-02,CUST1631,PROD085,2,0.05,Debit Card,21717,33691.46,64013.77,20579.77
ORD04279,2024-11-22,CUST0221,PROD036,4,0.28,Debit Card,5763,8693.8,25038.14,1986.14
ORD04280,2025-03-30,CUST1093,PROD058,3,0.29,Credit Card,29901,35839.23,76337.56,-13365.44
ORD04281,2024-12-19,CUST1318,PROD020,1,0.28,Credit Card,29671,44287.62,31887.09,2216.09
ORD04282,2023-08-22,CUST1261,PROD016,5,0.26,Credit Card,45432,60663.98,224456.73,-2703.27
ORD04283,2023-01-24,CUST1931,PROD092,1,0.02,Debit Card,4811,7685.57,7531.86,2720.86
ORD04284,2025-11-15,CUST1184,PROD056,2,0.26,Credit Card,6756,8680.66,12847.38,-664.62
ORD04285,2025-10-02,CUST1856,PROD093,4,0.29,Credit Card,48575,66147.96,187860.21,-6439.79
ORD04286,2024-06-05,CUST0840,PROD050,3,0.17,Cash on Delivery,1097,1429.97,3560.63,269.63
ORD04287,2023-01-17,CUST0788,PROD090,4,0.23,Cash on Delivery,39865,56360.61,173590.68,14130.68
ORD04288,2023-09-02,CUST1314,PROD066,4,0.2,Cash on Delivery,26705,33905.85,108498.72,1678.72
ORD04289,2024-12-18,CUST1903,PROD074,2,0.09,Credit Card,36254,56581.29,102977.95,30469.95
ORD04290,2025-02-08,CUST0554,PROD013,4,0.18,Credit Card,24204,34554.72,113339.48,16523.48
ORD04291,2024-12-17,CUST1928,PROD015,3,0.27,Cash on Delivery,18761,29533.93,64679.31,8396.31
ORD04292,2023-04-28,CUST0578,PROD073,1,0.15,UPI,46032,67033.32,56978.32,10946.32
ORD04293,2023-01-09,CUST0533,PROD027,4,0.18,UPI,33194,40948.97,134312.62,1536.62
ORD04294,2024-08-20,CUST0335,PROD008,3,0.16,Cash on Delivery,24024,27794.3,70041.64,-2030.36
ORD04295,2023-01-23,CUST1021,PROD070,3,0.08,Cash on Delivery,39873,53167.05,146741.06,27122.06
ORD04296,2023-08-28,CUST1606,PROD100,2,0.19,UPI,41593,66427.34,107612.29,24426.29
ORD04297,2023-01-27,CUST1797,PROD050,4,0.15,Cash on Delivery,1097,1694.45,5761.13,1373.13
ORD04298,2025-09-10,CUST1526,PROD088,2,0.07,Credit Card,27486,42082.73,78273.88,23301.88
ORD04299,2023-07-18,CUST0246,PROD067,1,0.27,Cash on Delivery,26070,36652.02,26755.97,685.97
ORD04300,2025-02-13,CUST1347,PROD026,1,0.29,Debit Card,1165,1389.47,986.52,-178.48
ORD04301,2023-04-02,CUST1771,PROD036,3,0.02,UPI,5763,6666.8,19600.39,2311.39
ORD04302,2025-04-30,CUST1963,PROD021,4,0.19,Credit Card,22664,34616.55,112157.62,21501.62
ORD04303,2023-10-27,CUST1808,PROD077,3,0.12,UPI,10916,13424.79,35441.45,2693.45
ORD04304,2023-10-23,CUST0611,PROD052,4,0.16,Cash on Delivery,20157,23876.24,80224.17,-403.83
ORD04305,2024-10-08,CUST0329,PROD011,2,0.11,UPI,23684,34801.04,61945.85,14577.85
ORD04306,2025-09-27,CUST0547,PROD008,1,0.14,Cash on Delivery,24024,27640.3,23770.66,-253.34
ORD04307,2025-12-18,CUST0339,PROD057,1,0.1,Credit Card,43648,64746.04,58271.44,14623.44
ORD04308,2025-06-27,CUST1195,PROD046,2,0.04,Credit Card,11014,13619.35,26149.15,4121.15
ORD04309,2025-05-20,CUST1134,PROD078,5,0.09,UPI,3912,5064.58,23043.84,3483.84
ORD04310,2025-01-22,CUST0994,PROD097,5,0.2,Credit Card,10894,13369.81,53479.24,-990.76
ORD04311,2023-12-08,CUST0807,PROD002,5,0.02,UPI,8668,12999.54,63697.75,20357.75
ORD04312,2023-03-03,CUST1034,PROD064,4,0.11,UPI,24886,34047.72,121209.88,21665.88
ORD04313,2025-02-14,CUST1226,PROD052,2,0.01,UPI,20157,24684.73,48875.77,8561.77
ORD04314,2024-09-16,CUST1940,PROD065,4,0.11,UPI,5346,6240.59,22216.5,832.5
ORD04315,2023-09-13,CUST1281,PROD011,4,0.03,Debit Card,23684,37752.75,146480.67,51744.67
ORD04316,2025-04-07,CUST1286,PROD006,2,0.1,Debit Card,17488,25732.99,46319.38,11343.38
ORD04317,2025-10-10,CUST0693,PROD096,4,0.25,Cash on Delivery,16906,24614.77,73844.31,6220.31
ORD04318,2024-09-06,CUST0430,PROD079,2,0.18,Credit Card,16940,23313.91,38234.81,4354.81
ORD04319,2023-09-02,CUST1531,PROD076,5,0.2,Debit Card,19739,26563.64,106254.56,7559.56
ORD04320,2025-01-26,CUST1090,PROD064,5,0.15,Debit Card,24886,37532.67,159513.85,35083.85
ORD04321,2025-04-03,CUST0806,PROD093,4,0.28,Credit Card,48575,73929.86,212918.0,18618.0
ORD04322,2025-02-18,CUST1697,PROD055,1,0.16,UPI,44065,51886.34,43584.53,-480.47
ORD04323,2025-01-01,CUST1603,PROD044,2,0.03,Debit Card,31606,48570.18,94226.15,31014.15
ORD04324,2025-05-27,CUST0612,PROD086,3,0.28,Debit Card,12989,19388.65,41879.48,2912.48
ORD04325,2024-05-30,CUST1613,PROD014,3,0.04,Debit Card,6122,8379.77,24133.74,5767.74
ORD04326,2024-04-18,CUST0035,PROD083,4,0.3,Debit Card,37036,50529.92,141483.78,-6660.22
ORD04327,2023-02-05,CUST1999,PROD005,1,0.13,UPI,14250,21740.63,18914.35,4664.35
ORD04328,2025-11-06,CUST0557,PROD099,2,0.02,Credit Card,42208,63611.8,124679.13,40263.13
ORD04329,2025-04-09,CUST1686,PROD025,5,0.26,Debit Card,31820,38580.43,142747.59,-16352.41
ORD04330,2025-12-07,CUST0491,PROD050,4,0.03,Debit Card,1097,1532.66,5946.72,1558.72
ORD04331,2025-12-21,CUST1604,PROD073,2,0.05,Debit Card,46032,73016.46,138731.27,46667.27
ORD04332,2025-12-28,CUST0254,PROD071,2,0.13,Debit Card,43519,64449.8,112142.65,25104.65
ORD04333,2024-01-01,CUST0017,PROD082,2,0.2,Credit Card,37566,59648.81,95438.1,20306.1
ORD04334,2025-08-02,CUST0261,PROD002,1,0.04,UPI,8668,12995.06,12475.26,3807.26
ORD04335,2025-09-02,CUST1749,PROD010,2,0.19,Cash on Delivery,38184,52926.75,85741.34,9373.34
ORD04336,2024-03-06,CUST1849,PROD002,1,0.23,Credit Card,8668,12327.68,9492.31,824.31
ORD04337,2025-05-08,CUST1280,PROD060,1,0.04,Debit Card,7054,10363.99,9949.43,2895.43
ORD04338,2023-08-18,CUST0728,PROD045,2,0.19,Cash on Delivery,45004,66514.65,107753.73,17745.73
ORD04339,2024-01-05,CUST1887,PROD008,5,0.29,Debit Card,24024,35709.31,126768.05,6648.05
ORD04340,2023-06-27,CUST1448,PROD058,2,0.29,Credit Card,29901,46903.21,66602.56,6800.56
ORD04341,2024-07-21,CUST0501,PROD007,5,0.05,UPI,3479,4484.86,21303.08,3908.08
ORD04342,2025-03-03,CUST1016,PROD099,4,0.23,Cash on Delivery,42208,64293.87,198025.12,29193.12
ORD04343,2025-06-18,CUST0286,PROD087,3,0.25,Cash on Delivery,1853,2605.98,5863.46,304.46
ORD04344,2025-09-01,CUST1962,PROD072,4,0.27,UPI,16543,25615.15,74796.24,8624.24
ORD04345,2023-03-23,CUST0007,PROD021,1,0.1,UPI,22664,32500.0,29250.0,6586.0
ORD04346,2025-04-25,CUST1521,PROD097,4,0.08,Cash on Delivery,10894,17112.48,62973.93,19397.93
ORD04347,2025-01-31,CUST1916,PROD047,3,0.01,Cash on Delivery,47956,64300.13,190971.39,47103.39
ORD04348,2024-09-09,CUST1223,PROD001,3,0.12,Cash on Delivery,19397,23173.24,61177.35,2986.35
ORD04349,2025-10-30,CUST1627,PROD012,5,0.04,Cash on Delivery,33865,48771.98,234105.5,64780.5
ORD04350,2023-08-04,CUST0659,PROD075,4,0.24,UPI,900,1348.71,4100.08,500.08
ORD04351,2023-10-17,CUST0937,PROD048,1,0.04,Credit Card,7733,11299.04,10847.08,3114.08
ORD04352,2024-03-20,CUST1442,PROD094,1,0.25,Credit Card,11294,16672.67,12504.5,1210.5
ORD04353,2025-07-11,CUST1686,PROD004,5,0.03,UPI,42258,49145.9,238357.62,27067.62
ORD04354,2024-07-05,CUST0052,PROD034,5,0.14,Credit Card,48452,76758.42,330061.21,87801.21
ORD04355,2023-07-12,CUST0243,PROD087,4,0.12,Credit Card,1853,2351.24,8276.36,864.36
ORD04356,2023-10-16,CUST1243,PROD032,5,0.18,Debit Card,17963,24002.84,98411.64,8596.64
ORD04357,2024-08-05,CUST0518,PROD003,3,0.16,Credit Card,7361,9851.15,24824.9,2741.9
ORD04358,2025-05-06,CUST0970,PROD092,1,0.18,Cash on Delivery,4811,7495.73,6146.5,1335.5
ORD04359,2025-02-19,CUST0109,PROD068,3,0.0,Credit Card,30755,45662.25,136986.75,44721.75
ORD04360,2025-06-14,CUST1375,PROD057,2,0.04,UPI,43648,62377.05,119763.94,32467.94
ORD04361,2025-07-08,CUST0921,PROD076,3,0.16,Credit Card,19739,23765.51,59889.09,672.09
ORD04362,2024-07-17,CUST0066,PROD024,1,0.07,UPI,37354,48393.73,45006.17,7652.17
ORD04363,2023-01-13,CUST1034,PROD033,2,0.02,Cash on Delivery,8919,12230.6,23971.98,6133.98
ORD04364,2025-09-13,CUST0202,PROD003,4,0.07,Debit Card,7361,8845.75,32906.19,3462.19
ORD04365,2023-12-06,CUST1818,PROD004,2,0.23,Debit Card,42258,59460.74,91569.54,7053.54
ORD04366,2025-05-14,CUST0901,PROD030,5,0.16,Credit Card,27284,34008.23,142834.57,6414.57
ORD04367,2023-11-08,CUST0214,PROD070,1,0.06,Credit Card,39873,60647.64,57008.78,17135.78
ORD04368,2025-01-02,CUST0068,PROD049,5,0.0,UPI,1602,2439.88,12199.4,4189.4
ORD04369,2023-12-05,CUST0759,PROD030,3,0.11,Debit Card,27284,38730.34,103410.01,21558.01
ORD04370,2023-10-27,CUST0866,PROD072,4,0.11,Cash on Delivery,16543,21700.71,77254.53,11082.53
ORD04371,2023-12-25,CUST0327,PROD082,1,0.22,UPI,37566,43954.09,34284.19,-3281.81
ORD04372,2023-06-18,CUST1074,PROD016,4,0.28,Credit Card,45432,65106.09,187505.54,5777.54
ORD04373,2025-01-30,CUST1041,PROD053,1,0.11,Debit Card,45509,68402.93,60878.61,15369.61
ORD04374,2025-02-06,CUST0523,PROD006,5,0.21,Credit Card,17488,26331.32,104008.71,16568.71
ORD04375,2025-09-08,CUST1845,PROD024,3,0.19,Debit Card,37354,51100.69,124174.68,12112.68
ORD04376,2023-02-11,CUST1330,PROD092,2,0.13,UPI,4811,5836.66,10155.79,533.79
ORD04377,2023-07-21,CUST1416,PROD096,4,0.02,Cash on Delivery,16906,19934.99,78145.16,10521.16
ORD04378,2025-08-27,CUST0988,PROD089,1,0.14,Cash on Delivery,21871,25700.14,22102.12,231.12
ORD04379,2024-04-08,CUST1148,PROD028,1,0.11,Cash on Delivery,24730,31215.81,27782.07,3052.07
ORD04380,2024-03-24,CUST1004,PROD021,4,0.17,Cash on Delivery,22664,27506.57,91321.81,665.81
ORD04381,2025-07-01,CUST0504,PROD008,2,0.04,Cash on Delivery,24024,29453.19,56550.12,8502.12
ORD04382,2025-03-08,CUST1249,PROD036,3,0.22,Credit Card,5763,8440.18,19750.02,2461.02
ORD04383,2025-03-04,CUST0756,PROD009,1,0.24,Credit Card,7565,9310.84,7076.24,-488.76
ORD04384,2024-03-12,CUST1342,PROD040,1,0.12,Cash on Delivery,34631,50614.97,44541.17,9910.17
ORD04385,2024-06-14,CUST0473,PROD085,4,0.05,Debit Card,21717,28410.71,107960.7,21092.7
ORD04386,2024-07-18,CUST1868,PROD051,4,0.19,UPI,47215,70758.78,229258.45,40398.45
ORD04387,2025-05-21,CUST1915,PROD001,1,0.29,Debit Card,19397,23694.88,16823.36,-2573.64
ORD04388,2023-08-01,CUST0858,PROD063,1,0.21,Debit Card,48779,56608.74,44720.9,-4058.1
ORD04389,2025-08-06,CUST0541,PROD068,1,0.04,Cash on Delivery,30755,36603.03,35138.91,4383.91
ORD04390,2023-07-11,CUST1382,PROD074,5,0.12,Debit Card,36254,57454.13,252798.17,71528.17
ORD04391,2024-12-05,CUST1507,PROD026,1,0.27,Credit Card,1165,1621.77,1183.89,18.89
ORD04392,2024-07-02,CUST0869,PROD040,3,0.19,UPI,34631,49285.59,119763.98,15870.98
ORD04393,2023-06-03,CUST0878,PROD003,3,0.04,UPI,7361,11668.31,33604.73,11521.73
ORD04394,2024-07-24,CUST0940,PROD009,2,0.22,UPI,7565,11341.47,17692.69,2562.69
ORD04395,2023-08-28,CUST0877,PROD032,4,0.11,Debit Card,17963,21568.06,76782.29,4930.29
ORD04396,2024-01-09,CUST1453,PROD067,2,0.15,UPI,26070,34928.53,59378.5,7238.5
ORD04397,2025-03-15,CUST0797,PROD004,1,0.12,UPI,42258,64216.39,56510.42,14252.42
ORD04398,2025-03-09,CUST1521,PROD006,4,0.22,Credit Card,17488,25344.43,79074.62,9122.62
ORD04399,2024-09-02,CUST0472,PROD073,1,0.07,Cash on Delivery,46032,57405.81,53387.4,7355.4
ORD04400,2024-11-18,CUST1595,PROD026,4,0.12,Cash on Delivery,1165,1762.14,6202.73,1542.73
ORD04401,2025-02-12,CUST1679,PROD002,5,0.22,Credit Card,8668,12147.99,47377.16,4037.16
ORD04402,2023-05-23,CUST0838,PROD066,5,0.21,Credit Card,26705,40184.16,158727.43,25202.43
ORD04403,2023-09-29,CUST1888,PROD085,5,0.06,Cash on Delivery,21717,31096.77,146154.82,37569.82
ORD04404,2024-03-01,CUST1324,PROD086,2,0.11,Debit Card,12989,17642.87,31404.31,5426.31
ORD04405,2023-02-15,CUST1762,PROD003,4,0.0,Credit Card,7361,10878.31,43513.24,14069.24
ORD04406,2023-04-05,CUST1700,PROD035,2,0.16,UPI,34337,52863.22,88810.21,20136.21
ORD04407,2023-03-05,CUST0084,PROD059,4,0.08,Credit Card,42048,57164.44,210365.14,42173.14
ORD04408,2024-02-17,CUST0377,PROD038,1,0.0,Debit Card,41219,47954.37,47954.37,6735.37
ORD04409,2025-10-29,CUST1337,PROD033,5,0.13,Credit Card,8919,12637.79,54974.39,10379.39
ORD04410,2024-04-03,CUST1653,PROD015,5,0.28,UPI,18761,22337.81,80416.12,-13388.88
ORD04411,2024-04-14,CUST1344,PROD075,4,0.28,Credit Card,900,1166.43,3359.32,-240.68
ORD04412,2025-03-20,CUST0204,PROD074,2,0.11,Credit Card,36254,50661.41,90177.31,17669.31
ORD04413,2024-05-20,CUST1379,PROD100,2,0.13,Credit Card,41593,54294.37,94472.2,11286.2
ORD04414,2023-03-25,CUST1009,PROD014,3,0.07,Cash on Delivery,6122,7814.24,21801.73,3435.73
ORD04415,2023-02-28,CUST1318,PROD066,5,0.02,Cash on Delivery,26705,30952.43,151666.91,18141.91
ORD04416,2025-11-10,CUST0504,PROD045,5,0.21,Debit Card,45004,57207.81,225970.85,950.85
ORD04417,2025-07-06,CUST1169,PROD048,2,0.24,Cash on Delivery,7733,10231.99,15552.62,86.62
ORD04418,2023-06-06,CUST0539,PROD044,5,0.26,Debit Card,31606,40475.09,149757.83,-8272.17
ORD04419,2024-07-29,CUST0017,PROD037,2,0.28,Cash on Delivery,49377,70746.79,101875.38,3121.38
ORD04420,2025-04-16,CUST0575,PROD029,3,0.27,Debit Card,23495,34058.7,74588.55,4103.55
ORD04421,2024-11-10,CUST1803,PROD099,4,0.01,Debit Card,42208,63352.37,250875.39,82043.39
ORD04422,2023-07-22,CUST0576,PROD084,4,0.29,Debit Card,6252,7712.83,21904.44,-3103.56
ORD04423,2023-11-14,CUST1015,PROD085,3,0.11,Credit Card,21717,31023.11,82831.7,17680.7
ORD04424,2024-02-10,CUST1063,PROD034,5,0.27,Credit Card,48452,65096.56,237602.44,-4657.56
ORD04425,2025-09-12,CUST0130,PROD059,1,0.13,Debit Card,42048,54464.67,47384.26,5336.26
ORD04426,2025-08-06,CUST0115,PROD043,5,0.13,Debit Card,1019,1393.23,6060.55,965.55
ORD04427,2025-12-29,CUST1474,PROD033,2,0.0,Credit Card,8919,12188.55,24377.1,6539.1
ORD04428,2024-05-09,CUST0950,PROD019,1,0.02,UPI,26105,37531.59,36780.96,10675.96
ORD04429,2024-11-09,CUST1949,PROD008,3,0.2,Credit Card,24024,33673.2,80815.68,8743.68
ORD04430,2025-04-14,CUST1069,PROD031,4,0.28,Debit Card,15105,21661.68,62385.64,1965.64
ORD04431,2023-07-13,CUST0216,PROD011,4,0.07,Credit Card,23684,37686.51,140193.82,45457.82
ORD04432,2023-11-04,CUST1624,PROD008,5,0.03,Cash on Delivery,24024,36389.38,176488.49,56368.49
ORD04433,2024-05-20,CUST0848,PROD025,4,0.06,Debit Card,31820,40774.98,153313.92,26033.92
ORD04434,2023-10-08,CUST1439,PROD020,5,0.06,Credit Card,29671,41244.74,193850.28,45495.28
ORD04435,2024-11-05,CUST0689,PROD038,2,0.09,Cash on Delivery,41219,51656.16,94014.21,11576.21
ORD04436,2025-07-21,CUST1003,PROD007,2,0.03,Credit Card,3479,4813.2,9337.61,2379.61
ORD04437,2024-12-15,CUST0265,PROD077,3,0.07,Credit Card,10916,16051.29,44783.1,12035.1
ORD04438,2024-08-30,CUST1947,PROD039,2,0.28,UPI,46187,54482.04,78454.14,-13919.86
ORD04439,2024-04-27,CUST1464,PROD074,5,0.27,Credit Card,36254,43934.08,160359.39,-20910.61
ORD04440,2023-04-27,CUST0617,PROD072,4,0.09,Credit Card,16543,19078.87,69447.09,3275.09
ORD04441,2025-08-25,CUST1405,PROD020,2,0.3,UPI,29671,39177.6,54848.64,-4493.36
ORD04442,2023-07-11,CUST1870,PROD081,2,0.09,Credit Card,2375,3551.32,6463.4,1713.4
ORD04443,2025-02-26,CUST0301,PROD011,5,0.22,UPI,23684,32027.45,124907.06,6487.06
ORD04444,2024-09-09,CUST0985,PROD016,2,0.19,Cash on Delivery,45432,63916.11,103544.1,12680.1
ORD04445,2024-05-30,CUST1195,PROD042,4,0.02,UPI,35023,49573.02,194326.24,54234.24
ORD04446,2023-11-03,CUST1644,PROD096,4,0.1,Cash on Delivery,16906,20123.1,72443.16,4819.16
ORD04447,2024-06-15,CUST0406,PROD090,4,0.29,UPI,39865,48974.38,139087.24,-20372.76
ORD04448,2023-05-02,CUST1379,PROD052,4,0.02,Cash on Delivery,20157,31482.14,123409.99,42781.99
ORD04449,2024-10-10,CUST0161,PROD037,1,0.05,Credit Card,49377,66975.95,63627.15,14250.15
ORD04450,2024-08-14,CUST1819,PROD052,4,0.29,Cash on Delivery,20157,26977.64,76616.5,-4011.5
ORD04451,2025-05-19,CUST1576,PROD009,1,0.01,Cash on Delivery,7565,11256.3,11143.74,3578.74
ORD04452,2023-02-28,CUST0026,PROD035,4,0.13,Debit Card,34337,40185.86,139846.79,2498.79
ORD04453,2023-10-28,CUST0083,PROD067,4,0.28,Cash on Delivery,26070,39844.13,114751.09,10471.09
ORD04454,2024-07-06,CUST0173,PROD095,5,0.28,Credit Card,3434,4985.12,17946.43,776.43
ORD04455,2024-02-03,CUST0999,PROD007,4,0.29,Debit Card,3479,4227.74,12006.78,-1909.22
ORD04456,2024-05-29,CUST1709,PROD002,2,0.14,Debit Card,8668,10221.44,17580.88,244.88
ORD04457,2025-03-15,CUST0794,PROD025,4,0.03,UPI,31820,36634.36,142141.32,14861.32
ORD04458,2024-05-12,CUST1094,PROD076,3,0.23,Cash on Delivery,19739,25312.68,58472.29,-744.71
ORD04459,2025-07-30,CUST0835,PROD094,5,0.21,UPI,11294,14638.83,57823.38,1353.38
ORD04460,2024-06-11,CUST0006,PROD094,5,0.17,UPI,11294,13886.69,57629.76,1159.76
ORD04461,2024-02-02,CUST0796,PROD093,4,0.27,Cash on Delivery,48575,62136.68,181439.11,-12860.89
ORD04462,2024-03-11,CUST1219,PROD041,3,0.27,UPI,37776,52996.59,116062.53,2734.53
ORD04463,2025-04-19,CUST0525,PROD075,4,0.2,Credit Card,900,1080.71,3458.27,-141.73
ORD04464,2023-12-26,CUST0063,PROD052,2,0.03,Credit Card,20157,25005.01,48509.72,8195.72
ORD04465,2025-05-13,CUST1037,PROD087,5,0.03,Cash on Delivery,1853,2599.57,12607.91,3342.91
ORD04466,2024-09-25,CUST0761,PROD081,5,0.12,Cash on Delivery,2375,3484.16,15330.3,3455.3
ORD04467,2023-08-02,CUST0205,PROD077,3,0.09,Debit Card,10916,17127.99,46759.41,14011.41
ORD04468,2025-07-04,CUST0897,PROD097,1,0.04,Cash on Delivery,10894,15030.99,14429.75,3535.75
ORD04469,2024-08-14,CUST1789,PROD065,3,0.18,Cash on Delivery,5346,6420.28,15793.89,-244.11
ORD04470,2023-05-15,CUST0040,PROD077,2,0.21,Credit Card,10916,15459.1,24425.38,2593.38
ORD04471,2025-01-23,CUST1189,PROD038,3,0.21,Credit Card,41219,65864.4,156098.63,32441.63
ORD04472,2024-01-21,CUST1055,PROD067,1,0.05,Cash on Delivery,26070,40340.17,38323.16,12253.16
ORD04473,2024-01-24,CUST1553,PROD080,2,0.09,Debit Card,24906,37385.73,68042.03,18230.03
ORD04474,2025-01-13,CUST1673,PROD042,2,0.06,Credit Card,35023,51853.94,97485.41,27439.41
ORD04475,2024-12-04,CUST0877,PROD071,1,0.18,Credit Card,43519,64843.31,53171.51,9652.51
ORD04476,2025-07-13,CUST1856,PROD054,4,0.17,UPI,39049,46500.29,154380.96,-1815.04
ORD04477,2025-02-11,CUST0825,PROD067,3,0.15,Cash on Delivery,26070,36082.98,92011.6,13801.6
ORD04478,2025-05-13,CUST0909,PROD078,2,0.09,UPI,3912,5712.74,10397.19,2573.19
ORD04479,2025-11-25,CUST1701,PROD064,3,0.07,Cash on Delivery,24886,29433.29,82118.88,7460.88
ORD04480,2023-03-20,CUST0398,PROD080,1,0.27,Debit Card,24906,38894.23,28392.79,3486.79
ORD04481,2024-11-04,CUST1483,PROD004,5,0.01,UPI,42258,51024.82,252572.86,41282.86
ORD04482,2023-11-08,CUST1817,PROD031,1,0.2,Credit Card,15105,17970.24,14376.19,-728.81
ORD04483,2023-07-23,CUST1247,PROD013,3,0.01,Cash on Delivery,24204,29179.12,86661.99,14049.99
ORD04484,2025-09-11,CUST0634,PROD027,2,0.06,Cash on Delivery,33194,44495.1,83650.79,17262.79
ORD04485,2023-01-17,CUST1102,PROD059,3,0.09,UPI,42048,58632.95,160067.95,33923.95
ORD04486,2024-04-20,CUST1849,PROD065,5,0.27,UPI,5346,6375.81,23271.71,-3458.29
ORD04487,2025-10-13,CUST0839,PROD064,2,0.04,Debit Card,24886,37420.91,71848.15,22076.15
ORD04488,2023-07-29,CUST0600,PROD025,5,0.28,Credit Card,31820,39459.1,142052.76,-17047.24
ORD04489,2024-05-13,CUST0625,PROD037,4,0.24,Debit Card,49377,69236.87,210480.08,12972.08
ORD04490,2024-03-04,CUST1636,PROD075,1,0.2,Credit Card,900,1233.9,987.12,87.12
ORD04491,2023-02-27,CUST1962,PROD073,4,0.12,Credit Card,46032,71696.5,252371.68,68243.68
ORD04492,2025-09-20,CUST0938,PROD071,3,0.27,Cash on Delivery,43519,67540.9,147914.57,17357.57
ORD04493,2024-06-05,CUST1839,PROD014,4,0.16,Credit Card,6122,7697.1,25862.26,1374.26
ORD04494,2024-08-03,CUST0884,PROD094,1,0.11,UPI,11294,15724.54,13994.84,2700.84
ORD04495,2025-06-17,CUST1452,PROD024,2,0.18,Cash on Delivery,37354,59520.99,97614.42,22906.42
ORD04496,2024-09-12,CUST0425,PROD067,5,0.07,Debit Card,26070,33873.57,157512.1,27162.1
ORD04497,2025-12-03,CUST0387,PROD048,2,0.08,Credit Card,7733,9149.31,16834.73,1368.73
ORD04498,2025-08-23,CUST1263,PROD091,4,0.28,Cash on Delivery,15191,22378.08,64448.87,3684.87
ORD04499,2025-06-28,CUST1004,PROD065,3,0.24,UPI,5346,7358.43,16777.22,739.22
ORD04500,2024-05-07,CUST0858,PROD038,4,0.15,Debit Card,41219,64830.68,220424.31,55548.31
ORD04501,2024-05-13,CUST0623,PROD090,1,0.12,Cash on Delivery,39865,56163.4,49423.79,9558.79
ORD04502,2025-11-07,CUST0090,PROD070,1,0.24,Cash on Delivery,39873,55031.65,41824.05,1951.05
ORD04503,2024-08-27,CUST0385,PROD059,3,0.17,UPI,42048,65665.57,163507.27,37363.27
ORD04504,2025-08-05,CUST1999,PROD012,2,0.12,UPI,33865,44741.51,78745.06,11015.06
ORD04505,2023-10-21,CUST1163,PROD054,1,0.15,Credit Card,39049,55404.71,47094.0,8045.0
ORD04506,2023-06-21,CUST0997,PROD051,1,0.07,Debit Card,47215,72265.75,67207.15,19992.15
ORD04507,2024-06-14,CUST0647,PROD038,3,0.06,Cash on Delivery,41219,58486.22,164931.14,41274.14
ORD04508,2023-03-07,CUST1548,PROD046,2,0.3,UPI,11014,14142.07,19798.9,-2229.1
ORD04509,2023-05-21,CUST1268,PROD099,4,0.29,UPI,42208,59143.75,167968.25,-863.75
ORD04510,2024-03-21,CUST1529,PROD010,5,0.13,Cash on Delivery,38184,51335.01,223307.29,32387.29
ORD04511,2023-07-08,CUST0422,PROD009,3,0.15,UPI,7565,12051.96,30732.5,8037.5
ORD04512,2023-06-07,CUST1206,PROD087,2,0.25,UPI,1853,2173.43,3260.14,-445.86
ORD04513,2024-10-31,CUST1219,PROD094,5,0.22,Credit Card,11294,16891.15,65875.48,9405.48
ORD04514,2023-09-03,CUST0874,PROD052,3,0.03,Cash on Delivery,20157,23398.38,68089.29,7618.29
ORD04515,2025-05-05,CUST1658,PROD051,4,0.11,Credit Card,47215,67128.47,238977.35,50117.35
ORD04516,2025-08-01,CUST0053,PROD022,4,0.08,Debit Card,46697,62757.1,230946.13,44158.13
ORD04517,2025-01-17,CUST0986,PROD073,2,0.3,UPI,46032,71796.1,100514.54,8450.54
ORD04518,2025-11-22,CUST1014,PROD083,2,0.22,Credit Card,37036,51580.16,80465.05,6393.05
ORD04519,2023-11-26,CUST1952,PROD072,4,0.01,Cash on Delivery,16543,25183.41,99726.3,33554.3
ORD04520,2024-05-26,CUST1892,PROD068,4,0.27,Debit Card,30755,44670.52,130437.92,7417.92
ORD04521,2025-04-29,CUST0685,PROD005,3,0.28,Debit Card,14250,19254.27,41589.22,-1160.78
ORD04522,2025-12-30,CUST0179,PROD083,2,0.1,Credit Card,37036,48219.76,86795.57,12723.57
ORD04523,2023-03-20,CUST0293,PROD082,5,0.19,Credit Card,37566,45179.37,182976.45,-4853.55
ORD04524,2023-06-18,CUST0375,PROD029,4,0.2,UPI,23495,27162.18,86918.98,-7061.02
ORD04525,2025-03-20,CUST1083,PROD083,5,0.22,Credit Card,37036,42614.67,166197.21,-18982.79
ORD04526,2025-09-09,CUST1078,PROD006,2,0.21,Credit Card,17488,21888.98,34584.59,-391.41
ORD04527,2023-06-29,CUST1938,PROD069,2,0.17,Credit Card,21682,30407.16,50475.89,7111.89
ORD04528,2023-09-17,CUST1793,PROD058,1,0.29,Debit Card,29901,47511.87,33733.43,3832.43
ORD04529,2025-10-25,CUST1269,PROD043,4,0.15,Cash on Delivery,1019,1495.23,5083.78,1007.78
ORD04530,2023-10-24,CUST1173,PROD069,2,0.03,Credit Card,21682,25623.95,49710.46,6346.46
ORD04531,2024-09-11,CUST0796,PROD072,2,0.02,Debit Card,16543,23827.6,46702.1,13616.1
ORD04532,2025-05-04,CUST1392,PROD091,4,0.01,Debit Card,15191,20788.47,82322.34,21558.34
ORD04533,2023-12-26,CUST0016,PROD037,1,0.13,Credit Card,49377,70919.32,61699.81,12322.81
ORD04534,2023-04-27,CUST0176,PROD058,1,0.08,Debit Card,29901,42771.48,39349.76,9448.76
ORD04535,2023-12-23,CUST1564,PROD037,1,0.27,UPI,49377,59981.96,43786.83,-5590.17
ORD04536,2025-08-14,CUST1430,PROD082,1,0.26,Cash on Delivery,37566,58744.09,43470.63,5904.63
ORD04537,2024-03-14,CUST1491,PROD026,3,0.25,UPI,1165,1630.47,3668.56,173.56
ORD04538,2024-06-05,CUST1904,PROD042,4,0.26,Cash on Delivery,35023,51320.69,151909.24,11817.24
ORD04539,2023-07-18,CUST0129,PROD016,4,0.09,Debit Card,45432,60160.39,218983.82,37255.82
ORD04540,2025-12-09,CUST1247,PROD022,4,0.13,Credit Card,46697,56271.34,195824.26,9036.26
ORD04541,2024-10-31,CUST0884,PROD023,1,0.09,Credit Card,14296,20885.29,19005.61,4709.61
ORD04542,2025-11-19,CUST1268,PROD047,1,0.03,Debit Card,47956,75488.5,73223.84,25267.84
ORD04543,2023-01-31,CUST0426,PROD067,2,0.28,Credit Card,26070,36798.06,52989.21,849.21
ORD04544,2025-10-04,CUST0354,PROD003,3,0.18,Debit Card,7361,9123.16,22442.97,359.97
ORD04545,2023-11-29,CUST0750,PROD012,4,0.04,UPI,33865,48442.65,186019.78,50559.78
ORD04546,2024-10-21,CUST0744,PROD023,3,0.06,Debit Card,14296,19199.8,54143.44,11255.44
ORD04547,2023-06-26,CUST1350,PROD011,4,0.14,Debit Card,23684,31489.47,108323.78,13587.78
ORD04548,2024-01-05,CUST1628,PROD052,1,0.02,UPI,20157,31466.63,30837.3,10680.3
ORD04549,2024-06-30,CUST1027,PROD050,1,0.08,UPI,1097,1625.41,1495.38,398.38
ORD04550,2024-06-18,CUST0479,PROD057,4,0.21,Debit Card,43648,60188.33,190195.12,15603.12
ORD04551,2023-04-07,CUST0976,PROD064,5,0.28,UPI,24886,33294.37,119859.73,-4570.27
ORD04552,2023-08-18,CUST1105,PROD046,1,0.28,Cash on Delivery,11014,13870.12,9986.49,-1027.51
ORD04553,2023-08-15,CUST0044,PROD029,2,0.16,UPI,23495,30650.61,51493.02,4503.02
ORD04554,2024-01-06,CUST0155,PROD070,1,0.09,Credit Card,39873,55554.15,50554.28,10681.28
ORD04555,2023-02-24,CUST0947,PROD046,2,0.28,UPI,11014,12905.7,18584.21,-3443.79
ORD04556,2024-02-28,CUST1560,PROD016,3,0.24,UPI,45432,59556.04,135787.77,-508.23
ORD04557,2023-11-11,CUST1940,PROD098,1,0.18,Debit Card,27372,37563.67,30802.21,3430.21
ORD04558,2023-02-01,CUST0928,PROD051,1,0.25,UPI,47215,67221.54,50416.16,3201.16
ORD04559,2023-04-03,CUST0099,PROD011,3,0.14,Cash on Delivery,23684,35156.42,90703.56,19651.56
ORD04560,2024-06-02,CUST1421,PROD011,2,0.03,Debit Card,23684,27384.01,53124.98,5756.98
ORD04561,2025-05-02,CUST1904,PROD063,5,0.28,Cash on Delivery,48779,62566.95,225241.02,-18653.98
ORD04562,2025-01-21,CUST0171,PROD053,2,0.16,Credit Card,45509,57679.5,96901.56,5883.56
ORD04563,2024-02-20,CUST0148,PROD089,4,0.21,Debit Card,21871,30282.06,95691.31,8207.31
ORD04564,2024-07-10,CUST0123,PROD058,4,0.12,Debit Card,29901,40656.56,143111.09,23507.09
ORD04565,2024-01-01,CUST0112,PROD019,4,0.04,Credit Card,26105,30959.36,118883.94,14463.94
ORD04566,2024-08-21,CUST1023,PROD032,3,0.08,Credit Card,17963,26811.72,74000.35,20111.35
ORD04567,2023-11-27,CUST1012,PROD050,2,0.01,Cash on Delivery,1097,1600.82,3169.62,975.62
ORD04568,2024-11-19,CUST1154,PROD072,1,0.03,UPI,16543,25137.33,24383.21,7840.21
ORD04569,2023-01-11,CUST0068,PROD055,4,0.06,Debit Card,44065,52876.49,198815.6,22555.6
ORD04570,2025-03-28,CUST1883,PROD076,2,0.17,Debit Card,19739,27196.48,45146.16,5668.16
ORD04571,2024-02-23,CUST0828,PROD041,1,0.3,Cash on Delivery,37776,53705.19,37593.63,-182.37
ORD04572,2025-06-29,CUST1753,PROD099,2,0.25,Debit Card,42208,49468.74,74203.11,-10212.89
ORD04573,2023-12-14,CUST1924,PROD070,3,0.03,Credit Card,39873,63068.6,183529.63,63910.63
ORD04574,2025-08-15,CUST0892,PROD021,4,0.25,Debit Card,22664,34165.87,102497.61,11841.61
ORD04575,2024-02-16,CUST1632,PROD026,5,0.16,UPI,1165,1467.48,6163.42,338.42
ORD04576,2023-06-02,CUST1681,PROD001,4,0.2,Credit Card,19397,27794.7,88943.04,11355.04
ORD04577,2023-04-02,CUST1921,PROD081,4,0.04,Cash on Delivery,2375,2884.48,11076.4,1576.4
ORD04578,2023-11-27,CUST1569,PROD099,3,0.12,Cash on Delivery,42208,65124.61,171928.97,45304.97
ORD04579,2025-08-12,CUST1310,PROD027,1,0.27,Debit Card,33194,39642.05,28938.7,-4255.3
ORD04580,2025-08-27,CUST1029,PROD050,4,0.13,Credit Card,1097,1707.86,5943.35,1555.35
ORD04581,2024-07-07,CUST1142,PROD066,1,0.04,Credit Card,26705,40659.33,39032.96,12327.96
ORD04582,2025-07-18,CUST1676,PROD100,1,0.09,Credit Card,41593,56782.84,51672.38,10079.38
ORD04583,2023-07-13,CUST0230,PROD065,3,0.07,Debit Card,5346,7717.86,21532.83,5494.83
ORD04584,2024-06-13,CUST0160,PROD010,4,0.21,Debit Card,38184,48135.32,152107.61,-628.39
ORD04585,2025-04-24,CUST1318,PROD095,3,0.27,Cash on Delivery,3434,4543.04,9949.26,-352.74
ORD04586,2024-09-30,CUST1785,PROD037,3,0.22,UPI,49377,61615.1,144179.33,-3951.67
ORD04587,2024-04-22,CUST1809,PROD069,5,0.25,Credit Card,21682,30082.21,112808.29,4398.29
ORD04588,2024-04-24,CUST0186,PROD041,3,0.24,Debit Card,37776,48859.69,111400.09,-1927.91
ORD04589,2023-10-15,CUST1014,PROD046,5,0.0,Debit Card,11014,14408.47,72042.35,16972.35
ORD04590,2024-11-28,CUST0877,PROD077,1,0.04,UPI,10916,14728.35,14139.22,3223.22
ORD04591,2024-11-25,CUST0552,PROD045,1,0.13,Debit Card,45004,69426.16,60400.76,15396.76
ORD04592,2024-06-23,CUST1248,PROD088,2,0.03,Debit Card,27486,38394.61,74485.54,19513.54
ORD04593,2023-11-26,CUST1176,PROD027,2,0.22,Debit Card,33194,50221.47,78345.49,11957.49
ORD04594,2024-04-14,CUST1164,PROD065,1,0.02,Credit Card,5346,8189.26,8025.47,2679.47
ORD04595,2025-04-28,CUST1391,PROD084,4,0.12,UPI,6252,7880.29,27738.62,2730.62
ORD04596,2024-06-17,CUST1152,PROD008,2,0.12,Cash on Delivery,24024,36035.05,63421.69,15373.69
ORD04597,2024-04-11,CUST1375,PROD067,3,0.16,UPI,26070,37590.28,94727.51,16517.51
ORD04598,2025-09-03,CUST0147,PROD049,2,0.19,UPI,1602,2208.09,3577.11,373.11
ORD04599,2024-02-24,CUST1309,PROD096,1,0.28,Cash on Delivery,16906,20116.45,14483.84,-2422.16
ORD04600,2025-01-31,CUST1493,PROD089,4,0.08,Cash on Delivery,21871,30784.58,113287.25,25803.25
ORD04601,2025-10-02,CUST1242,PROD089,1,0.2,Debit Card,21871,26680.9,21344.72,-526.28
ORD04602,2025-06-09,CUST0436,PROD014,4,0.01,Debit Card,6122,9289.0,36784.44,12296.44
ORD04603,2023-11-04,CUST0732,PROD062,2,0.0,Debit Card,42867,67326.04,134652.08,48918.08
ORD04604,2025-07-12,CUST1169,PROD043,3,0.01,Credit Card,1019,1391.09,4131.54,1074.54
ORD04605,2023-11-30,CUST1865,PROD027,3,0.13,Credit Card,33194,44753.39,116806.35,17224.35
ORD04606,2025-08-11,CUST1301,PROD096,1,0.17,UPI,16906,23160.41,19223.14,2317.14
ORD04607,2025-10-18,CUST1778,PROD027,4,0.0,Credit Card,33194,39176.62,156706.48,23930.48
ORD04608,2025-02-27,CUST0060,PROD068,2,0.12,Credit Card,30755,38648.02,68020.52,6510.52
ORD04609,2025-04-11,CUST1634,PROD075,4,0.01,Cash on Delivery,900,1415.95,5607.16,2007.16
ORD04610,2025-04-23,CUST0843,PROD048,4,0.2,Debit Card,7733,10093.76,32300.03,1368.03
ORD04611,2023-09-07,CUST1399,PROD067,4,0.19,Cash on Delivery,26070,36918.01,119614.35,15334.35
ORD04612,2023-07-03,CUST0404,PROD025,2,0.24,Debit Card,31820,45888.06,69749.85,6109.85
ORD04613,2025-03-09,CUST0881,PROD064,4,0.16,UPI,24886,38441.91,129164.82,29620.82
ORD04614,2023-07-05,CUST1717,PROD024,3,0.19,Cash on Delivery,37354,46960.71,114114.53,2052.53
ORD04615,2025-12-28,CUST1138,PROD009,1,0.08,Debit Card,7565,11729.98,10791.58,3226.58
ORD04616,2025-04-17,CUST1519,PROD008,5,0.03,Cash on Delivery,24024,31861.71,154529.29,34409.29
ORD04617,2024-09-18,CUST0615,PROD095,4,0.22,Cash on Delivery,3434,5373.52,16765.38,3029.38
ORD04618,2025-05-08,CUST0336,PROD059,3,0.18,Debit Card,42048,56137.99,138099.46,11955.46
ORD04619,2023-01-08,CUST0831,PROD017,3,0.28,Credit Card,28919,34609.74,74757.04,-11999.96
ORD04620,2025-02-21,CUST1593,PROD043,1,0.3,Cash on Delivery,1019,1195.75,837.02,-181.98
ORD04621,2025-02-13,CUST0285,PROD095,1,0.25,UPI,3434,5443.85,4082.89,648.89
ORD04622,2025-10-03,CUST0129,PROD068,5,0.3,Credit Card,30755,37047.51,129666.28,-24108.72
ORD04623,2024-11-07,CUST1916,PROD004,5,0.19,Cash on Delivery,42258,58888.05,238496.6,27206.6
ORD04624,2023-07-30,CUST0315,PROD008,5,0.03,UPI,24024,33324.67,161624.65,41504.65
ORD04625,2024-05-04,CUST0960,PROD042,2,0.03,UPI,35023,46601.98,90407.84,20361.84
ORD04626,2024-09-30,CUST1622,PROD049,2,0.24,Debit Card,1602,2143.66,3258.36,54.36
ORD04627,2023-07-10,CUST1736,PROD006,3,0.07,Credit Card,17488,23854.9,66555.17,14091.17
ORD04628,2024-11-01,CUST0071,PROD073,1,0.02,Credit Card,46032,54998.59,53898.62,7866.62
ORD04629,2025-04-22,CUST0345,PROD042,4,0.14,Debit Card,35023,52741.42,181430.48,41338.48
ORD04630,2023-12-01,CUST1122,PROD072,1,0.09,Cash on Delivery,16543,21831.44,19866.61,3323.61
ORD04631,2024-08-01,CUST1324,PROD032,2,0.18,Cash on Delivery,17963,22634.15,37120.01,1194.01
ORD04632,2023-03-03,CUST0176,PROD015,3,0.18,UPI,18761,24262.11,59684.79,3401.79
ORD04633,2024-01-22,CUST1769,PROD082,4,0.2,UPI,37566,53544.38,171342.02,21078.02
ORD04634,2023-06-02,CUST0884,PROD087,5,0.17,UPI,1853,2777.27,11525.67,2260.67
ORD04635,2024-09-10,CUST1099,PROD069,5,0.11,UPI,21682,26431.2,117618.84,9208.84
ORD04636,2024-11-28,CUST0143,PROD027,2,0.01,Debit Card,33194,47024.48,93108.47,26720.47
ORD04637,2023-06-27,CUST0931,PROD097,3,0.27,Cash on Delivery,10894,14598.89,31971.57,-710.43
ORD04638,2025-04-26,CUST1047,PROD066,1,0.1,UPI,26705,41069.28,36962.35,10257.35
ORD04639,2024-05-01,CUST0181,PROD059,2,0.15,Credit Card,42048,66317.46,112739.68,28643.68
ORD04640,2024-05-14,CUST1069,PROD028,1,0.17,UPI,24730,35990.66,29872.25,5142.25
ORD04641,2024-06-24,CUST1493,PROD024,4,0.09,UPI,37354,52871.31,192451.57,43035.57
ORD04642,2023-01-13,CUST0092,PROD051,1,0.09,Cash on Delivery,47215,70877.27,64498.32,17283.32
ORD04643,2023-05-31,CUST1293,PROD021,4,0.08,UPI,22664,31120.23,114522.45,23866.45
ORD04644,2025-12-09,CUST0034,PROD031,3,0.07,Debit Card,15105,17747.13,49514.49,4199.49
ORD04645,2025-09-17,CUST0678,PROD075,2,0.01,Cash on Delivery,900,1318.94,2611.5,811.5
ORD04646,2024-10-05,CUST1606,PROD050,1,0.29,Cash on Delivery,1097,1548.06,1099.12,2.12
ORD04647,2024-01-07,CUST1388,PROD092,3,0.18,UPI,4811,5860.51,14416.85,-16.15
ORD04648,2023-09-09,CUST1732,PROD040,3,0.03,Debit Card,34631,43144.52,125550.55,21657.55
ORD04649,2023-02-22,CUST1157,PROD068,1,0.18,Cash on Delivery,30755,38560.76,31619.82,864.82
ORD04650,2023-07-12,CUST0759,PROD016,5,0.07,Credit Card,45432,67220.48,312575.23,85415.23
ORD04651,2024-08-13,CUST0382,PROD076,5,0.09,UPI,19739,27304.31,124234.61,25539.61
ORD04652,2025-12-16,CUST1704,PROD086,4,0.24,Cash on Delivery,12989,15217.29,46260.56,-5695.44
ORD04653,2023-04-07,CUST0966,PROD099,3,0.27,UPI,42208,64455.17,141156.82,14532.82
ORD04654,2023-07-17,CUST1301,PROD063,2,0.21,Credit Card,48779,70253.22,111000.09,13442.09
ORD04655,2023-05-27,CUST1180,PROD056,2,0.28,UPI,6756,9998.32,14397.58,885.58
ORD04656,2024-12-23,CUST0387,PROD080,3,0.27,UPI,24906,39148.41,85735.02,11017.02
ORD04657,2024-11-14,CUST0535,PROD024,5,0.17,Debit Card,37354,47330.34,196420.91,9650.91
ORD04658,2025-11-01,CUST0200,PROD099,3,0.27,Debit Card,42208,59737.99,130826.2,4202.2
ORD04659,2023-11-29,CUST0275,PROD028,4,0.16,Credit Card,24730,36898.81,123980.0,25060.0
ORD04660,2024-05-26,CUST0501,PROD093,3,0.03,Debit Card,48575,67070.24,195174.4,49449.4
ORD04661,2023-06-21,CUST0459,PROD085,1,0.25,Cash on Delivery,21717,29724.74,22293.56,576.56
ORD04662,2024-07-17,CUST0050,PROD089,5,0.04,Debit Card,21871,34292.11,164602.13,55247.13
ORD04663,2024-05-26,CUST0970,PROD031,1,0.09,Cash on Delivery,15105,19026.58,17314.19,2209.19
ORD04664,2023-04-15,CUST1722,PROD015,1,0.11,Credit Card,18761,27087.1,24107.52,5346.52
ORD04665,2024-11-04,CUST0988,PROD042,3,0.24,Credit Card,35023,55568.53,126696.25,21627.25
ORD04666,2025-03-17,CUST0532,PROD099,3,0.03,UPI,42208,52717.55,153408.07,26784.07
ORD04667,2025-11-30,CUST1004,PROD050,2,0.13,Cash on Delivery,1097,1489.82,2592.29,398.29
ORD04668,2025-06-07,CUST0628,PROD086,1,0.13,UPI,12989,20638.83,17955.78,4966.78
ORD04669,2025-05-25,CUST1116,PROD005,3,0.17,UPI,14250,16617.41,41377.35,-1372.65
ORD04670,2024-11-07,CUST1885,PROD048,2,0.11,UPI,7733,11084.75,19730.86,4264.86
ORD04671,2023-11-17,CUST1480,PROD013,1,0.17,Cash on Delivery,24204,32240.78,26759.85,2555.85
ORD04672,2023-12-01,CUST0339,PROD032,2,0.3,Debit Card,17963,26890.46,37646.64,1720.64
ORD04673,2023-09-21,CUST1077,PROD067,5,0.02,Cash on Delivery,26070,33772.6,165485.74,35135.74
ORD04674,2025-05-14,CUST1520,PROD079,4,0.26,Debit Card,16940,22323.49,66077.53,-1682.47
ORD04675,2023-12-18,CUST1659,PROD091,1,0.09,Cash on Delivery,15191,20994.52,19105.01,3914.01
ORD04676,2024-11-06,CUST1877,PROD091,3,0.14,Credit Card,15191,19834.08,51171.93,5598.93
ORD04677,2025-07-07,CUST1874,PROD030,5,0.22,Credit Card,27284,34563.6,134798.04,-1621.96
ORD04678,2023-01-05,CUST1801,PROD006,2,0.27,Debit Card,17488,22907.53,33444.99,-1531.01
ORD04679,2023-02-03,CUST0004,PROD025,4,0.0,UPI,31820,49593.95,198375.8,71095.8
ORD04680,2023-12-17,CUST1705,PROD028,1,0.2,UPI,24730,32252.96,25802.37,1072.37
ORD04681,2024-08-05,CUST0281,PROD062,4,0.02,UPI,42867,66647.24,261257.18,89789.18
ORD04682,2024-04-09,CUST1314,PROD022,5,0.16,UPI,46697,58009.76,243640.99,10155.99
ORD04683,2023-12-14,CUST0073,PROD068,4,0.22,Cash on Delivery,30755,44671.06,139373.71,16353.71
ORD04684,2023-05-05,CUST1161,PROD015,1,0.05,Credit Card,18761,27864.46,26471.24,7710.24
ORD04685,2023-12-23,CUST1874,PROD026,5,0.23,Cash on Delivery,1165,1398.13,5382.8,-442.2
ORD04686,2024-06-10,CUST0768,PROD063,2,0.09,Cash on Delivery,48779,68036.64,123826.68,26268.68
ORD04687,2024-05-12,CUST0971,PROD018,1,0.18,Cash on Delivery,34967,40417.97,33142.74,-1824.26
ORD04688,2023-02-22,CUST1677,PROD073,4,0.2,Debit Card,46032,72164.45,230926.24,46798.24
ORD04689,2023-05-29,CUST0998,PROD063,1,0.19,Credit Card,48779,67603.69,54758.99,5979.99
ORD04690,2024-05-17,CUST1417,PROD062,5,0.01,Debit Card,42867,50006.27,247531.04,33196.04
ORD04691,2025-05-19,CUST0208,PROD068,4,0.05,UPI,30755,44823.88,170330.74,47310.74
ORD04692,2023-08-07,CUST0260,PROD048,2,0.26,Credit Card,7733,11975.08,17723.12,2257.12
ORD04693,2024-03-27,CUST0930,PROD050,3,0.28,Debit Card,1097,1625.63,3511.36,220.36
ORD04694,2023-03-24,CUST0263,PROD063,2,0.17,Debit Card,48779,59031.55,97992.37,434.37
ORD04695,2025-01-07,CUST0783,PROD069,1,0.18,Cash on Delivery,21682,30201.93,24765.58,3083.58
ORD04696,2024-06-10,CUST0505,PROD006,3,0.23,Debit Card,17488,25880.39,59783.7,7319.7
ORD04697,2024-02-08,CUST1574,PROD058,5,0.12,Debit Card,29901,45158.18,198695.99,49190.99
ORD04698,2023-10-17,CUST0203,PROD051,4,0.1,UPI,47215,54637.24,196694.06,7834.06
ORD04699,2024-02-24,CUST1760,PROD012,4,0.23,UPI,33865,43268.73,133267.69,-2192.31
ORD04700,2023-12-05,CUST1371,PROD095,5,0.01,Debit Card,3434,5316.14,26314.89,9144.89
ORD04701,2025-02-15,CUST0052,PROD047,1,0.27,Debit Card,47956,60726.41,44330.28,-3625.72
ORD04702,2024-12-11,CUST1617,PROD009,2,0.13,Debit Card,7565,10308.37,17936.56,2806.56
ORD04703,2025-09-13,CUST1380,PROD007,3,0.15,Cash on Delivery,3479,5091.51,12983.35,2546.35
ORD04704,2025-08-16,CUST1747,PROD029,5,0.19,Cash on Delivery,23495,37439.74,151630.95,34155.95
ORD04705,2024-11-16,CUST1543,PROD078,1,0.08,Cash on Delivery,3912,5248.48,4828.6,916.6
ORD04706,2025-11-25,CUST0363,PROD051,1,0.18,UPI,47215,64998.7,53298.93,6083.93
ORD04707,2024-01-08,CUST0045,PROD084,3,0.21,Credit Card,6252,8761.45,20764.64,2008.64
ORD04708,2025-09-20,CUST0827,PROD055,5,0.04,Cash on Delivery,44065,55318.07,265526.74,45201.74
ORD04709,2024-06-14,CUST1402,PROD096,2,0.16,Cash on Delivery,16906,22246.69,37374.44,3562.44
ORD04710,2025-07-12,CUST0789,PROD059,2,0.1,Debit Card,42048,56576.0,101836.8,17740.8
ORD04711,2023-01-23,CUST1436,PROD056,5,0.17,Cash on Delivery,6756,7828.15,32486.82,-1293.18
ORD04712,2023-04-14,CUST0771,PROD022,4,0.01,Credit Card,46697,53861.56,213291.78,26503.78
ORD04713,2023-08-29,CUST0142,PROD100,2,0.22,UPI,41593,52030.3,81167.27,-2018.73
ORD04714,2025-10-01,CUST1282,PROD018,4,0.05,Cash on Delivery,34967,48271.96,183433.45,43565.45
ORD04715,2025-06-21,CUST0797,PROD058,5,0.21,UPI,29901,47245.41,186619.37,37114.37
ORD04716,2025-03-24,CUST1938,PROD040,1,0.23,Cash on Delivery,34631,54982.67,42336.66,7705.66
ORD04717,2024-10-16,CUST0037,PROD089,5,0.23,UPI,21871,31521.21,121356.66,12001.66
ORD04718,2025-02-21,CUST1965,PROD031,1,0.25,UPI,15105,22992.14,17244.1,2139.1
ORD04719,2023-11-03,CUST0045,PROD056,5,0.09,Cash on Delivery,6756,10507.71,47810.08,14030.08
ORD04720,2023-01-08,CUST0920,PROD035,4,0.29,Cash on Delivery,34337,52453.62,148968.28,11620.28
ORD04721,2025-12-28,CUST1656,PROD026,4,0.01,UPI,1165,1624.79,6434.17,1774.17
ORD04722,2024-07-28,CUST1070,PROD068,5,0.14,Credit Card,30755,45113.84,193989.51,40214.51
ORD04723,2025-12-27,CUST1676,PROD084,1,0.08,Credit Card,6252,7200.04,6624.04,372.04
ORD04724,2025-06-30,CUST0565,PROD034,5,0.22,Credit Card,48452,69849.95,272414.8,30154.8
ORD04725,2024-06-01,CUST0301,PROD076,1,0.24,Credit Card,19739,26482.61,20126.78,387.78
ORD04726,2025-11-20,CUST0288,PROD016,4,0.25,Cash on Delivery,45432,65427.55,196282.65,14554.65
ORD04727,2024-04-27,CUST0786,PROD042,3,0.09,Debit Card,35023,51220.56,139832.13,34763.13
ORD04728,2023-07-26,CUST0269,PROD005,2,0.08,UPI,14250,17015.26,31308.08,2808.08
ORD04729,2024-10-30,CUST1924,PROD061,4,0.2,Credit Card,13164,20319.21,65021.47,12365.47
ORD04730,2024-08-01,CUST0791,PROD044,5,0.28,Credit Card,31606,38846.28,139846.61,-18183.39
ORD04731,2024-01-22,CUST1086,PROD035,5,0.08,Debit Card,34337,39649.18,182386.23,10701.23
ORD04732,2024-02-16,CUST1590,PROD091,1,0.27,Debit Card,15191,20407.11,14897.19,-293.81
ORD04733,2025-06-09,CUST1994,PROD001,2,0.18,Cash on Delivery,19397,23089.21,37866.3,-927.7
ORD04734,2025-06-24,CUST1975,PROD098,4,0.22,UPI,27372,43252.95,134949.2,25461.2
ORD04735,2025-08-20,CUST0581,PROD043,2,0.13,UPI,1019,1301.99,2265.46,227.46
ORD04736,2025-08-22,CUST1266,PROD032,2,0.24,Debit Card,17963,22464.88,34146.62,-1779.38
ORD04737,2023-05-20,CUST0936,PROD063,4,0.29,Debit Card,48779,61846.67,175644.54,-19471.46
ORD04738,2023-10-27,CUST1806,PROD033,1,0.05,Debit Card,8919,11394.11,10824.4,1905.4
ORD04739,2025-11-02,CUST1788,PROD095,1,0.12,Cash on Delivery,3434,4045.79,3560.3,126.3
ORD04740,2024-10-25,CUST0354,PROD077,1,0.26,UPI,10916,15206.02,11252.45,336.45
ORD04741,2025-04-04,CUST1820,PROD066,3,0.05,Debit Card,26705,30927.12,88142.29,8027.29
ORD04742,2024-02-04,CUST0968,PROD030,2,0.12,Credit Card,27284,40545.3,71359.73,16791.73
ORD04743,2025-09-18,CUST2000,PROD010,3,0.05,UPI,38184,57103.36,162744.58,48192.58
ORD04744,2023-05-29,CUST1887,PROD023,1,0.19,UPI,14296,19011.74,15399.51,1103.51
ORD04745,2023-11-03,CUST0071,PROD097,4,0.07,Credit Card,10894,17287.35,64308.94,20732.94
ORD04746,2025-12-19,CUST0835,PROD039,2,0.11,Credit Card,46187,69363.96,123467.85,31093.85
ORD04747,2024-03-10,CUST0413,PROD045,4,0.15,UPI,45004,54246.9,184439.46,4423.46
ORD04748,2023-01-21,CUST0612,PROD029,5,0.09,UPI,23495,37378.94,170074.18,52599.18
ORD04749,2025-05-24,CUST1085,PROD030,2,0.2,Debit Card,27284,41752.84,66804.54,12236.54
ORD04750,2024-01-17,CUST0615,PROD034,4,0.03,Cash on Delivery,48452,71069.19,275748.46,81940.46
ORD04751,2023-09-02,CUST1476,PROD052,1,0.26,Cash on Delivery,20157,29107.76,21539.74,1382.74
ORD04752,2024-11-28,CUST1417,PROD081,3,0.14,Debit Card,2375,3377.58,8714.16,1589.16
ORD04753,2024-08-12,CUST1655,PROD022,4,0.17,Credit Card,46697,74509.81,247372.57,60584.57
ORD04754,2024-01-25,CUST0529,PROD005,5,0.19,Credit Card,14250,19455.83,78796.11,7546.11
ORD04755,2024-07-21,CUST1329,PROD011,1,0.02,Credit Card,23684,29003.96,28423.88,4739.88
ORD04756,2023-09-16,CUST0191,PROD086,5,0.23,Credit Card,12989,16658.48,64135.15,-809.85
ORD04757,2024-03-01,CUST1748,PROD032,3,0.28,Debit Card,17963,23690.46,51171.39,-2717.61
ORD04758,2025-10-26,CUST0078,PROD024,5,0.16,UPI,37354,48276.08,202759.54,15989.54
ORD04759,2023-01-06,CUST1582,PROD011,4,0.12,Debit Card,23684,27560.09,97011.52,2275.52
ORD04760,2023-07-10,CUST1629,PROD011,4,0.24,Credit Card,23684,28022.37,85188.0,-9548.0
ORD04761,2023-05-28,CUST0889,PROD017,1,0.22,Debit Card,28919,33320.98,25990.36,-2928.64
ORD04762,2024-02-09,CUST1549,PROD032,3,0.2,Cash on Delivery,17963,26146.95,62752.68,8863.68
ORD04763,2023-09-15,CUST1764,PROD083,3,0.29,Cash on Delivery,37036,53666.16,114308.92,3200.92
ORD04764,2024-12-30,CUST1325,PROD027,2,0.17,Credit Card,33194,39190.76,65056.66,-1331.34
ORD04765,2023-03-31,CUST0949,PROD032,2,0.07,Debit Card,17963,23205.2,43161.67,7235.67
ORD04766,2025-04-03,CUST0017,PROD061,4,0.01,Cash on Delivery,13164,16815.11,66587.84,13931.84
ORD04767,2023-01-10,CUST0815,PROD025,5,0.14,UPI,31820,43088.17,185279.13,26179.13
ORD04768,2025-04-17,CUST1598,PROD064,5,0.2,Credit Card,24886,32635.84,130543.36,6113.36
ORD04769,2025-09-14,CUST0434,PROD064,1,0.05,Debit Card,24886,37807.57,35917.19,11031.19
ORD04770,2024-09-16,CUST1067,PROD028,3,0.01,Credit Card,24730,38262.41,113639.36,39449.36
ORD04771,2023-01-30,CUST1092,PROD040,4,0.27,Cash on Delivery,34631,43036.58,125666.81,-12857.19
ORD04772,2023-05-08,CUST1404,PROD091,5,0.09,UPI,15191,18296.79,83250.39,7295.39
ORD04773,2024-02-25,CUST0212,PROD014,2,0.14,Cash on Delivery,6122,9352.5,16086.3,3842.3
ORD04774,2025-12-14,CUST0203,PROD042,4,0.03,Credit Card,35023,48180.2,186939.18,46847.18
ORD04775,2023-11-01,CUST0726,PROD039,1,0.11,UPI,46187,59856.88,53272.62,7085.62
ORD04776,2024-06-29,CUST0109,PROD002,4,0.13,Debit Card,8668,10168.66,35386.94,714.94
ORD04777,2023-01-22,CUST0968,PROD081,5,0.27,Cash on Delivery,2375,3379.05,12333.53,458.53
ORD04778,2024-01-26,CUST0284,PROD001,1,0.26,UPI,19397,24119.72,17848.59,-1548.41
ORD04779,2024-09-08,CUST0941,PROD032,2,0.06,Credit Card,17963,20962.09,39408.73,3482.73
ORD04780,2023-05-29,CUST1961,PROD083,2,0.17,Debit Card,37036,50004.67,83007.75,8935.75
ORD04781,2023-10-26,CUST1630,PROD064,5,0.22,Credit Card,24886,35306.06,137693.63,13263.63
ORD04782,2023-06-21,CUST1249,PROD078,1,0.09,Credit Card,3912,4800.49,4368.45,456.45
ORD04783,2023-02-16,CUST0737,PROD031,2,0.12,Debit Card,15105,21798.84,38365.96,8155.96
ORD04784,2024-09-17,CUST1775,PROD058,1,0.3,UPI,29901,36927.72,25849.4,-4051.6
ORD04785,2023-07-26,CUST1142,PROD082,4,0.23,UPI,37566,43551.5,134138.62,-16125.38
ORD04786,2024-03-28,CUST0932,PROD078,3,0.13,Debit Card,3912,4760.98,12426.16,690.16
ORD04787,2025-07-13,CUST0603,PROD014,3,0.16,Debit Card,6122,8657.41,21816.67,3450.67
ORD04788,2025-01-23,CUST1364,PROD088,3,0.19,Credit Card,27486,39466.85,95904.45,13446.45
ORD04789,2024-12-08,CUST1825,PROD069,2,0.15,Credit Card,21682,33371.99,56732.38,13368.38
ORD04790,2025-10-05,CUST1305,PROD016,5,0.12,Cash on Delivery,45432,53522.38,235498.47,8338.47
ORD04791,2024-11-06,CUST0491,PROD069,3,0.11,Debit Card,21682,34232.21,91400.0,26354.0
ORD04792,2025-05-04,CUST0019,PROD054,5,0.05,Cash on Delivery,39049,54077.62,256868.7,61623.7
ORD04793,2025-02-21,CUST1199,PROD013,3,0.29,Debit Card,24204,30509.5,64985.23,-7626.77
ORD04794,2024-11-14,CUST1493,PROD080,4,0.03,Cash on Delivery,24906,32737.36,127020.96,27396.96
ORD04795,2025-08-20,CUST1642,PROD079,3,0.18,Credit Card,16940,19905.43,48967.36,-1852.64
ORD04796,2025-05-13,CUST0801,PROD031,5,0.29,Credit Card,15105,18119.07,64322.7,-11202.3
ORD04797,2023-06-17,CUST0760,PROD069,2,0.11,UPI,21682,33543.8,59707.96,16343.96
ORD04798,2023-03-27,CUST1859,PROD021,4,0.08,Cash on Delivery,22664,27143.73,99888.93,9232.93
ORD04799,2025-04-28,CUST1166,PROD030,5,0.29,Debit Card,27284,32062.19,113820.77,-22599.23
ORD04800,2025-12-10,CUST1487,PROD023,1,0.24,Cash on Delivery,14296,20289.18,15419.78,1123.78
ORD04801,2024-03-17,CUST0929,PROD038,3,0.2,Credit Card,41219,54501.02,130802.45,7145.45
ORD04802,2023-09-28,CUST0298,PROD029,4,0.18,UPI,23495,31311.04,102700.21,8720.21
ORD04803,2023-12-10,CUST1494,PROD077,2,0.11,Cash on Delivery,10916,13144.21,23396.69,1564.69
ORD04804,2024-05-17,CUST0705,PROD032,1,0.19,Credit Card,17963,21014.48,17021.73,-941.27
ORD04805,2025-10-30,CUST1887,PROD062,3,0.22,Debit Card,42867,65997.1,154433.21,25832.21
ORD04806,2024-05-08,CUST0815,PROD091,4,0.01,UPI,15191,20132.51,79724.74,18960.74
ORD04807,2023-09-01,CUST0803,PROD098,5,0.04,Credit Card,27372,32834.03,157603.34,20743.34
ORD04808,2023-09-24,CUST0373,PROD045,3,0.09,Debit Card,45004,55810.12,152361.63,17349.63
ORD04809,2025-06-11,CUST1492,PROD049,4,0.1,Cash on Delivery,1602,1916.49,6899.36,491.36
ORD04810,2023-07-20,CUST0928,PROD033,3,0.27,Debit Card,8919,12175.69,26664.76,-92.24
ORD04811,2023-08-27,CUST0951,PROD004,4,0.21,Debit Card,42258,63876.23,201848.89,32816.89
ORD04812,2025-07-03,CUST1462,PROD018,5,0.11,Debit Card,34967,46403.62,206496.11,31661.11
ORD04813,2025-08-26,CUST0844,PROD070,3,0.24,UPI,39873,56976.65,129906.76,10287.76
ORD04814,2024-04-28,CUST0947,PROD064,4,0.1,Credit Card,24886,36183.02,130258.87,30714.87
ORD04815,2023-09-03,CUST1744,PROD028,1,0.3,Credit Card,24730,36363.82,25454.67,724.67
ORD04816,2025-10-28,CUST0443,PROD058,2,0.23,Debit Card,29901,42533.84,65502.11,5700.11
ORD04817,2023-06-01,CUST1480,PROD091,4,0.24,Cash on Delivery,15191,21257.37,64622.4,3858.4
ORD04818,2023-07-30,CUST1272,PROD090,4,0.08,Cash on Delivery,39865,54426.62,200289.96,40829.96
ORD04819,2024-01-02,CUST0142,PROD056,4,0.04,Credit Card,6756,9209.25,35363.52,8339.52
ORD04820,2025-08-01,CUST0402,PROD020,3,0.12,Cash on Delivery,29671,38566.94,101816.72,12803.72
ORD04821,2023-03-27,CUST1920,PROD077,2,0.1,Debit Card,10916,15031.81,27057.26,5225.26
ORD04822,2025-12-14,CUST0823,PROD092,3,0.23,Credit Card,4811,6569.79,15176.21,743.21
ORD04823,2024-03-21,CUST0222,PROD034,4,0.05,Credit Card,48452,62684.38,238200.64,44392.64
ORD04824,2024-09-11,CUST0737,PROD087,4,0.16,Cash on Delivery,1853,2382.06,8003.72,591.72
ORD04825,2023-10-31,CUST1890,PROD010,2,0.19,Credit Card,38184,51576.31,83553.62,7185.62
ORD04826,2023-05-12,CUST1208,PROD094,1,0.12,UPI,11294,17069.44,15021.11,3727.11
ORD04827,2025-06-22,CUST1388,PROD022,3,0.06,Debit Card,46697,58906.73,166116.98,26025.98
ORD04828,2025-09-14,CUST1841,PROD005,1,0.27,UPI,14250,21808.6,15920.28,1670.28
ORD04829,2023-02-16,CUST0994,PROD044,4,0.04,Credit Card,31606,46643.57,179111.31,52687.31
ORD04830,2025-01-26,CUST1212,PROD009,4,0.09,Cash on Delivery,7565,9591.3,34912.33,4652.33
ORD04831,2024-11-20,CUST0113,PROD043,5,0.23,UPI,1019,1178.19,4536.03,-558.97
ORD04832,2025-11-13,CUST1205,PROD004,5,0.18,UPI,42258,50057.52,205235.83,-6054.17
ORD04833,2024-11-17,CUST1223,PROD042,1,0.22,UPI,35023,54190.8,42268.82,7245.82
ORD04834,2025-02-24,CUST1926,PROD065,5,0.24,Cash on Delivery,5346,8089.12,30738.66,4008.66
ORD04835,2023-12-06,CUST1094,PROD098,2,0.27,Cash on Delivery,27372,36153.2,52783.67,-1960.33
ORD04836,2024-02-16,CUST0598,PROD041,1,0.09,Credit Card,37776,44491.32,40487.1,2711.1
ORD04837,2023-10-13,CUST0904,PROD064,5,0.14,Cash on Delivery,24886,37702.53,162120.88,37690.88
ORD04838,2025-04-29,CUST0485,PROD055,5,0.21,UPI,44065,55736.01,220157.24,-167.76
ORD04839,2024-03-05,CUST1423,PROD090,2,0.24,Credit Card,39865,62942.97,95673.31,15943.31
ORD04840,2023-01-31,CUST1946,PROD018,2,0.17,Cash on Delivery,34967,48439.93,80410.28,10476.28
ORD04841,2024-08-25,CUST0551,PROD016,1,0.15,Debit Card,45432,66868.19,56837.96,11405.96
ORD04842,2024-03-15,CUST1667,PROD087,3,0.21,Cash on Delivery,1853,2516.04,5963.01,404.01
ORD04843,2025-09-11,CUST1977,PROD046,2,0.11,Cash on Delivery,11014,12803.32,22789.91,761.91
ORD04844,2024-02-16,CUST1034,PROD036,5,0.27,Credit Card,5763,6791.28,24788.17,-4026.83
ORD04845,2024-06-11,CUST0003,PROD090,1,0.06,Credit Card,39865,63353.14,59551.95,19686.95
ORD04846,2023-11-06,CUST1502,PROD066,3,0.27,Credit Card,26705,35664.79,78105.89,-2009.11
ORD04847,2025-08-06,CUST1838,PROD044,1,0.19,Debit Card,31606,38952.13,31551.23,-54.77
ORD04848,2024-11-04,CUST0662,PROD005,5,0.18,Debit Card,14250,21006.39,86126.2,14876.2
ORD04849,2024-03-12,CUST0067,PROD029,3,0.14,Cash on Delivery,23495,36346.45,93773.84,23288.84
ORD04850,2024-12-04,CUST0705,PROD004,3,0.05,Cash on Delivery,42258,53673.68,152969.99,26195.99
ORD04851,2024-10-24,CUST1121,PROD099,2,0.26,Credit Card,42208,59386.9,87892.61,3476.61
ORD04852,2023-12-31,CUST1555,PROD086,4,0.02,Credit Card,12989,16371.65,64176.87,12220.87
ORD04853,2025-07-11,CUST1342,PROD049,5,0.08,Debit Card,1602,2435.28,11202.29,3192.29
ORD04854,2023-04-23,CUST0098,PROD072,4,0.03,Debit Card,16543,19670.62,76322.01,10150.01
ORD04855,2023-06-25,CUST1081,PROD085,5,0.03,Credit Card,21717,28615.11,138783.28,30198.28
ORD04856,2025-07-24,CUST1887,PROD008,1,0.12,Cash on Delivery,24024,31734.58,27926.43,3902.43
ORD04857,2024-01-17,CUST1131,PROD052,4,0.05,Debit Card,20157,28957.87,110039.91,29411.91
ORD04858,2023-11-02,CUST0088,PROD069,3,0.17,Credit Card,21682,26673.08,66415.97,1369.97
ORD04859,2024-08-24,CUST0972,PROD021,2,0.19,Credit Card,22664,30908.1,50071.12,4743.12
ORD04860,2023-12-09,CUST0653,PROD027,5,0.26,Credit Card,33194,46419.17,171750.93,5780.93
ORD04861,2023-06-05,CUST0656,PROD038,2,0.09,Debit Card,41219,63926.39,116346.03,33908.03
ORD04862,2024-12-12,CUST0912,PROD005,5,0.09,Cash on Delivery,14250,19764.66,89929.2,18679.2
ORD04863,2025-12-14,CUST0371,PROD085,3,0.07,Debit Card,21717,26263.79,73275.97,8124.97
ORD04864,2024-02-07,CUST0375,PROD061,3,0.23,Cash on Delivery,13164,15738.89,36356.84,-3135.16
ORD04865,2024-09-05,CUST0052,PROD008,3,0.13,Debit Card,24024,37618.27,98183.68,26111.68
ORD04866,2025-03-07,CUST1748,PROD086,3,0.17,Credit Card,12989,20663.56,51452.26,12485.26
ORD04867,2024-09-14,CUST0041,PROD018,3,0.11,Credit Card,34967,42840.32,114383.65,9482.65
ORD04868,2024-08-25,CUST0816,PROD004,2,0.05,UPI,42258,62884.53,119480.61,34964.61
ORD04869,2023-06-26,CUST0091,PROD004,1,0.03,Credit Card,42258,53364.32,51763.39,9505.39
ORD04870,2024-03-24,CUST0039,PROD037,4,0.26,Cash on Delivery,49377,75290.65,222860.32,25352.32
ORD04871,2025-01-12,CUST1037,PROD015,2,0.08,Credit Card,18761,22390.75,41198.98,3676.98
ORD04872,2023-10-28,CUST0900,PROD038,4,0.28,UPI,41219,55509.81,159868.25,-5007.75
ORD04873,2024-12-07,CUST1632,PROD027,1,0.28,Credit Card,33194,47076.78,33895.28,701.28
ORD04874,2023-11-03,CUST0621,PROD085,5,0.14,Credit Card,21717,33305.75,143214.72,34629.72
ORD04875,2025-01-20,CUST0104,PROD048,1,0.29,Debit Card,7733,11874.23,8430.7,697.7
ORD04876,2025-05-18,CUST1890,PROD046,1,0.01,Cash on Delivery,11014,13579.52,13443.72,2429.72
ORD04877,2023-08-02,CUST0743,PROD046,5,0.03,UPI,11014,17459.43,84678.24,29608.24
ORD04878,2024-04-27,CUST0043,PROD048,4,0.07,Debit Card,7733,11115.02,41347.87,10415.87
ORD04879,2025-12-26,CUST0209,PROD059,3,0.06,UPI,42048,60820.24,171513.08,45369.08
ORD04880,2023-05-13,CUST0600,PROD004,5,0.08,Credit Card,42258,65501.88,301308.65,90018.65
ORD04881,2024-05-26,CUST0605,PROD075,5,0.14,UPI,900,1164.72,5008.3,508.3
ORD04882,2023-07-30,CUST1710,PROD019,1,0.02,Debit Card,26105,34898.42,34200.45,8095.45
ORD04883,2025-09-14,CUST0476,PROD057,5,0.17,Credit Card,43648,69541.95,288599.09,70359.09
ORD04884,2025-09-13,CUST1662,PROD019,2,0.09,Debit Card,26105,30215.03,54991.35,2781.35
ORD04885,2024-12-17,CUST0109,PROD091,3,0.02,Cash on Delivery,15191,23397.51,68788.68,23215.68
ORD04886,2023-09-10,CUST1583,PROD042,1,0.23,Cash on Delivery,35023,53554.64,41237.07,6214.07
ORD04887,2023-02-07,CUST0214,PROD092,4,0.2,Cash on Delivery,4811,6100.76,19522.43,278.43
ORD04888,2025-12-02,CUST1628,PROD005,4,0.24,UPI,14250,21656.62,65836.12,8836.12
ORD04889,2024-09-20,CUST1717,PROD048,4,0.28,Cash on Delivery,7733,10042.15,28921.39,-2010.61
ORD04890,2025-09-13,CUST0409,PROD025,4,0.18,UPI,31820,45599.32,149565.77,22285.77
ORD04891,2023-02-15,CUST1577,PROD067,4,0.24,UPI,26070,35223.05,107078.07,2798.07
ORD04892,2023-11-01,CUST0771,PROD026,1,0.06,Debit Card,1165,1392.87,1309.3,144.3
ORD04893,2023-08-21,CUST0633,PROD074,2,0.12,Credit Card,36254,56299.25,99086.68,26578.68
ORD04894,2023-09-02,CUST0077,PROD088,2,0.16,Credit Card,27486,38353.06,64433.14,9461.14
ORD04895,2025-01-29,CUST0095,PROD062,4,0.16,Debit Card,42867,58591.26,196866.63,25398.63
ORD04896,2025-04-18,CUST0269,PROD093,2,0.22,Cash on Delivery,48575,75085.97,117134.11,19984.11
ORD04897,2023-06-07,CUST0361,PROD007,3,0.24,Debit Card,3479,4514.38,10292.79,-144.21
ORD04898,2025-10-21,CUST0530,PROD044,2,0.2,Debit Card,31606,44458.71,71133.94,7921.94
ORD04899,2023-08-05,CUST1829,PROD087,5,0.01,Credit Card,1853,2866.64,14189.87,4924.87
ORD04900,2025-07-16,CUST0683,PROD027,4,0.11,UPI,33194,43294.82,154129.56,21353.56
ORD04901,2024-05-21,CUST0162,PROD042,5,0.17,Debit Card,35023,52782.85,219048.83,43933.83
ORD04902,2025-01-30,CUST0465,PROD073,5,0.15,Debit Card,46032,63591.68,270264.64,40104.64
ORD04903,2025-06-22,CUST0823,PROD056,4,0.01,UPI,6756,8249.04,32666.2,5642.2
ORD04904,2024-08-03,CUST1588,PROD003,1,0.29,Credit Card,7361,8599.61,6105.72,-1255.28
ORD04905,2025-11-19,CUST0548,PROD013,2,0.29,Cash on Delivery,24204,35749.95,50764.93,2356.93
ORD04906,2024-09-18,CUST1974,PROD070,3,0.23,Debit Card,39873,50552.74,116776.83,-2842.17
ORD04907,2024-06-03,CUST1211,PROD059,1,0.02,Cash on Delivery,42048,63790.09,62514.29,20466.29
ORD04908,2023-10-02,CUST1906,PROD038,3,0.13,Cash on Delivery,41219,50906.2,132865.18,9208.18
ORD04909,2024-05-06,CUST1784,PROD085,4,0.12,Debit Card,21717,30524.01,107444.52,20576.52
ORD04910,2025-04-06,CUST0052,PROD083,2,0.17,Cash on Delivery,37036,44149.18,73287.64,-784.36
ORD04911,2025-08-08,CUST0488,PROD089,1,0.02,Debit Card,21871,32393.04,31745.18,9874.18
ORD04912,2025-07-14,CUST1555,PROD068,4,0.13,UPI,30755,45965.39,159959.56,36939.56
ORD04913,2025-04-26,CUST1420,PROD086,1,0.23,UPI,12989,20294.61,15626.85,2637.85
ORD04914,2025-11-25,CUST0092,PROD069,5,0.3,UPI,21682,30411.43,106440.0,-1970.0
ORD04915,2025-12-03,CUST0651,PROD001,2,0.18,UPI,19397,23235.64,38106.45,-687.55
ORD04916,2023-02-08,CUST1840,PROD050,2,0.28,Credit Card,1097,1670.18,2405.06,211.06
ORD04917,2023-08-27,CUST0357,PROD081,4,0.3,UPI,2375,3066.72,8586.82,-913.18
ORD04918,2025-11-02,CUST1756,PROD073,4,0.13,Debit Card,46032,71571.34,249068.26,64940.26
ORD04919,2023-05-02,CUST1635,PROD009,4,0.2,Debit Card,7565,12028.54,38491.33,8231.33
ORD04920,2023-05-24,CUST1772,PROD053,2,0.06,Debit Card,45509,55048.59,103491.35,12473.35
ORD04921,2024-11-14,CUST0719,PROD088,5,0.14,Cash on Delivery,27486,32635.0,140330.5,2900.5
ORD04922,2024-03-30,CUST1168,PROD010,2,0.02,Debit Card,38184,59334.94,116296.48,39928.48
ORD04923,2024-01-03,CUST0199,PROD084,4,0.01,Credit Card,6252,9718.7,38486.05,13478.05
ORD04924,2025-01-28,CUST0815,PROD081,3,0.27,Credit Card,2375,3356.68,7351.13,226.13
ORD04925,2023-09-04,CUST1347,PROD077,5,0.26,Credit Card,10916,16916.03,62589.31,8009.31
ORD04926,2025-07-11,CUST1823,PROD029,2,0.09,Credit Card,23495,36857.42,67080.5,20090.5
ORD04927,2025-12-04,CUST1356,PROD036,3,0.14,Credit Card,5763,8067.77,20814.85,3525.85
ORD04928,2025-02-03,CUST1288,PROD087,5,0.15,Credit Card,1853,2703.41,11489.49,2224.49
ORD04929,2024-01-10,CUST0217,PROD027,2,0.16,UPI,33194,47338.22,79528.21,13140.21
ORD04930,2023-07-26,CUST1725,PROD018,4,0.04,Credit Card,34967,42959.39,164964.06,25096.06
ORD04931,2024-06-02,CUST0556,PROD018,2,0.23,Cash on Delivery,34967,47076.29,72497.49,2563.49
ORD04932,2023-08-30,CUST1458,PROD009,5,0.1,Credit Card,7565,11019.35,49587.08,11762.08
ORD04933,2025-03-29,CUST0803,PROD067,4,0.01,Debit Card,26070,37139.87,147073.89,42793.89
ORD04934,2023-10-29,CUST1484,PROD007,1,0.2,Debit Card,3479,4337.6,3470.08,-8.92
ORD04935,2024-12-01,CUST0701,PROD058,3,0.25,Cash on Delivery,29901,46627.37,104911.58,15208.58
ORD04936,2023-10-15,CUST0503,PROD079,4,0.28,Credit Card,16940,25457.95,73318.9,5558.9
ORD04937,2023-06-03,CUST0469,PROD030,4,0.2,UPI,27284,32217.11,103094.75,-6041.25
ORD04938,2024-02-27,CUST1975,PROD073,5,0.06,UPI,46032,60064.18,282301.65,52141.65
ORD04939,2025-04-29,CUST1730,PROD061,5,0.18,UPI,13164,21035.97,86247.48,20427.48
ORD04940,2023-02-19,CUST1806,PROD091,3,0.27,UPI,15191,20134.37,44094.27,-1478.73
ORD04941,2024-07-17,CUST0366,PROD100,5,0.11,Credit Card,41593,60249.27,268109.25,60144.25
ORD04942,2025-05-03,CUST1796,PROD082,4,0.29,Cash on Delivery,37566,44902.82,127524.01,-22739.99
ORD04943,2025-06-01,CUST1937,PROD095,3,0.03,UPI,3434,4429.57,12890.05,2588.05
ORD04944,2024-10-23,CUST1263,PROD017,3,0.22,Credit Card,28919,44735.5,104681.07,17924.07
ORD04945,2024-07-18,CUST0624,PROD053,2,0.04,Credit Card,45509,62790.71,120558.16,29540.16
ORD04946,2023-08-01,CUST1605,PROD006,4,0.24,Credit Card,17488,26604.5,80877.68,10925.68
ORD04947,2025-12-25,CUST0920,PROD039,4,0.03,Credit Card,46187,53274.25,206704.09,21956.09
ORD04948,2025-03-21,CUST0561,PROD025,5,0.1,Credit Card,31820,46131.47,207591.62,48491.62
ORD04949,2025-04-29,CUST0823,PROD042,4,0.23,Debit Card,35023,45003.42,138610.53,-1481.47
ORD04950,2025-05-30,CUST0967,PROD042,5,0.14,Credit Card,35023,53842.59,231523.14,56408.14
ORD04951,2025-12-24,CUST0663,PROD059,4,0.26,Credit Card,42048,66218.07,196005.49,27813.49
ORD04952,2023-11-30,CUST0751,PROD038,2,0.12,Credit Card,41219,60156.18,105874.88,23436.88
ORD04953,2023-02-01,CUST1873,PROD031,4,0.3,Debit Card,15105,18363.68,51418.3,-9001.7
ORD04954,2025-05-17,CUST1420,PROD029,2,0.01,Debit Card,23495,31968.43,63297.49,16307.49
ORD04955,2025-06-16,CUST1419,PROD009,4,0.21,Cash on Delivery,7565,10281.01,32487.99,2227.99
ORD04956,2024-08-23,CUST1651,PROD001,4,0.27,Cash on Delivery,19397,29553.93,86297.48,8709.48
ORD04957,2025-09-14,CUST1099,PROD080,1,0.16,Credit Card,24906,33804.34,28395.65,3489.65
ORD04958,2024-08-21,CUST1122,PROD087,4,0.3,UPI,1853,2408.32,6743.3,-668.7
ORD04959,2024-06-03,CUST0383,PROD072,2,0.21,Credit Card,16543,23575.57,37249.4,4163.4
ORD04960,2025-05-18,CUST1647,PROD047,3,0.13,Cash on Delivery,47956,69113.56,180386.39,36518.39
ORD04961,2023-01-16,CUST1893,PROD076,2,0.15,UPI,19739,29894.25,50820.22,11342.22
ORD04962,2023-10-10,CUST1394,PROD010,4,0.26,UPI,38184,59383.7,175775.75,23039.75
ORD04963,2023-12-27,CUST1309,PROD016,5,0.29,Cash on Delivery,45432,70441.43,250067.08,22907.08
ORD04964,2025-11-24,CUST1280,PROD047,1,0.17,Credit Card,47956,68674.23,56999.61,9043.61
ORD04965,2023-04-23,CUST1854,PROD043,5,0.09,Cash on Delivery,1019,1412.26,6425.78,1330.78
ORD04966,2023-11-04,CUST0309,PROD024,1,0.07,UPI,37354,56425.07,52475.32,15121.32
ORD04967,2025-08-16,CUST1653,PROD008,1,0.14,Debit Card,24024,30944.24,26612.05,2588.05
ORD04968,2025-12-12,CUST0176,PROD075,5,0.09,Credit Card,900,1341.96,6105.92,1605.92
ORD04969,2025-04-13,CUST0228,PROD026,4,0.13,Cash on Delivery,1165,1605.07,5585.64,925.64
ORD04970,2023-08-30,CUST0347,PROD007,2,0.25,Cash on Delivery,3479,4194.43,6291.64,-666.36
ORD04971,2023-01-31,CUST1642,PROD079,5,0.14,Cash on Delivery,16940,25220.1,108446.43,23746.43
ORD04972,2024-12-04,CUST1366,PROD015,3,0.19,Debit Card,18761,27049.83,65731.09,9448.09
ORD04973,2025-05-18,CUST1920,PROD048,1,0.03,Debit Card,7733,9179.77,8904.38,1171.38
ORD04974,2023-08-21,CUST1986,PROD003,2,0.23,Credit Card,7361,9956.97,15333.73,611.73
ORD04975,2025-11-23,CUST1263,PROD016,3,0.14,Credit Card,45432,62192.89,160457.66,24161.66
ORD04976,2025-08-08,CUST1636,PROD079,2,0.11,Credit Card,16940,24462.72,43543.64,9663.64
ORD04977,2023-02-28,CUST1021,PROD089,4,0.18,Cash on Delivery,21871,31829.3,104400.1,16916.1
ORD04978,2025-02-09,CUST1712,PROD097,3,0.03,Debit Card,10894,13462.12,39174.77,6492.77
ORD04979,2024-12-18,CUST0350,PROD014,5,0.12,Credit Card,6122,7133.14,31385.82,775.82
ORD04980,2023-10-29,CUST1979,PROD088,2,0.24,Debit Card,27486,41430.55,62974.44,8002.44
ORD04981,2025-03-13,CUST0455,PROD075,5,0.08,UPI,900,1432.55,6589.73,2089.73
ORD04982,2025-06-15,CUST0441,PROD003,5,0.27,Credit Card,7361,11581.13,42271.12,5466.12
ORD04983,2023-04-22,CUST0761,PROD073,2,0.18,Debit Card,46032,63310.56,103829.32,11765.32
ORD04984,2023-11-13,CUST1612,PROD070,2,0.16,Credit Card,39873,55344.51,92978.78,13232.78
ORD04985,2024-10-29,CUST0515,PROD031,1,0.12,Debit Card,15105,23696.11,20852.58,5747.58
ORD04986,2024-11-20,CUST1105,PROD080,1,0.22,Debit Card,24906,34740.53,27097.61,2191.61
ORD04987,2023-01-18,CUST1385,PROD075,3,0.17,Cash on Delivery,900,1147.45,2857.15,157.15
ORD04988,2025-02-16,CUST0288,PROD017,3,0.24,UPI,28919,42074.71,95930.34,9173.34
ORD04989,2023-12-26,CUST0008,PROD049,3,0.1,Credit Card,1602,2186.31,5903.04,1097.04
ORD04990,2023-11-28,CUST0087,PROD003,1,0.21,Debit Card,7361,11065.42,8741.68,1380.68
ORD04991,2024-06-11,CUST0998,PROD083,5,0.28,Credit Card,37036,55646.15,200326.14,15146.14
ORD04992,2023-01-12,CUST0286,PROD088,4,0.08,Debit Card,27486,43185.49,158922.6,48978.6
ORD04993,2023-07-31,CUST1423,PROD055,4,0.29,UPI,44065,53407.62,151677.64,-24582.36
ORD04994,2024-10-02,CUST0074,PROD072,2,0.12,Debit Card,16543,22905.41,40313.52,7227.52
ORD04995,2023-10-10,CUST1463,PROD100,1,0.01,Debit Card,41593,62540.79,61915.38,20322.38
ORD04996,2025-02-18,CUST1147,PROD040,2,0.11,Credit Card,34631,46602.2,82951.92,13689.92
ORD04997,2025-11-19,CUST1401,PROD066,4,0.04,UPI,26705,38244.17,146857.61,40037.61
ORD04998,2025-10-29,CUST0806,PROD087,2,0.09,Debit Card,1853,2812.23,5118.26,1412.26
ORD04999,2024-11-07,CUST1167,PROD040,1,0.03,Credit Card,34631,47202.57,45786.49,11155.49
ORD05000,2024-12-05,CUST0158,PROD030,1,0.05,Debit Card,27284,36389.4,34569.93,7285.93
ORD05001,2024-03-01,CUST0430,PROD025,1,0.04,Credit Card,31820,39178.4,37611.26,5791.26
ORD05002,2024-08-13,CUST1472,PROD007,4,0.01,UPI,3479,5291.72,20955.21,7039.21
ORD05003,2023-04-01,CUST1434,PROD092,1,0.09,Cash on Delivery,4811,7255.47,6602.48,1791.48
ORD05004,2024-03-31,CUST1395,PROD050,3,0.28,UPI,1097,1628.41,3517.37,226.37
ORD05005,2024-03-19,CUST1133,PROD081,3,0.28,Credit Card,2375,3151.61,6807.48,-317.52
ORD05006,2023-03-20,CUST0846,PROD096,1,0.25,UPI,16906,23878.64,17908.98,1002.98
ORD05007,2025-07-15,CUST1731,PROD001,3,0.0,Credit Card,19397,23388.79,70166.37,11975.37
ORD05008,2023-04-13,CUST0036,PROD091,1,0.01,Credit Card,15191,19653.86,19457.32,4266.32
ORD05009,2024-09-14,CUST1114,PROD044,4,0.0,UPI,31606,42541.27,170165.08,43741.08
ORD05010,2025-09-16,CUST1021,PROD100,3,0.11,Cash on Delivery,41593,48646.87,129887.14,5108.14
ORD05011,2023-08-22,CUST0974,PROD049,4,0.29,UPI,1602,1916.98,5444.22,-963.78
ORD05012,2024-10-05,CUST1439,PROD007,3,0.27,Credit Card,3479,5299.83,11606.63,1169.63
ORD05013,2025-02-28,CUST1998,PROD003,5,0.08,Cash on Delivery,7361,11682.21,53738.17,16933.17
ORD05014,2024-01-22,CUST1018,PROD094,5,0.12,Credit Card,11294,14624.55,64348.02,7878.02
ORD05015,2025-04-26,CUST1320,PROD001,4,0.25,Cash on Delivery,19397,23238.25,69714.75,-7873.25
ORD05016,2023-02-07,CUST1866,PROD051,3,0.23,UPI,47215,74171.3,171335.7,29690.7
ORD05017,2023-08-29,CUST0713,PROD098,5,0.04,UPI,27372,42739.74,205150.75,68290.75
ORD05018,2025-11-15,CUST1070,PROD038,1,0.03,Credit Card,41219,59544.82,57758.48,16539.48
ORD05019,2024-07-15,CUST0488,PROD043,2,0.16,Cash on Delivery,1019,1327.11,2229.54,191.54
ORD05020,2025-03-16,CUST0619,PROD055,5,0.03,Credit Card,44065,52906.93,256598.61,36273.61
ORD05021,2023-10-25,CUST0170,PROD057,5,0.25,Cash on Delivery,43648,68648.35,257431.31,39191.31
ORD05022,2025-03-15,CUST0146,PROD053,1,0.08,Credit Card,45509,71183.87,65489.16,19980.16
ORD05023,2023-06-03,CUST0868,PROD100,5,0.06,UPI,41593,61742.35,290189.04,82224.04
ORD05024,2025-01-01,CUST0420,PROD033,5,0.06,Debit Card,8919,14005.05,65823.74,21228.74
ORD05025,2024-04-12,CUST1996,PROD080,5,0.01,Credit Card,24906,30208.29,149531.04,25001.04
ORD05026,2023-02-18,CUST1714,PROD062,3,0.19,Debit Card,42867,51404.5,124912.94,-3688.06
ORD05027,2023-02-15,CUST0573,PROD011,5,0.05,UPI,23684,29283.33,139095.82,20675.82
ORD05028,2025-02-18,CUST1960,PROD072,2,0.07,Debit Card,16543,20628.65,38369.29,5283.29
ORD05029,2023-03-23,CUST1027,PROD052,3,0.23,Cash on Delivery,20157,30683.51,70878.91,10407.91
ORD05030,2025-12-03,CUST1618,PROD001,3,0.02,Debit Card,19397,30352.05,89235.03,31044.03
ORD05031,2025-08-12,CUST1287,PROD014,4,0.06,Credit Card,6122,7634.23,28704.7,4216.7
ORD05032,2023-09-30,CUST0799,PROD094,5,0.04,Debit Card,11294,15339.65,73630.32,17160.32
ORD05033,2024-01-29,CUST0321,PROD085,2,0.0,Cash on Delivery,21717,29416.07,58832.14,15398.14
ORD05034,2025-02-28,CUST1631,PROD021,2,0.16,UPI,22664,27877.66,46834.47,1506.47
ORD05035,2024-08-17,CUST1600,PROD034,4,0.06,Cash on Delivery,48452,74325.67,279464.52,85656.52
ORD05036,2023-02-27,CUST0246,PROD090,2,0.19,Credit Card,39865,55217.88,89452.97,9722.97
ORD05037,2024-07-18,CUST1613,PROD014,3,0.15,Cash on Delivery,6122,8600.23,21930.59,3564.59
ORD05038,2023-01-01,CUST0477,PROD040,1,0.2,Debit Card,34631,43852.98,35082.38,451.38
ORD05039,2023-08-04,CUST1283,PROD035,3,0.29,Debit Card,34337,48127.47,102511.51,-499.49
ORD05040,2025-02-04,CUST1117,PROD042,1,0.07,Cash on Delivery,35023,52767.16,49073.46,14050.46
ORD05041,2024-11-01,CUST1827,PROD082,2,0.2,Debit Card,37566,48355.68,77369.09,2237.09
ORD05042,2024-05-25,CUST0783,PROD020,5,0.25,Debit Card,29671,35634.36,133628.85,-14726.15
ORD05043,2025-07-03,CUST0533,PROD060,1,0.29,Credit Card,7054,9966.02,7075.87,21.87
ORD05044,2023-04-05,CUST1598,PROD009,3,0.19,Credit Card,7565,10864.28,26400.2,3705.2
ORD05045,2024-05-07,CUST1363,PROD033,3,0.04,Credit Card,8919,11067.84,31875.38,5118.38
ORD05046,2025-02-03,CUST1948,PROD049,3,0.02,UPI,1602,2021.3,5942.62,1136.62
ORD05047,2025-10-18,CUST1284,PROD068,3,0.08,UPI,30755,37486.68,103463.24,11198.24
ORD05048,2023-05-30,CUST0237,PROD004,4,0.28,Credit Card,42258,66117.78,190419.21,21387.21
ORD05049,2025-11-12,CUST1165,PROD048,2,0.16,Cash on Delivery,7733,9634.2,16185.46,719.46
ORD05050,2025-01-25,CUST0975,PROD016,5,0.17,Cash on Delivery,45432,52464.29,217726.8,-9433.2
ORD05051,2024-02-03,CUST1971,PROD047,4,0.18,Cash on Delivery,47956,73280.07,240358.63,48534.63
ORD05052,2024-02-14,CUST1968,PROD026,2,0.1,Credit Card,1165,1760.84,3169.51,839.51
ORD05053,2023-05-11,CUST0679,PROD070,1,0.05,UPI,39873,54045.49,51343.22,11470.22
ORD05054,2025-05-04,CUST1504,PROD037,4,0.29,Debit Card,49377,74496.22,211569.26,14061.26
ORD05055,2023-05-28,CUST0579,PROD022,4,0.23,Cash on Delivery,46697,63149.64,194500.89,7712.89
ORD05056,2024-01-16,CUST1374,PROD007,4,0.15,Credit Card,3479,4352.34,14797.96,881.96
ORD05057,2024-07-05,CUST1594,PROD042,4,0.11,Credit Card,35023,46991.22,167288.74,27196.74
ORD05058,2023-10-22,CUST1748,PROD030,1,0.14,Debit Card,27284,37354.35,32124.74,4840.74
ORD05059,2024-03-31,CUST0130,PROD074,3,0.01,UPI,36254,41838.98,124261.77,15499.77
ORD05060,2023-06-18,CUST1561,PROD079,4,0.07,UPI,16940,20344.91,75683.07,7923.07
ORD05061,2024-12-10,CUST0011,PROD006,2,0.08,Credit Card,17488,26995.25,49671.26,14695.26
ORD05062,2023-02-06,CUST0257,PROD024,3,0.13,Debit Card,37354,49553.5,129334.64,17272.64
ORD05063,2023-08-19,CUST0816,PROD066,1,0.07,UPI,26705,34694.07,32265.49,5560.49
ORD05064,2023-09-11,CUST0369,PROD040,5,0.06,Debit Card,34631,53669.75,252247.82,79092.82
ORD05065,2023-11-25,CUST0944,PROD015,1,0.23,Debit Card,18761,22880.1,17617.68,-1143.32
ORD05066,2025-09-06,CUST1418,PROD053,5,0.27,Credit Card,45509,56779.04,207243.5,-20301.5
ORD05067,2023-01-10,CUST1617,PROD085,2,0.02,Debit Card,21717,33065.82,64809.01,21375.01
ORD05068,2024-03-21,CUST1822,PROD082,5,0.06,Debit Card,37566,47928.38,225263.39,37433.39
ORD05069,2025-07-10,CUST1443,PROD005,4,0.23,Debit Card,14250,20448.1,62980.15,5980.15
ORD05070,2025-04-15,CUST0882,PROD089,3,0.24,Cash on Delivery,21871,32430.48,73941.49,8328.49
ORD05071,2023-03-19,CUST0019,PROD036,3,0.15,Debit Card,5763,7205.04,18372.85,1083.85
ORD05072,2023-07-12,CUST0110,PROD074,4,0.21,Debit Card,36254,45826.27,144811.01,-204.99
ORD05073,2024-02-05,CUST1461,PROD046,3,0.02,Credit Card,11014,15225.01,44761.53,11719.53
ORD05074,2023-04-19,CUST0505,PROD023,1,0.25,UPI,14296,21536.87,16152.65,1856.65
ORD05075,2025-03-02,CUST1058,PROD088,4,0.25,UPI,27486,38465.83,115397.49,5453.49
ORD05076,2023-09-20,CUST1312,PROD045,4,0.21,Debit Card,45004,53118.28,167853.76,-12162.24
ORD05077,2023-11-25,CUST1868,PROD010,3,0.27,Credit Card,38184,49939.97,109368.53,-5183.47
ORD05078,2023-12-29,CUST1003,PROD054,5,0.01,Credit Card,39049,50716.34,251045.88,55800.88
ORD05079,2023-09-16,CUST0255,PROD070,2,0.07,Debit Card,39873,60344.63,112241.01,32495.01
ORD05080,2023-03-26,CUST0638,PROD077,5,0.11,Debit Card,10916,13976.29,62194.49,7614.49
ORD05081,2023-11-04,CUST1745,PROD085,1,0.05,UPI,21717,33781.83,32092.74,10375.74
ORD05082,2023-09-19,CUST0134,PROD032,4,0.24,UPI,17963,23365.24,71030.33,-821.67
ORD05083,2025-03-07,CUST0499,PROD043,4,0.23,UPI,1019,1260.86,3883.45,-192.55
ORD05084,2024-09-22,CUST0397,PROD015,1,0.23,Debit Card,18761,26133.57,20122.85,1361.85
ORD05085,2024-11-10,CUST1511,PROD066,2,0.09,UPI,26705,35354.06,64344.39,10934.39
ORD05086,2025-05-14,CUST1622,PROD015,4,0.23,Credit Card,18761,27042.4,83290.59,8246.59
ORD05087,2023-11-20,CUST1611,PROD081,5,0.04,Cash on Delivery,2375,3709.92,17807.62,5932.62
ORD05088,2025-07-13,CUST1984,PROD020,1,0.03,Cash on Delivery,29671,46682.84,45282.35,15611.35
ORD05089,2024-12-27,CUST0647,PROD050,4,0.18,Cash on Delivery,1097,1373.79,4506.03,118.03
ORD05090,2025-09-04,CUST1837,PROD006,5,0.01,Credit Card,17488,21388.21,105871.64,18431.64
ORD05091,2023-08-05,CUST0685,PROD079,1,0.28,Cash on Delivery,16940,26646.29,19185.33,2245.33
ORD05092,2024-03-23,CUST1237,PROD017,1,0.1,Debit Card,28919,43829.42,39446.48,10527.48
ORD05093,2023-11-15,CUST1857,PROD026,1,0.14,Debit Card,1165,1476.93,1270.16,105.16
ORD05094,2025-09-20,CUST1374,PROD022,2,0.24,Cash on Delivery,46697,70616.58,107337.2,13943.2
ORD05095,2023-02-06,CUST0019,PROD073,1,0.12,Cash on Delivery,46032,68287.3,60092.82,14060.82
ORD05096,2024-12-31,CUST1011,PROD064,3,0.13,UPI,24886,31458.46,82106.58,7448.58
ORD05097,2025-10-07,CUST0119,PROD076,3,0.1,Credit Card,19739,30745.52,83012.9,23795.9
ORD05098,2025-11-23,CUST1839,PROD086,1,0.11,UPI,12989,16818.31,14968.3,1979.3
ORD05099,2023-02-08,CUST0302,PROD058,4,0.14,Credit Card,29901,40847.18,140514.3,20910.3
ORD05100,2023-07-28,CUST1309,PROD087,3,0.28,UPI,1853,2638.98,5700.2,141.2
ORD05101,2025-04-09,CUST0227,PROD037,5,0.28,Debit Card,49377,61033.35,219720.06,-27164.94
ORD05102,2025-05-05,CUST1531,PROD078,5,0.16,Credit Card,3912,5574.91,23414.62,3854.62
ORD05103,2025-06-17,CUST1525,PROD088,4,0.14,Cash on Delivery,27486,40344.57,138785.32,28841.32
ORD05104,2024-08-23,CUST1236,PROD072,5,0.24,Credit Card,16543,19780.4,75165.52,-7549.48
ORD05105,2025-01-29,CUST0356,PROD090,4,0.2,Credit Card,39865,52649.97,168479.9,9019.9
ORD05106,2024-03-09,CUST0701,PROD096,5,0.26,UPI,16906,24098.27,89163.6,4633.6
ORD05107,2025-04-21,CUST0487,PROD028,1,0.22,Cash on Delivery,24730,38746.9,30222.58,5492.58
ORD05108,2023-02-01,CUST1345,PROD096,5,0.29,UPI,16906,26220.23,93081.82,8551.82
ORD05109,2024-01-28,CUST1687,PROD086,1,0.27,Cash on Delivery,12989,15929.06,11628.21,-1360.79
ORD05110,2025-06-28,CUST0223,PROD049,5,0.26,UPI,1602,2282.42,8444.95,434.95
ORD05111,2023-07-11,CUST1664,PROD073,5,0.12,Cash on Delivery,46032,54967.18,241855.59,11695.59
ORD05112,2023-09-27,CUST1784,PROD067,5,0.12,Credit Card,26070,33428.14,147083.82,16733.82
ORD05113,2025-01-07,CUST1587,PROD089,1,0.22,Debit Card,21871,31029.95,24203.36,2332.36
ORD05114,2023-03-18,CUST1215,PROD076,5,0.03,Cash on Delivery,19739,23422.58,113599.51,14904.51
ORD05115,2025-01-04,CUST0995,PROD093,5,0.1,UPI,48575,75290.66,338807.97,95932.97
ORD05116,2025-06-02,CUST0500,PROD067,2,0.28,Credit Card,26070,39705.78,57176.32,5036.32
ORD05117,2023-10-11,CUST1519,PROD041,1,0.14,UPI,37776,51489.65,44281.1,6505.1
ORD05118,2024-06-27,CUST1261,PROD046,3,0.08,Credit Card,11014,15103.38,41685.33,8643.33
ORD05119,2024-10-10,CUST1046,PROD087,4,0.14,Credit Card,1853,2865.87,9858.59,2446.59
ORD05120,2023-09-07,CUST1646,PROD087,2,0.09,Cash on Delivery,1853,2173.01,3954.88,248.88
ORD05121,2023-04-05,CUST1351,PROD055,5,0.23,UPI,44065,53527.8,206082.03,-14242.97
ORD05122,2023-01-17,CUST1569,PROD082,3,0.26,Credit Card,37566,48407.62,107464.92,-5233.08
ORD05123,2023-04-27,CUST1151,PROD011,3,0.23,UPI,23684,31120.13,71887.5,835.5
ORD05124,2025-09-09,CUST0365,PROD100,5,0.04,Credit Card,41593,66313.84,318306.43,110341.43
ORD05125,2023-11-29,CUST1892,PROD026,5,0.1,Cash on Delivery,1165,1417.06,6376.77,551.77
ORD05126,2024-10-07,CUST1068,PROD072,2,0.06,Debit Card,16543,21280.86,40008.02,6922.02
ORD05127,2023-04-26,CUST0519,PROD092,1,0.01,Debit Card,4811,7325.12,7251.87,2440.87
ORD05128,2025-08-20,CUST1152,PROD082,2,0.22,Debit Card,37566,56460.18,88077.88,12945.88
ORD05129,2025-04-26,CUST1627,PROD013,1,0.13,Debit Card,24204,34966.73,30421.06,6217.06
ORD05130,2023-11-12,CUST1154,PROD036,3,0.08,Cash on Delivery,5763,7479.5,20643.42,3354.42
ORD05131,2025-03-20,CUST0529,PROD064,4,0.09,Cash on Delivery,24886,29937.85,108973.77,9429.77
ORD05132,2024-01-07,CUST1345,PROD051,5,0.04,Cash on Delivery,47215,75194.42,360933.22,124858.22
ORD05133,2025-01-29,CUST0186,PROD076,2,0.25,UPI,19739,24933.16,37399.74,-2078.26
ORD05134,2025-05-26,CUST1646,PROD022,3,0.04,Credit Card,46697,71450.45,205777.3,65686.3
ORD05135,2025-09-03,CUST0798,PROD060,2,0.1,Credit Card,7054,10953.12,19715.62,5607.62
ORD05136,2023-06-05,CUST0982,PROD002,1,0.0,Debit Card,8668,11687.97,11687.97,3019.97
ORD05137,2024-09-05,CUST0348,PROD056,5,0.13,Debit Card,6756,10356.1,45049.04,11269.04
ORD05138,2025-11-02,CUST1505,PROD040,1,0.11,Credit Card,34631,44174.15,39314.99,4683.99
ORD05139,2024-05-22,CUST0922,PROD028,1,0.22,Credit Card,24730,38342.88,29907.45,5177.45
ORD05140,2024-04-09,CUST1699,PROD077,1,0.21,Credit Card,10916,15677.39,12385.14,1469.14
ORD05141,2025-02-21,CUST1983,PROD097,3,0.01,Cash on Delivery,10894,13480.97,40038.48,7356.48
ORD05142,2025-03-14,CUST1611,PROD003,5,0.03,Cash on Delivery,7361,11070.55,53692.17,16887.17
ORD05143,2023-08-08,CUST1735,PROD063,4,0.27,Cash on Delivery,48779,76151.9,222363.55,27247.55
ORD05144,2023-01-15,CUST1948,PROD098,2,0.24,Debit Card,27372,38504.01,58526.1,3782.1
ORD05145,2023-04-27,CUST0921,PROD023,1,0.12,Cash on Delivery,14296,21332.03,18772.19,4476.19
ORD05146,2023-11-27,CUST0957,PROD055,5,0.05,Credit Card,44065,66434.99,315566.2,95241.2
ORD05147,2023-02-25,CUST0361,PROD032,2,0.08,Debit Card,17963,27022.32,49721.07,13795.07
ORD05148,2023-11-04,CUST1311,PROD084,5,0.2,Debit Card,6252,8468.27,33873.08,2613.08
ORD05149,2023-08-10,CUST0182,PROD028,2,0.28,Cash on Delivery,24730,36673.95,52810.49,3350.49
ORD05150,2025-03-07,CUST1475,PROD008,5,0.18,Debit Card,24024,33557.65,137586.37,17466.37
ORD05151,2023-05-31,CUST0097,PROD003,4,0.01,Credit Card,7361,9838.69,38961.21,9517.21
ORD05152,2023-04-22,CUST0563,PROD094,5,0.2,Debit Card,11294,13830.81,55323.24,-1146.76
ORD05153,2024-11-13,CUST0314,PROD089,5,0.28,UPI,21871,34098.36,122754.1,13399.1
ORD05154,2023-11-28,CUST1570,PROD053,1,0.11,Credit Card,45509,60832.34,54140.78,8631.78
ORD05155,2025-06-11,CUST0955,PROD094,1,0.28,Credit Card,11294,14205.64,10228.06,-1065.94
ORD05156,2023-06-10,CUST0021,PROD029,1,0.2,Cash on Delivery,23495,29580.98,23664.78,169.78
ORD05157,2023-10-05,CUST1720,PROD094,5,0.06,Credit Card,11294,14218.47,66826.81,10356.81
ORD05158,2025-06-15,CUST0805,PROD098,4,0.04,Credit Card,27372,31508.27,120991.76,11503.76
ORD05159,2024-05-11,CUST0576,PROD089,2,0.05,Debit Card,21871,29464.58,55982.7,12240.7
ORD05160,2024-10-16,CUST1521,PROD081,1,0.21,UPI,2375,3683.17,2909.7,534.7
ORD05161,2025-11-25,CUST0403,PROD059,3,0.18,Debit Card,42048,48831.01,120124.28,-6019.72
ORD05162,2023-10-30,CUST1148,PROD024,5,0.14,UPI,37354,59036.83,253858.37,67088.37
ORD05163,2024-03-13,CUST0613,PROD038,4,0.08,Credit Card,41219,50724.32,186665.5,21789.5
ORD05164,2024-12-26,CUST1143,PROD028,4,0.27,Debit Card,24730,36439.49,106403.31,7483.31
ORD05165,2025-11-21,CUST1877,PROD097,1,0.06,Debit Card,10894,16378.02,15395.34,4501.34
ORD05166,2023-07-05,CUST1614,PROD062,1,0.09,Cash on Delivery,42867,63477.54,57764.56,14897.56
ORD05167,2024-11-03,CUST0970,PROD100,3,0.02,Debit Card,41593,54180.25,159289.94,34510.94
ORD05168,2025-09-27,CUST0693,PROD051,3,0.08,UPI,47215,69250.97,191132.68,49487.68
ORD05169,2023-10-06,CUST1735,PROD007,1,0.28,UPI,3479,4741.31,3413.74,-65.26
ORD05170,2024-11-13,CUST1501,PROD023,2,0.06,Credit Card,14296,17419.51,32748.68,4156.68
ORD05171,2025-10-22,CUST0959,PROD046,1,0.06,Cash on Delivery,11014,13661.97,12842.25,1828.25
ORD05172,2025-10-07,CUST0872,PROD090,1,0.18,Cash on Delivery,39865,46311.7,37975.59,-1889.41
ORD05173,2025-07-13,CUST1726,PROD078,4,0.17,Debit Card,3912,5083.2,16876.22,1228.22
ORD05174,2024-01-15,CUST0840,PROD028,1,0.05,Credit Card,24730,36540.93,34713.88,9983.88
ORD05175,2025-04-14,CUST0103,PROD024,1,0.05,UPI,37354,59246.12,56283.81,18929.81
ORD05176,2025-09-25,CUST0333,PROD007,1,0.04,Cash on Delivery,3479,4209.94,4041.54,562.54
ORD05177,2023-10-12,CUST1902,PROD100,2,0.26,Credit Card,41593,54444.26,80577.5,-2608.5
ORD05178,2024-02-25,CUST1811,PROD079,4,0.2,Debit Card,16940,20864.56,66766.59,-993.41
ORD05179,2023-04-23,CUST1483,PROD049,5,0.29,Cash on Delivery,1602,2390.82,8487.41,477.41
ORD05180,2025-10-14,CUST1154,PROD003,5,0.05,Debit Card,7361,11511.23,54678.34,17873.34
ORD05181,2023-08-16,CUST0753,PROD002,5,0.14,UPI,8668,10412.87,44775.34,1435.34
ORD05182,2024-06-11,CUST0134,PROD007,5,0.22,UPI,3479,5415.46,21120.29,3725.29
ORD05183,2024-05-10,CUST1181,PROD080,4,0.06,Credit Card,24906,31684.71,119134.51,19510.51
ORD05184,2023-01-31,CUST0425,PROD021,1,0.21,Debit Card,22664,28338.58,22387.48,-276.52
ORD05185,2023-06-11,CUST1459,PROD009,5,0.14,Credit Card,7565,8892.55,38237.96,412.96
ORD05186,2024-12-05,CUST1413,PROD012,1,0.13,UPI,33865,40171.03,34948.8,1083.8
ORD05187,2024-12-22,CUST0937,PROD093,5,0.19,Cash on Delivery,48575,57374.42,232366.4,-10508.6
ORD05188,2024-03-21,CUST1342,PROD024,2,0.14,UPI,37354,50460.98,86792.89,12084.89
ORD05189,2025-01-13,CUST1694,PROD033,1,0.25,Credit Card,8919,12900.35,9675.26,756.26
ORD05190,2024-03-02,CUST0505,PROD078,4,0.28,Debit Card,3912,4823.45,13891.54,-1756.46
ORD05191,2024-05-18,CUST0871,PROD043,2,0.18,UPI,1019,1271.65,2085.51,47.51
ORD05192,2024-12-21,CUST0190,PROD082,2,0.09,Credit Card,37566,46123.67,83945.08,8813.08
ORD05193,2024-11-14,CUST0612,PROD005,4,0.23,Debit Card,14250,21559.56,66403.44,9403.44
ORD05194,2024-08-04,CUST1435,PROD079,2,0.05,Credit Card,16940,20526.72,39000.77,5120.77
ORD05195,2025-11-23,CUST1970,PROD071,1,0.03,UPI,43519,51484.38,49939.85,6420.85
ORD05196,2025-01-05,CUST0052,PROD089,3,0.16,Debit Card,21871,25513.01,64292.79,-1320.21
ORD05197,2024-11-21,CUST1585,PROD014,3,0.19,UPI,6122,7150.91,17376.71,-989.29
ORD05198,2025-01-27,CUST1470,PROD036,5,0.25,UPI,5763,8045.16,30169.35,1354.35
ORD05199,2025-01-23,CUST0612,PROD035,5,0.29,UPI,34337,40939.78,145336.22,-26348.78
ORD05200,2023-01-24,CUST1468,PROD050,1,0.26,UPI,1097,1371.35,1014.8,-82.2
ORD05201,2023-02-24,CUST1406,PROD088,4,0.3,UPI,27486,41908.03,117342.48,7398.48
ORD05202,2025-11-15,CUST1787,PROD079,1,0.14,Credit Card,16940,26860.89,23100.37,6160.37
ORD05203,2025-03-14,CUST0374,PROD011,5,0.09,Cash on Delivery,23684,36411.45,165672.1,47252.1
ORD05204,2023-11-23,CUST2000,PROD024,2,0.14,Cash on Delivery,37354,59087.35,101630.24,26922.24
ORD05205,2025-08-27,CUST1590,PROD075,1,0.19,UPI,900,1306.53,1058.29,158.29
ORD05206,2023-07-05,CUST0375,PROD044,1,0.15,UPI,31606,50387.78,42829.61,11223.61
ORD05207,2024-05-09,CUST0389,PROD051,4,0.19,UPI,47215,64842.94,210091.13,21231.13
ORD05208,2025-11-01,CUST1673,PROD017,5,0.27,Debit Card,28919,43598.57,159134.78,14539.78
ORD05209,2024-03-09,CUST0674,PROD070,1,0.05,UPI,39873,63288.35,60123.93,20250.93
ORD05210,2023-07-27,CUST1890,PROD085,2,0.04,Debit Card,21717,31906.2,61259.9,17825.9
ORD05211,2023-05-13,CUST0804,PROD008,2,0.15,Credit Card,24024,37970.51,64549.87,16501.87
ORD05212,2024-01-04,CUST1503,PROD079,3,0.29,Cash on Delivery,16940,21414.53,45612.95,-5207.05
ORD05213,2024-02-27,CUST0404,PROD096,5,0.02,UPI,16906,21726.31,106458.92,21928.92
ORD05214,2025-10-29,CUST0593,PROD074,2,0.3,Cash on Delivery,36254,48172.79,67441.91,-5066.09
ORD05215,2023-09-01,CUST1492,PROD028,4,0.29,Credit Card,24730,33609.65,95451.41,-3468.59
ORD05216,2025-02-20,CUST0732,PROD079,5,0.09,Cash on Delivery,16940,26321.92,119764.74,35064.74
ORD05217,2024-09-15,CUST1621,PROD012,2,0.27,Credit Card,33865,52475.11,76613.66,8883.66
ORD05218,2024-07-20,CUST0505,PROD043,1,0.0,UPI,1019,1473.56,1473.56,454.56
ORD05219,2024-06-10,CUST0083,PROD082,5,0.14,Credit Card,37566,47127.89,202649.93,14819.93
ORD05220,2023-02-06,CUST0319,PROD037,2,0.12,UPI,49377,62124.65,109339.38,10585.38
ORD05221,2023-06-27,CUST1091,PROD088,1,0.27,Cash on Delivery,27486,39422.74,28778.6,1292.6
ORD05222,2024-09-30,CUST0414,PROD063,3,0.14,Credit Card,48779,67145.49,173235.36,26898.36
ORD05223,2025-05-01,CUST0453,PROD093,5,0.13,Debit Card,48575,61512.45,267579.16,24704.16
ORD05224,2023-03-13,CUST0746,PROD063,5,0.19,Debit Card,48779,59788.75,242144.44,-1750.56
ORD05225,2023-12-18,CUST0198,PROD010,2,0.11,Debit Card,38184,56328.33,100264.43,23896.43
ORD05226,2024-09-14,CUST0259,PROD078,3,0.16,UPI,3912,5930.41,14944.63,3208.63
ORD05227,2023-04-15,CUST1713,PROD080,4,0.29,Credit Card,24906,31570.53,89660.31,-9963.69
ORD05228,2023-08-09,CUST0298,PROD037,2,0.06,Debit Card,49377,66225.18,124503.34,25749.34
ORD05229,2025-05-12,CUST1304,PROD011,2,0.14,UPI,23684,34840.88,59926.31,12558.31
ORD05230,2024-06-01,CUST0300,PROD090,4,0.0,Debit Card,39865,54262.24,217048.96,57588.96
ORD05231,2023-10-26,CUST0129,PROD019,4,0.25,Cash on Delivery,26105,41312.88,123938.64,19518.64
ORD05232,2025-05-10,CUST0498,PROD052,4,0.03,Cash on Delivery,20157,24356.1,94501.67,13873.67
ORD05233,2023-02-11,CUST1907,PROD018,4,0.03,Cash on Delivery,34967,53655.34,208182.72,68314.72
ORD05234,2025-02-09,CUST0438,PROD094,4,0.26,Debit Card,11294,14543.66,43049.23,-2126.77
ORD05235,2025-06-15,CUST1716,PROD032,1,0.12,UPI,17963,26211.09,23065.76,5102.76
ORD05236,2024-05-06,CUST1316,PROD023,1,0.21,Debit Card,14296,18072.47,14277.25,-18.75
ORD05237,2025-12-06,CUST0207,PROD012,4,0.26,UPI,33865,53673.02,158872.14,23412.14
ORD05238,2023-03-26,CUST0294,PROD058,3,0.11,Debit Card,29901,35060.73,93612.15,3909.15
ORD05239,2025-12-17,CUST1964,PROD077,3,0.08,UPI,10916,15076.17,41610.23,8862.23
ORD05240,2025-09-17,CUST1874,PROD021,4,0.05,Debit Card,22664,35349.74,134329.01,43673.01
ORD05241,2024-12-11,CUST1711,PROD021,1,0.18,Credit Card,22664,30855.41,25301.44,2637.44
ORD05242,2023-07-28,CUST0029,PROD093,3,0.08,Credit Card,48575,74230.17,204875.27,59150.27
ORD05243,2023-02-08,CUST0179,PROD093,1,0.19,UPI,48575,76623.32,62064.89,13489.89
ORD05244,2025-07-14,CUST0041,PROD091,2,0.1,Cash on Delivery,15191,17933.37,32280.07,1898.07
ORD05245,2025-01-31,CUST1494,PROD029,1,0.1,Cash on Delivery,23495,32187.29,28968.56,5473.56
ORD05246,2025-08-03,CUST1216,PROD079,4,0.07,Cash on Delivery,16940,24713.6,91934.59,24174.59
ORD05247,2023-02-21,CUST0344,PROD047,5,0.13,UPI,47956,73107.96,318019.63,78239.63
ORD05248,2024-01-09,CUST1773,PROD012,4,0.05,Credit Card,33865,41431.12,157438.26,21978.26
ORD05249,2025-07-19,CUST0816,PROD058,2,0.1,UPI,29901,42012.5,75622.5,15820.5
ORD05250,2023-06-05,CUST1997,PROD041,1,0.23,Debit Card,37776,46211.94,35583.19,-2192.81
ORD05251,2024-11-09,CUST0737,PROD019,3,0.06,Debit Card,26105,38894.59,109682.74,31367.74
ORD05252,2023-12-17,CUST0626,PROD012,4,0.28,Debit Card,33865,43282.41,124653.34,-10806.66
ORD05253,2023-03-10,CUST0278,PROD023,3,0.15,Debit Card,14296,18169.76,46332.89,3444.89
ORD05254,2025-12-11,CUST1379,PROD005,1,0.03,Debit Card,14250,21323.85,20684.13,6434.13
ORD05255,2024-10-15,CUST0529,PROD026,2,0.28,Debit Card,1165,1781.17,2564.88,234.88
ORD05256,2023-03-04,CUST0086,PROD063,4,0.14,Cash on Delivery,48779,63632.27,218895.01,23779.01
ORD05257,2024-05-23,CUST1925,PROD052,3,0.17,Cash on Delivery,20157,27725.88,69037.44,8566.44
ORD05258,2023-10-19,CUST0317,PROD010,4,0.06,Debit Card,38184,55827.19,209910.23,57174.23
ORD05259,2025-03-31,CUST1881,PROD086,4,0.1,UPI,12989,19292.91,69454.48,17498.48
ORD05260,2023-05-30,CUST1926,PROD039,3,0.21,Credit Card,46187,69121.3,163817.48,25256.48
ORD05261,2025-05-30,CUST0693,PROD023,2,0.04,Debit Card,14296,18951.84,36387.53,7795.53
ORD05262,2024-12-04,CUST1361,PROD011,4,0.17,Debit Card,23684,32952.82,109403.36,14667.36
ORD05263,2024-05-30,CUST0863,PROD092,2,0.21,UPI,4811,5769.81,9116.3,-505.7
ORD05264,2023-01-30,CUST1169,PROD095,2,0.0,Cash on Delivery,3434,5414.9,10829.8,3961.8
ORD05265,2023-11-22,CUST0315,PROD072,1,0.25,UPI,16543,24246.04,18184.53,1641.53
ORD05266,2025-08-06,CUST0225,PROD048,3,0.02,Credit Card,7733,10199.82,29987.47,6788.47
ORD05267,2023-01-16,CUST1447,PROD092,1,0.07,Credit Card,4811,6376.14,5929.81,1118.81
ORD05268,2023-04-21,CUST1078,PROD016,5,0.29,UPI,45432,54096.69,192043.25,-35116.75
ORD05269,2025-05-21,CUST1918,PROD046,1,0.02,Debit Card,11014,14930.75,14632.14,3618.14
ORD05270,2024-12-13,CUST1968,PROD047,4,0.25,Cash on Delivery,47956,69673.39,209020.17,17196.17
ORD05271,2023-04-17,CUST1957,PROD095,4,0.2,Debit Card,3434,5421.08,17347.46,3611.46
ORD05272,2024-01-14,CUST1840,PROD048,4,0.18,Debit Card,7733,11146.45,36560.36,5628.36
ORD05273,2023-06-11,CUST0068,PROD080,5,0.17,Debit Card,24906,35934.88,149129.75,24599.75
ORD05274,2023-10-10,CUST1643,PROD069,2,0.05,Debit Card,21682,32607.26,61953.79,18589.79
ORD05275,2023-09-26,CUST1358,PROD099,4,0.2,Cash on Delivery,42208,58222.23,186311.14,17479.14
ORD05276,2024-04-28,CUST1021,PROD025,1,0.29,UPI,31820,37053.2,26307.77,-5512.23
ORD05277,2024-10-28,CUST1101,PROD077,2,0.02,Credit Card,10916,16924.56,33172.14,11340.14
ORD05278,2024-08-20,CUST1563,PROD093,1,0.1,Credit Card,48575,64658.77,58192.89,9617.89
ORD05279,2025-03-09,CUST0856,PROD091,1,0.14,Cash on Delivery,15191,24200.77,20812.66,5621.66
ORD05280,2025-03-08,CUST1179,PROD081,4,0.07,UPI,2375,3165.57,11775.92,2275.92
ORD05281,2024-01-25,CUST1096,PROD037,1,0.22,Cash on Delivery,49377,71633.71,55874.29,6497.29
ORD05282,2024-02-20,CUST1525,PROD063,5,0.21,Debit Card,48779,66190.33,261451.8,17556.8
ORD05283,2024-03-01,CUST1471,PROD029,2,0.04,Cash on Delivery,23495,29476.56,56595.0,9605.0
ORD05284,2025-09-23,CUST1716,PROD058,4,0.17,UPI,29901,46910.1,155741.53,36137.53
ORD05285,2025-05-16,CUST1583,PROD098,4,0.11,Credit Card,27372,39203.15,139563.21,30075.21
ORD05286,2023-03-27,CUST1778,PROD094,1,0.07,Cash on Delivery,11294,15277.79,14208.34,2914.34
ORD05287,2024-02-27,CUST1383,PROD031,1,0.25,Credit Card,15105,18350.69,13763.02,-1341.98
ORD05288,2023-04-28,CUST1301,PROD086,3,0.02,Credit Card,12989,20777.18,61084.91,22117.91
ORD05289,2025-08-16,CUST0883,PROD089,3,0.14,Credit Card,21871,33961.63,87621.01,22008.01
ORD05290,2025-05-31,CUST1337,PROD068,4,0.14,UPI,30755,41219.49,141795.05,18775.05
ORD05291,2025-09-18,CUST1129,PROD099,4,0.17,Debit Card,42208,51795.79,171962.02,3130.02
ORD05292,2024-02-19,CUST0971,PROD041,1,0.06,Debit Card,37776,43947.05,41310.23,3534.23
ORD05293,2024-08-21,CUST1119,PROD050,5,0.26,UPI,1097,1336.5,4945.05,-539.95
ORD05294,2023-02-09,CUST1243,PROD044,5,0.29,Debit Card,31606,43947.93,156015.15,-2014.85
ORD05295,2024-12-03,CUST1706,PROD009,1,0.16,Debit Card,7565,11476.91,9640.6,2075.6
ORD05296,2024-06-20,CUST1902,PROD059,3,0.08,Debit Card,42048,55233.61,152444.76,26300.76
ORD05297,2024-02-24,CUST1968,PROD090,3,0.26,Cash on Delivery,39865,53630.05,119058.71,-536.29
ORD05298,2024-10-25,CUST1819,PROD091,5,0.3,Debit Card,15191,20704.91,72467.18,-3487.82
ORD05299,2023-04-05,CUST1152,PROD027,4,0.22,Cash on Delivery,33194,38435.64,119919.2,-12856.8
ORD05300,2025-08-30,CUST0200,PROD082,1,0.1,Credit Card,37566,46193.72,41574.35,4008.35
ORD05301,2024-10-11,CUST1953,PROD094,4,0.07,Cash on Delivery,11294,15533.87,57786.0,12610.0
ORD05302,2023-10-15,CUST0332,PROD059,3,0.05,Debit Card,42048,53641.77,152879.04,26735.04
ORD05303,2024-02-16,CUST0547,PROD095,5,0.07,UPI,3434,4757.79,22123.72,4953.72
ORD05304,2024-02-04,CUST1890,PROD003,4,0.07,Credit Card,7361,8823.23,32822.42,3378.42
ORD05305,2024-06-11,CUST1680,PROD093,3,0.29,Credit Card,48575,73409.79,156362.85,10637.85
ORD05306,2025-11-07,CUST1316,PROD007,3,0.19,Cash on Delivery,3479,5227.84,12703.65,2266.65
ORD05307,2023-05-16,CUST0066,PROD082,3,0.05,UPI,37566,54524.67,155395.31,42697.31
ORD05308,2025-01-28,CUST1996,PROD016,4,0.15,Debit Card,45432,63111.77,214580.02,32852.02
ORD05309,2025-04-22,CUST0731,PROD049,2,0.06,Cash on Delivery,1602,2123.37,3991.94,787.94
ORD05310,2024-12-10,CUST0568,PROD032,5,0.18,Cash on Delivery,17963,26175.58,107319.88,17504.88
ORD05311,2025-10-21,CUST0657,PROD089,3,0.1,Credit Card,21871,32846.27,88684.93,23071.93
ORD05312,2024-01-16,CUST0404,PROD044,4,0.06,Cash on Delivery,31606,47847.27,179905.74,53481.74
ORD05313,2024-05-23,CUST1749,PROD096,1,0.07,UPI,16906,22086.19,20540.16,3634.16
ORD05314,2025-03-16,CUST1630,PROD019,5,0.2,Cash on Delivery,26105,32299.11,129196.44,-1328.56
ORD05315,2024-04-20,CUST0618,PROD003,1,0.12,Cash on Delivery,7361,9597.45,8445.76,1084.76
ORD05316,2025-08-11,CUST0596,PROD060,1,0.15,UPI,7054,8136.62,6916.13,-137.87
ORD05317,2025-04-28,CUST0648,PROD035,4,0.25,Cash on Delivery,34337,46027.11,138081.33,733.33
ORD05318,2025-06-15,CUST0146,PROD029,2,0.2,Debit Card,23495,29910.71,47857.14,867.14
ORD05319,2023-02-01,CUST0761,PROD075,4,0.14,Cash on Delivery,900,1354.97,4661.1,1061.1
ORD05320,2023-04-28,CUST1554,PROD070,4,0.29,Debit Card,39873,57962.01,164612.11,5120.11
ORD05321,2023-07-10,CUST1426,PROD083,5,0.06,UPI,37036,43024.46,202214.96,17034.96
ORD05322,2023-03-15,CUST0125,PROD045,4,0.09,Debit Card,45004,54676.67,199023.08,19007.08
ORD05323,2024-09-14,CUST1538,PROD027,5,0.27,UPI,33194,46271.97,168892.69,2922.69
ORD05324,2025-05-20,CUST1356,PROD069,3,0.26,Debit Card,21682,30965.01,68742.32,3696.32
ORD05325,2024-08-08,CUST0480,PROD090,5,0.04,Debit Card,39865,59637.87,286261.78,86936.78
ORD05326,2024-02-24,CUST1002,PROD035,4,0.28,UPI,34337,54449.16,156813.58,19465.58
ORD05327,2024-04-17,CUST0712,PROD019,3,0.0,UPI,26105,38266.38,114799.14,36484.14
ORD05328,2023-04-24,CUST1971,PROD017,3,0.25,Debit Card,28919,40347.89,90782.75,4025.75
ORD05329,2023-11-26,CUST1674,PROD035,2,0.08,UPI,34337,45891.1,84439.62,15765.62
ORD05330,2023-12-05,CUST0715,PROD077,4,0.06,Credit Card,10916,16179.55,60835.11,17171.11
ORD05331,2023-08-26,CUST1422,PROD078,1,0.13,Cash on Delivery,3912,6144.34,5345.58,1433.58
ORD05332,2023-03-20,CUST1818,PROD030,4,0.27,Debit Card,27284,36569.0,106781.48,-2354.52
ORD05333,2024-04-08,CUST0815,PROD048,1,0.24,Credit Card,7733,10927.38,8304.81,571.81
ORD05334,2024-08-27,CUST1054,PROD057,2,0.29,Credit Card,43648,54261.69,77051.6,-10244.4
ORD05335,2024-07-15,CUST0056,PROD017,4,0.16,Credit Card,28919,44415.54,149236.21,33560.21
ORD05336,2023-10-12,CUST1655,PROD015,2,0.15,UPI,18761,27599.06,46918.4,9396.4
ORD05337,2023-08-11,CUST1962,PROD082,1,0.0,Cash on Delivery,37566,49197.12,49197.12,11631.12
ORD05338,2024-08-15,CUST0132,PROD014,5,0.05,Debit Card,6122,9448.21,44879.0,14269.0
ORD05339,2024-01-08,CUST0231,PROD014,4,0.15,Cash on Delivery,6122,9714.89,33030.63,8542.63
ORD05340,2025-06-29,CUST0395,PROD045,3,0.23,Debit Card,45004,57597.65,133050.57,-1961.43
ORD05341,2025-04-07,CUST1176,PROD097,3,0.25,Cash on Delivery,10894,13443.01,30246.77,-2435.23
ORD05342,2023-08-24,CUST1526,PROD038,2,0.08,Cash on Delivery,41219,62832.24,115611.32,33173.32
ORD05343,2024-11-01,CUST0982,PROD063,5,0.21,Credit Card,48779,68880.52,272078.05,28183.05
ORD05344,2025-04-07,CUST0963,PROD075,3,0.25,UPI,900,1393.17,3134.63,434.63
ORD05345,2025-02-01,CUST0933,PROD011,3,0.11,Debit Card,23684,30940.38,82610.81,11558.81
ORD05346,2024-01-15,CUST1530,PROD048,4,0.21,Debit Card,7733,10915.63,34493.39,3561.39
ORD05347,2025-03-04,CUST1410,PROD026,3,0.13,Debit Card,1165,1642.35,4286.53,791.53
ORD05348,2024-09-05,CUST0908,PROD067,1,0.3,Credit Card,26070,32188.74,22532.12,-3537.88
ORD05349,2024-07-16,CUST0533,PROD025,2,0.0,Credit Card,31820,50796.47,101592.94,37952.94
ORD05350,2024-02-24,CUST0965,PROD081,3,0.12,Credit Card,2375,3440.96,9084.13,1959.13
ORD05351,2023-02-21,CUST1991,PROD061,4,0.08,Credit Card,13164,19072.86,70188.12,17532.12
ORD05352,2025-03-29,CUST0448,PROD086,1,0.25,Credit Card,12989,16672.57,12504.43,-484.57
ORD05353,2023-07-24,CUST1604,PROD093,3,0.09,Cash on Delivery,48575,70077.79,191312.37,45587.37
ORD05354,2025-09-27,CUST0126,PROD026,2,0.16,Debit Card,1165,1776.44,2984.42,654.42
ORD05355,2024-12-31,CUST0555,PROD034,2,0.22,Cash on Delivery,48452,73456.92,114592.8,17688.8
ORD05356,2023-09-14,CUST0694,PROD090,2,0.15,Credit Card,39865,62343.93,105984.68,26254.68
ORD05357,2023-07-04,CUST0489,PROD009,3,0.12,UPI,7565,9205.89,24303.55,1608.55
ORD05358,2023-05-25,CUST0612,PROD040,1,0.01,Credit Card,34631,42674.82,42248.07,7617.07
ORD05359,2025-11-03,CUST0891,PROD075,5,0.01,Credit Card,900,1322.62,6546.97,2046.97
ORD05360,2023-09-03,CUST0446,PROD007,2,0.29,Credit Card,3479,5265.41,7476.88,518.88
ORD05361,2023-07-06,CUST1494,PROD030,1,0.19,Debit Card,27284,39655.64,32121.07,4837.07
ORD05362,2025-05-15,CUST1373,PROD066,4,0.25,Debit Card,26705,32427.51,97282.53,-9537.47
ORD05363,2023-02-09,CUST0508,PROD030,4,0.14,UPI,27284,38681.26,133063.53,23927.53
ORD05364,2024-08-23,CUST0457,PROD068,1,0.08,Debit Card,30755,45725.66,42067.61,11312.61
ORD05365,2025-08-19,CUST0986,PROD058,4,0.09,Credit Card,29901,36229.28,131874.58,12270.58
ORD05366,2025-09-12,CUST1932,PROD055,4,0.01,UPI,44065,51781.9,205056.32,28796.32
ORD05367,2023-01-09,CUST1776,PROD014,2,0.24,UPI,6122,7742.24,11768.2,-475.8
ORD05368,2023-12-16,CUST0385,PROD077,3,0.17,UPI,10916,12999.19,32367.98,-380.02
ORD05369,2023-03-25,CUST0712,PROD089,3,0.14,Credit Card,21871,26613.57,68663.01,3050.01
ORD05370,2024-06-16,CUST0929,PROD077,3,0.26,Debit Card,10916,13552.41,30086.35,-2661.65
ORD05371,2025-09-15,CUST1472,PROD077,3,0.13,Cash on Delivery,10916,15160.26,39568.28,6820.28
ORD05372,2023-12-24,CUST1652,PROD037,1,0.28,Debit Card,49377,60246.67,43377.6,-5999.4
ORD05373,2024-01-13,CUST1139,PROD044,2,0.0,Cash on Delivery,31606,44947.11,89894.22,26682.22
ORD05374,2023-06-21,CUST0452,PROD006,1,0.3,Credit Card,17488,22398.58,15679.01,-1808.99
ORD05375,2025-11-14,CUST0654,PROD026,4,0.24,Debit Card,1165,1502.56,4567.78,-92.22
ORD05376,2024-01-28,CUST1143,PROD014,2,0.11,Credit Card,6122,9705.39,17275.59,5031.59
ORD05377,2024-12-02,CUST1117,PROD008,5,0.18,Credit Card,24024,36331.94,148960.95,28840.95
ORD05378,2024-07-02,CUST1934,PROD024,3,0.26,UPI,37354,50086.64,111192.34,-869.66
ORD05379,2025-02-22,CUST0521,PROD086,4,0.14,Debit Card,12989,17552.74,60381.43,8425.43
ORD05380,2023-11-28,CUST1609,PROD039,3,0.02,UPI,46187,55500.92,163172.7,24611.7
ORD05381,2025-03-04,CUST0538,PROD049,3,0.27,Debit Card,1602,2451.13,5367.97,561.97
ORD05382,2024-10-10,CUST1457,PROD085,3,0.16,Credit Card,21717,25013.53,63034.1,-2116.9
ORD05383,2025-09-09,CUST1775,PROD063,5,0.16,UPI,48779,59267.28,248922.58,5027.58
ORD05384,2025-11-18,CUST1898,PROD026,4,0.0,Credit Card,1165,1619.73,6478.92,1818.92
ORD05385,2024-06-26,CUST0145,PROD010,3,0.03,Cash on Delivery,38184,47149.33,137204.55,22652.55
ORD05386,2025-11-08,CUST1092,PROD077,3,0.23,Credit Card,10916,15661.74,36178.62,3430.62
ORD05387,2024-05-05,CUST0700,PROD058,2,0.13,Cash on Delivery,29901,34435.13,59917.13,115.13
ORD05388,2023-10-10,CUST1902,PROD014,3,0.3,Cash on Delivery,6122,7311.42,15353.98,-3012.02
ORD05389,2025-05-11,CUST0131,PROD073,2,0.21,UPI,46032,68776.76,108667.28,16603.28
ORD05390,2023-04-23,CUST0733,PROD071,4,0.28,UPI,43519,61337.19,176651.11,2575.11
ORD05391,2025-05-11,CUST1305,PROD039,4,0.08,Debit Card,46187,53519.47,196951.65,12203.65
ORD05392,2024-09-01,CUST1813,PROD031,4,0.05,Debit Card,15105,18769.72,71324.94,10904.94
ORD05393,2024-05-22,CUST1676,PROD050,2,0.11,UPI,1097,1379.51,2455.53,261.53
ORD05394,2024-04-10,CUST1590,PROD016,5,0.08,Debit Card,45432,69605.33,320184.52,93024.52
ORD05395,2025-04-03,CUST0513,PROD072,5,0.18,Credit Card,16543,23361.06,95780.35,13065.35
ORD05396,2024-08-31,CUST0640,PROD051,3,0.22,Credit Card,47215,65800.77,153973.8,12328.8
ORD05397,2023-10-17,CUST0001,PROD015,4,0.12,Credit Card,18761,22307.11,78521.03,3477.03
ORD05398,2025-05-17,CUST1709,PROD089,1,0.03,Credit Card,21871,31617.27,30668.75,8797.75
ORD05399,2025-02-20,CUST1966,PROD038,3,0.01,Credit Card,41219,50293.37,149371.31,25714.31
ORD05400,2023-06-11,CUST0432,PROD079,5,0.07,Cash on Delivery,16940,23458.23,109080.77,24380.77
ORD05401,2024-09-15,CUST0391,PROD089,5,0.22,Credit Card,21871,30984.34,120838.93,11483.93
ORD05402,2024-12-17,CUST1290,PROD071,4,0.07,Debit Card,43519,66533.77,247505.62,73429.62
ORD05403,2024-07-20,CUST0399,PROD090,2,0.27,UPI,39865,60311.81,88055.24,8325.24
ORD05404,2025-09-20,CUST0808,PROD072,3,0.2,UPI,16543,20439.66,49055.18,-573.82
ORD05405,2024-08-18,CUST1280,PROD082,2,0.26,Debit Card,37566,58688.85,86859.5,11727.5
ORD05406,2025-08-16,CUST0395,PROD021,5,0.12,Debit Card,22664,26091.69,114803.44,1483.44
ORD05407,2025-10-09,CUST0952,PROD016,4,0.3,Debit Card,45432,58996.02,165188.86,-16539.14
ORD05408,2024-04-19,CUST0174,PROD067,5,0.2,UPI,26070,30759.08,123036.32,-7313.68
ORD05409,2024-09-09,CUST1069,PROD065,4,0.11,Debit Card,5346,7882.33,28061.09,6677.09
ORD05410,2024-10-02,CUST0855,PROD013,1,0.06,Debit Card,24204,33282.95,31285.97,7081.97
ORD05411,2023-09-19,CUST1165,PROD064,2,0.26,Cash on Delivery,24886,30578.04,45255.5,-4516.5
ORD05412,2023-06-11,CUST0539,PROD061,3,0.1,Cash on Delivery,13164,15642.9,42235.83,2743.83
ORD05413,2023-06-30,CUST0745,PROD032,4,0.01,Cash on Delivery,17963,22484.97,89040.48,17188.48
ORD05414,2024-12-25,CUST0721,PROD012,1,0.08,UPI,33865,52976.31,48738.21,14873.21
ORD05415,2024-04-13,CUST0050,PROD095,1,0.05,Debit Card,3434,4996.28,4746.47,1312.47
ORD05416,2023-01-21,CUST1085,PROD041,2,0.1,Credit Card,37776,47560.3,85608.54,10056.54
ORD05417,2023-09-17,CUST0243,PROD066,4,0.18,UPI,26705,41451.1,135959.61,29139.61
ORD05418,2024-04-10,CUST1293,PROD008,3,0.15,Cash on Delivery,24024,29103.22,74213.21,2141.21
ORD05419,2024-06-20,CUST1164,PROD059,3,0.21,Cash on Delivery,42048,61381.62,145474.44,19330.44
ORD05420,2025-08-09,CUST1181,PROD025,3,0.1,UPI,31820,42676.36,115226.17,19766.17
ORD05421,2025-02-04,CUST0597,PROD005,5,0.04,UPI,14250,18108.08,86918.78,15668.78
ORD05422,2025-08-16,CUST1620,PROD045,5,0.05,Debit Card,45004,57066.8,271067.3,46047.3
ORD05423,2025-07-22,CUST0276,PROD002,4,0.24,UPI,8668,11921.63,36241.76,1569.76
ORD05424,2025-04-30,CUST1055,PROD042,3,0.03,Credit Card,35023,54957.11,159925.19,54856.19
ORD05425,2024-06-16,CUST0008,PROD038,1,0.24,Credit Card,41219,61170.89,46489.88,5270.88
ORD05426,2023-01-15,CUST1816,PROD003,3,0.06,UPI,7361,10658.39,30056.66,7973.66
ORD05427,2023-02-19,CUST0715,PROD046,4,0.2,Credit Card,11014,17005.44,54417.41,10361.41
ORD05428,2025-09-25,CUST1959,PROD022,3,0.19,Debit Card,46697,65686.39,159617.93,19526.93
ORD05429,2023-10-31,CUST0033,PROD033,2,0.03,UPI,8919,11027.19,21392.75,3554.75
ORD05430,2024-02-20,CUST0810,PROD032,3,0.2,Credit Card,17963,28556.23,68534.95,14645.95
ORD05431,2023-11-01,CUST1679,PROD017,1,0.13,Cash on Delivery,28919,40215.77,34987.72,6068.72
ORD05432,2023-07-15,CUST1476,PROD082,4,0.21,Debit Card,37566,48530.83,153357.42,3093.42
ORD05433,2025-03-23,CUST1473,PROD056,4,0.25,UPI,6756,10135.19,30405.57,3381.57
ORD05434,2025-03-10,CUST0928,PROD003,1,0.01,UPI,7361,10002.11,9902.09,2541.09
ORD05435,2024-01-23,CUST1931,PROD070,4,0.19,UPI,39873,46077.55,149291.26,-10200.74
ORD05436,2025-01-26,CUST0862,PROD049,3,0.03,Cash on Delivery,1602,2072.95,6032.28,1226.28
ORD05437,2024-03-30,CUST0037,PROD055,4,0.11,Credit Card,44065,59740.56,212676.39,36416.39
ORD05438,2024-12-13,CUST1683,PROD077,3,0.0,UPI,10916,14383.79,43151.37,10403.37
ORD05439,2024-12-05,CUST1971,PROD031,4,0.1,Credit Card,15105,21121.1,76035.96,15615.96
ORD05440,2025-04-27,CUST1764,PROD081,3,0.05,Debit Card,2375,2927.22,8342.58,1217.58
ORD05441,2023-06-24,CUST0034,PROD021,3,0.17,Cash on Delivery,22664,31901.76,79435.38,11443.38
ORD05442,2025-12-25,CUST0455,PROD016,1,0.15,Cash on Delivery,45432,72415.68,61553.33,16121.33
ORD05443,2023-10-06,CUST0444,PROD017,1,0.24,Debit Card,28919,43066.62,32730.63,3811.63
ORD05444,2025-01-27,CUST1261,PROD096,5,0.19,Debit Card,16906,24649.75,99831.49,15301.49
ORD05445,2023-12-29,CUST0212,PROD001,1,0.21,UPI,19397,24057.6,19005.5,-391.5
ORD05446,2023-06-20,CUST1845,PROD072,3,0.03,Debit Card,16543,23355.38,67964.16,18335.16
ORD05447,2025-12-10,CUST1164,PROD065,3,0.01,Cash on Delivery,5346,8119.79,24115.78,8077.78
ORD05448,2024-10-26,CUST0702,PROD066,4,0.29,Credit Card,26705,33602.56,95431.27,-11388.73
ORD05449,2024-08-14,CUST0608,PROD037,4,0.13,Credit Card,49377,58711.88,204317.34,6809.34
ORD05450,2025-07-19,CUST1730,PROD024,5,0.12,Credit Card,37354,54080.9,237955.96,51185.96
ORD05451,2023-10-01,CUST0982,PROD091,3,0.01,Credit Card,15191,22074.26,65560.55,19987.55
ORD05452,2024-05-22,CUST0361,PROD084,5,0.04,Credit Card,6252,9452.87,45373.78,14113.78
ORD05453,2023-12-29,CUST0304,PROD062,3,0.28,Credit Card,42867,61441.45,132713.53,4112.53
ORD05454,2025-04-27,CUST0296,PROD021,1,0.21,Cash on Delivery,22664,34712.89,27423.18,4759.18
ORD05455,2024-10-16,CUST0152,PROD037,4,0.12,Debit Card,49377,62696.13,220690.38,23182.38
ORD05456,2023-10-25,CUST1970,PROD035,5,0.27,Cash on Delivery,34337,40032.73,146119.46,-25565.54
ORD05457,2024-05-08,CUST1247,PROD038,2,0.18,UPI,41219,60994.05,100030.24,17592.24
ORD05458,2024-06-29,CUST1220,PROD053,3,0.22,Credit Card,45509,60239.03,140959.33,4432.33
ORD05459,2023-10-31,CUST0600,PROD015,1,0.13,Debit Card,18761,23344.94,20310.1,1549.1
ORD05460,2025-06-22,CUST1323,PROD042,2,0.13,Debit Card,35023,41090.28,71497.09,1451.09
ORD05461,2023-08-27,CUST1553,PROD094,1,0.02,Credit Card,11294,16827.15,16490.61,5196.61
ORD05462,2024-10-11,CUST1512,PROD004,1,0.22,Debit Card,42258,64310.14,50161.91,7903.91
ORD05463,2025-06-02,CUST0211,PROD039,3,0.03,Credit Card,46187,61200.56,178093.63,39532.63
ORD05464,2024-02-14,CUST0232,PROD079,1,0.23,UPI,16940,26228.06,20195.61,3255.61
ORD05465,2024-12-26,CUST0870,PROD023,5,0.06,Credit Card,14296,19113.76,89834.67,18354.67
ORD05466,2025-11-12,CUST0695,PROD015,2,0.07,UPI,18761,29608.55,55071.9,17549.9
ORD05467,2023-11-14,CUST1698,PROD090,1,0.28,Debit Card,39865,63482.78,45707.6,5842.6
ORD05468,2024-06-08,CUST0367,PROD012,1,0.14,Cash on Delivery,33865,51404.76,44208.09,10343.09
ORD05469,2025-06-23,CUST0481,PROD082,4,0.04,Debit Card,37566,47532.44,182524.57,32260.57
ORD05470,2025-10-20,CUST1606,PROD070,4,0.27,Cash on Delivery,39873,52426.86,153086.43,-6405.57
ORD05471,2024-09-11,CUST0572,PROD082,5,0.14,Credit Card,37566,52205.27,224482.66,36652.66
ORD05472,2025-08-10,CUST1203,PROD054,4,0.04,Debit Card,39049,50681.94,194618.65,38422.65
ORD05473,2025-03-11,CUST1508,PROD088,1,0.12,Debit Card,27486,41738.0,36729.44,9243.44
ORD05474,2025-07-04,CUST1613,PROD038,1,0.18,UPI,41219,64606.52,52977.35,11758.35
ORD05475,2023-11-16,CUST1519,PROD028,2,0.11,Credit Card,24730,39409.84,70149.52,20689.52
ORD05476,2025-05-25,CUST1993,PROD079,4,0.28,Cash on Delivery,16940,22044.6,63488.45,-4271.55
ORD05477,2023-11-25,CUST1571,PROD019,3,0.08,Credit Card,26105,33195.37,91619.22,13304.22
ORD05478,2025-01-22,CUST0930,PROD069,4,0.05,UPI,21682,26505.82,100722.12,13994.12
ORD05479,2024-10-18,CUST1040,PROD064,1,0.07,UPI,24886,29150.42,27109.89,2223.89
ORD05480,2025-11-03,CUST0466,PROD004,2,0.03,UPI,42258,51962.83,100807.89,16291.89
ORD05481,2023-03-12,CUST1426,PROD081,4,0.14,Credit Card,2375,3035.32,10441.5,941.5
ORD05482,2025-04-06,CUST0294,PROD010,2,0.26,UPI,38184,50631.15,74934.1,-1433.9
ORD05483,2025-05-14,CUST0171,PROD012,4,0.09,Credit Card,33865,40616.66,147844.64,12384.64
ORD05484,2025-07-16,CUST1056,PROD069,5,0.08,UPI,21682,32937.25,151511.35,43101.35
ORD05485,2023-04-16,CUST0263,PROD007,1,0.25,Debit Card,3479,4969.99,3727.49,248.49
ORD05486,2025-02-08,CUST1239,PROD044,1,0.09,Cash on Delivery,31606,44349.08,40357.66,8751.66
ORD05487,2025-06-11,CUST0558,PROD023,3,0.14,Credit Card,14296,19948.27,51466.54,8578.54
ORD05488,2023-07-15,CUST0189,PROD002,1,0.01,Cash on Delivery,8668,11099.21,10988.22,2320.22
ORD05489,2023-05-25,CUST0786,PROD094,3,0.09,Credit Card,11294,17752.97,48465.61,14583.61
ORD05490,2024-04-15,CUST0583,PROD037,1,0.04,Credit Card,49377,61932.6,59455.3,10078.3
ORD05491,2023-08-04,CUST1002,PROD069,4,0.03,Debit Card,21682,31458.52,122059.06,35331.06
ORD05492,2023-09-17,CUST1832,PROD020,4,0.13,Debit Card,29671,37501.13,130503.93,11819.93
ORD05493,2025-07-22,CUST0600,PROD090,5,0.08,Credit Card,39865,63597.78,292549.79,93224.79
ORD05494,2024-07-28,CUST0846,PROD044,4,0.05,UPI,31606,49313.22,187390.24,60966.24
ORD05495,2023-10-12,CUST1970,PROD070,2,0.15,Credit Card,39873,50600.85,86021.44,6275.44
ORD05496,2024-04-28,CUST1285,PROD093,4,0.24,Credit Card,48575,77446.12,235436.2,41136.2
ORD05497,2024-01-07,CUST1206,PROD074,3,0.22,Debit Card,36254,51904.19,121455.8,12693.8
ORD05498,2023-03-11,CUST1529,PROD051,5,0.08,Debit Card,47215,69776.65,320972.59,84897.59
ORD05499,2024-01-14,CUST0342,PROD080,2,0.08,Cash on Delivery,24906,31812.74,58535.44,8723.44
ORD05500,2023-10-29,CUST0954,PROD098,2,0.22,Cash on Delivery,27372,34137.98,53255.25,-1488.75
ORD05501,2023-09-12,CUST0022,PROD031,1,0.17,UPI,15105,23203.26,19258.71,4153.71
ORD05502,2025-08-01,CUST1098,PROD100,3,0.22,Cash on Delivery,41593,52982.67,123979.45,-799.55
ORD05503,2024-11-22,CUST1626,PROD041,4,0.0,Cash on Delivery,37776,59039.67,236158.68,85054.68
ORD05504,2025-04-13,CUST1871,PROD058,4,0.03,Cash on Delivery,29901,39319.53,152559.78,32955.78
ORD05505,2024-12-17,CUST0166,PROD005,1,0.24,UPI,14250,16446.16,12499.08,-1750.92
ORD05506,2024-02-28,CUST0234,PROD033,4,0.26,Credit Card,8919,12633.53,37395.25,1719.25
ORD05507,2023-08-01,CUST1399,PROD043,2,0.1,Credit Card,1019,1334.01,2401.22,363.22
ORD05508,2023-04-10,CUST1457,PROD019,4,0.29,UPI,26105,41485.76,117819.56,13399.56
ORD05509,2023-11-04,CUST0641,PROD032,4,0.09,Credit Card,17963,23783.42,86571.65,14719.65
ORD05510,2024-11-08,CUST1358,PROD087,2,0.27,Cash on Delivery,1853,2393.17,3494.03,-211.97
ORD05511,2024-04-19,CUST1828,PROD003,3,0.13,Cash on Delivery,7361,10341.3,26990.79,4907.79
ORD05512,2023-04-22,CUST0607,PROD001,3,0.17,Cash on Delivery,19397,28677.48,71406.93,13215.93
ORD05513,2023-07-02,CUST0540,PROD100,2,0.19,Cash on Delivery,41593,65922.1,106793.8,23607.8
ORD05514,2024-08-19,CUST1890,PROD041,2,0.04,Credit Card,37776,44625.8,85681.54,10129.54
ORD05515,2023-06-14,CUST1059,PROD092,5,0.01,UPI,4811,6440.87,31882.31,7827.31
ORD05516,2025-03-25,CUST1468,PROD048,5,0.13,UPI,7733,11202.45,48730.66,10065.66
ORD05517,2023-03-31,CUST1255,PROD039,4,0.05,UPI,46187,53218.32,202229.62,17481.62
ORD05518,2024-03-30,CUST0318,PROD005,4,0.16,Debit Card,14250,19523.42,65598.69,8598.69
ORD05519,2023-08-26,CUST0343,PROD077,5,0.14,UPI,10916,16515.25,71015.58,16435.58
ORD05520,2024-06-17,CUST1454,PROD011,4,0.04,Debit Card,23684,27778.78,106670.52,11934.52
ORD05521,2024-12-27,CUST1900,PROD022,3,0.2,UPI,46697,60857.68,146058.43,5967.43
ORD05522,2023-02-27,CUST0979,PROD087,3,0.01,Cash on Delivery,1853,2465.26,7321.82,1762.82
ORD05523,2024-06-25,CUST0637,PROD064,1,0.04,UPI,24886,36640.36,35174.75,10288.75
ORD05524,2025-10-18,CUST1490,PROD012,5,0.21,Debit Card,33865,43451.29,171632.6,2307.6
ORD05525,2024-09-09,CUST0079,PROD053,3,0.16,Cash on Delivery,45509,57378.68,144594.27,8067.27
ORD05526,2024-02-06,CUST0893,PROD055,1,0.08,Debit Card,44065,52965.11,48727.9,4662.9
ORD05527,2025-10-02,CUST0573,PROD053,2,0.05,Credit Card,45509,72730.02,138187.04,47169.04
ORD05528,2025-04-21,CUST0449,PROD021,3,0.19,Credit Card,22664,30874.03,75023.89,7031.89
ORD05529,2025-04-18,CUST1753,PROD019,1,0.06,Credit Card,26105,30587.11,28751.88,2646.88
ORD05530,2024-06-02,CUST0282,PROD069,4,0.3,Cash on Delivery,21682,25681.02,71906.86,-14821.14
ORD05531,2023-07-16,CUST0675,PROD088,1,0.26,Cash on Delivery,27486,33191.53,24561.73,-2924.27
ORD05532,2023-02-15,CUST0057,PROD094,3,0.04,Debit Card,11294,14064.25,40505.04,6623.04
ORD05533,2024-06-13,CUST1999,PROD072,4,0.26,Cash on Delivery,16543,24536.43,72627.83,6455.83
ORD05534,2025-09-26,CUST0191,PROD066,4,0.1,UPI,26705,37424.65,134728.74,27908.74
ORD05535,2025-02-14,CUST0644,PROD059,1,0.15,Debit Card,42048,63050.84,53593.21,11545.21
ORD05536,2023-03-15,CUST1487,PROD049,1,0.04,UPI,1602,1856.59,1782.33,180.33
ORD05537,2023-12-01,CUST0042,PROD098,3,0.04,Cash on Delivery,27372,34743.34,100060.82,17944.82
ORD05538,2024-09-24,CUST1510,PROD059,4,0.26,UPI,42048,56028.39,165844.03,-2347.97
ORD05539,2024-11-18,CUST1197,PROD023,5,0.19,Cash on Delivery,14296,19200.33,77761.34,6281.34
ORD05540,2024-07-28,CUST0679,PROD003,1,0.14,Cash on Delivery,7361,8642.57,7432.61,71.61
ORD05541,2023-10-23,CUST1274,PROD056,5,0.01,UPI,6756,9324.52,46156.37,12376.37
ORD05542,2025-11-04,CUST1534,PROD058,5,0.28,Credit Card,29901,38242.8,137674.08,-11830.92
ORD05543,2024-04-22,CUST0502,PROD088,4,0.11,Cash on Delivery,27486,33977.17,120958.73,11014.73
ORD05544,2024-09-24,CUST1217,PROD062,3,0.12,Debit Card,42867,62243.86,164323.79,35722.79
ORD05545,2023-11-15,CUST0790,PROD018,5,0.09,Debit Card,34967,41531.43,188968.01,14133.01
ORD05546,2024-04-23,CUST1931,PROD061,3,0.27,Credit Card,13164,20274.58,44401.33,4909.33
ORD05547,2024-01-03,CUST0750,PROD037,1,0.1,UPI,49377,76777.35,69099.62,19722.62
ORD05548,2024-01-02,CUST0742,PROD054,4,0.05,Credit Card,39049,50626.69,192381.42,36185.42
ORD05549,2024-01-13,CUST0165,PROD095,2,0.15,UPI,3434,5474.16,9306.07,2438.07
ORD05550,2024-04-07,CUST0755,PROD078,4,0.23,Credit Card,3912,5205.19,16031.99,383.99
ORD05551,2023-01-13,CUST0090,PROD065,2,0.11,Cash on Delivery,5346,8462.94,15064.03,4372.03
ORD05552,2024-06-19,CUST1715,PROD014,1,0.2,Debit Card,6122,9759.05,7807.24,1685.24
ORD05553,2023-09-27,CUST0987,PROD005,3,0.09,Credit Card,14250,21690.06,59213.86,16463.86
ORD05554,2025-12-29,CUST1082,PROD095,1,0.22,Debit Card,3434,4142.0,3230.76,-203.24
ORD05555,2024-01-11,CUST1997,PROD095,4,0.2,UPI,3434,4852.2,15527.04,1791.04
ORD05556,2023-09-14,CUST1287,PROD094,2,0.2,Credit Card,11294,16707.94,26732.7,4144.7
ORD05557,2023-08-05,CUST0648,PROD100,2,0.19,Credit Card,41593,49281.84,79836.58,-3349.42
ORD05558,2024-03-25,CUST0750,PROD062,4,0.05,Credit Card,42867,66535.54,252835.05,81367.05
ORD05559,2025-06-12,CUST0819,PROD001,4,0.27,Credit Card,19397,29741.65,86845.62,9257.62
ORD05560,2023-02-01,CUST0243,PROD063,1,0.18,Debit Card,48779,76594.51,62807.5,14028.5
ORD05561,2024-09-01,CUST0663,PROD067,5,0.11,Cash on Delivery,26070,36013.96,160262.12,29912.12
ORD05562,2025-07-05,CUST0858,PROD020,2,0.05,Debit Card,29671,38451.75,73058.32,13716.32
ORD05563,2024-06-25,CUST1900,PROD043,4,0.24,Cash on Delivery,1019,1404.03,4268.25,192.25
ORD05564,2023-05-28,CUST1783,PROD085,1,0.15,Credit Card,21717,32102.28,27286.94,5569.94
ORD05565,2024-10-17,CUST0219,PROD094,5,0.04,Cash on Delivery,11294,15103.38,72496.22,16026.22
ORD05566,2023-03-08,CUST0009,PROD042,3,0.28,Debit Card,35023,45820.35,98971.96,-6097.04
ORD05567,2024-07-23,CUST0430,PROD094,4,0.03,Credit Card,11294,13379.72,51913.31,6737.31
ORD05568,2025-01-17,CUST1830,PROD069,5,0.16,Debit Card,21682,29297.94,123051.35,14641.35
ORD05569,2024-03-18,CUST1903,PROD074,3,0.18,Debit Card,36254,48101.82,118330.48,9568.48
ORD05570,2025-06-15,CUST0013,PROD088,3,0.3,Debit Card,27486,39812.96,83607.22,1149.22
ORD05571,2024-02-03,CUST1799,PROD039,1,0.04,Cash on Delivery,46187,62233.99,59744.63,13557.63
ORD05572,2024-04-26,CUST0907,PROD062,2,0.18,Credit Card,42867,49374.96,80974.93,-4759.07
ORD05573,2025-08-05,CUST0970,PROD048,4,0.14,Credit Card,7733,10578.43,36389.8,5457.8
ORD05574,2023-07-05,CUST1249,PROD006,5,0.08,Debit Card,17488,26200.03,120520.14,33080.14
ORD05575,2023-06-18,CUST1767,PROD074,3,0.28,UPI,36254,57114.08,123366.41,14604.41
ORD05576,2024-05-21,CUST0690,PROD042,2,0.24,Debit Card,35023,43317.5,65842.6,-4203.4
ORD05577,2024-06-04,CUST1783,PROD058,3,0.23,Cash on Delivery,29901,40071.56,92565.3,2862.3
ORD05578,2023-06-10,CUST1091,PROD043,4,0.27,Cash on Delivery,1019,1560.45,4556.51,480.51
ORD05579,2023-12-06,CUST1833,PROD010,4,0.22,Credit Card,38184,44647.82,139301.2,-13434.8
ORD05580,2024-12-04,CUST1693,PROD089,1,0.15,UPI,21871,28595.3,24306.0,2435.0
ORD05581,2025-04-02,CUST0677,PROD078,4,0.12,Cash on Delivery,3912,5539.34,19498.48,3850.48
ORD05582,2025-02-23,CUST1527,PROD039,4,0.21,Credit Card,46187,60233.96,190339.31,5591.31
ORD05583,2023-05-11,CUST0184,PROD013,4,0.18,UPI,24204,33164.9,108780.87,11964.87
ORD05584,2024-05-30,CUST1005,PROD075,2,0.16,UPI,900,1415.34,2377.77,577.77
ORD05585,2024-06-19,CUST0208,PROD039,5,0.18,Credit Card,46187,53612.34,219810.59,-11124.41
ORD05586,2025-01-10,CUST0528,PROD011,5,0.2,Cash on Delivery,23684,28067.0,112268.0,-6152.0
ORD05587,2025-02-19,CUST1324,PROD016,4,0.29,Debit Card,45432,56273.59,159817.0,-21911.0
ORD05588,2024-08-10,CUST0818,PROD033,5,0.23,Cash on Delivery,8919,11801.66,45436.39,841.39
ORD05589,2024-12-26,CUST1003,PROD060,4,0.05,Cash on Delivery,7054,9606.53,36504.81,8288.81
ORD05590,2025-07-31,CUST1265,PROD096,5,0.14,Cash on Delivery,16906,19720.89,84799.83,269.83
ORD05591,2025-09-23,CUST0455,PROD059,5,0.2,Credit Card,42048,65054.75,260219.0,49979.0
ORD05592,2024-01-11,CUST1999,PROD074,3,0.05,Credit Card,36254,54067.96,154093.69,45331.69
ORD05593,2023-07-23,CUST1766,PROD051,2,0.28,Debit Card,47215,59991.6,86387.9,-8042.1
ORD05594,2025-09-15,CUST0902,PROD015,3,0.02,Cash on Delivery,18761,23742.9,69804.13,13521.13
ORD05595,2024-10-22,CUST1554,PROD080,3,0.18,Cash on Delivery,24906,28928.65,71164.48,-3553.52
ORD05596,2023-03-16,CUST1683,PROD043,5,0.29,Debit Card,1019,1354.87,4809.79,-285.21
ORD05597,2025-01-10,CUST0244,PROD027,1,0.22,UPI,33194,41974.35,32739.99,-454.01
ORD05598,2023-10-31,CUST1587,PROD056,1,0.2,UPI,6756,9649.52,7719.62,963.62
ORD05599,2025-12-21,CUST1986,PROD060,2,0.3,Debit Card,7054,9851.25,13791.75,-316.25
ORD05600,2024-07-23,CUST0771,PROD096,4,0.24,Cash on Delivery,16906,26723.48,81239.38,13615.38
ORD05601,2025-02-24,CUST0238,PROD070,5,0.29,Credit Card,39873,60122.89,213436.26,14071.26
ORD05602,2025-09-13,CUST1270,PROD047,2,0.21,Cash on Delivery,47956,56894.48,89893.28,-6018.72
ORD05603,2023-08-17,CUST0345,PROD100,3,0.2,Debit Card,41593,61013.98,146433.55,21654.55
ORD05604,2025-12-07,CUST1508,PROD008,5,0.23,Debit Card,24024,28785.6,110824.56,-9295.44
ORD05605,2023-09-25,CUST0310,PROD063,3,0.06,Debit Card,48779,63187.8,178189.6,31852.6
ORD05606,2024-12-27,CUST1585,PROD089,2,0.24,Credit Card,21871,30614.11,46533.45,2791.45
ORD05607,2025-03-12,CUST1308,PROD007,1,0.29,Cash on Delivery,3479,4776.92,3391.61,-87.39
ORD05608,2023-09-11,CUST0038,PROD081,2,0.18,Credit Card,2375,3472.25,5694.49,944.49
ORD05609,2025-08-14,CUST1820,PROD094,5,0.0,UPI,11294,17104.91,85524.55,29054.55
ORD05610,2025-05-19,CUST0032,PROD002,5,0.02,Cash on Delivery,8668,13203.3,64696.17,21356.17
ORD05611,2023-03-28,CUST1267,PROD017,4,0.07,Debit Card,28919,34015.98,126539.45,10863.45
ORD05612,2025-11-14,CUST1577,PROD004,1,0.15,Cash on Delivery,42258,60798.49,51678.72,9420.72
ORD05613,2023-08-10,CUST0292,PROD026,5,0.12,Debit Card,1165,1843.75,8112.5,2287.5
ORD05614,2025-09-16,CUST1639,PROD078,1,0.29,Credit Card,3912,5827.94,4137.84,225.84
ORD05615,2024-02-01,CUST0292,PROD072,5,0.28,Cash on Delivery,16543,22894.79,82421.24,-293.76
ORD05616,2025-07-26,CUST1643,PROD069,1,0.12,Debit Card,21682,34676.95,30515.72,8833.72
ORD05617,2024-05-25,CUST0758,PROD005,2,0.24,Credit Card,14250,16669.53,25337.69,-3162.31
ORD05618,2024-07-14,CUST1406,PROD005,1,0.19,Cash on Delivery,14250,16952.78,13731.75,-518.25
ORD05619,2025-04-25,CUST1623,PROD091,3,0.07,Cash on Delivery,15191,22720.63,63390.56,17817.56
ORD05620,2024-03-15,CUST0578,PROD069,2,0.28,UPI,21682,30298.13,43629.31,265.31
ORD05621,2023-11-07,CUST1162,PROD003,5,0.08,Cash on Delivery,7361,8877.3,40835.58,4030.58
ORD05622,2023-02-04,CUST1862,PROD038,5,0.26,UPI,41219,54363.35,201144.4,-4950.6
ORD05623,2023-08-05,CUST1224,PROD094,4,0.19,Cash on Delivery,11294,13314.83,43140.05,-2035.95
ORD05624,2024-12-21,CUST1359,PROD001,3,0.19,UPI,19397,26901.49,65370.62,7179.62
ORD05625,2025-10-12,CUST0605,PROD008,4,0.25,Credit Card,24024,28752.67,86258.01,-9837.99
ORD05626,2024-06-02,CUST0447,PROD013,2,0.15,Cash on Delivery,24204,27909.74,47446.56,-961.44
ORD05627,2023-09-26,CUST1372,PROD084,4,0.26,Credit Card,6252,8096.91,23966.85,-1041.15
ORD05628,2024-09-29,CUST0278,PROD070,2,0.17,Cash on Delivery,39873,50050.2,83083.33,3337.33
ORD05629,2024-04-19,CUST0994,PROD050,4,0.3,Cash on Delivery,1097,1440.3,4032.84,-355.16
ORD05630,2023-03-31,CUST0532,PROD008,1,0.2,Cash on Delivery,24024,31416.32,25133.06,1109.06
ORD05631,2025-12-01,CUST1825,PROD030,2,0.11,Cash on Delivery,27284,39111.77,69618.95,15050.95
ORD05632,2025-09-08,CUST1423,PROD040,2,0.23,Cash on Delivery,34631,50422.97,77651.37,8389.37
ORD05633,2023-10-15,CUST1415,PROD079,1,0.15,Cash on Delivery,16940,20451.86,17384.08,444.08
ORD05634,2024-04-25,CUST0984,PROD074,1,0.24,Debit Card,36254,49664.27,37744.85,1490.85
ORD05635,2024-09-28,CUST0602,PROD033,3,0.25,Cash on Delivery,8919,13825.5,31107.38,4350.38
ORD05636,2024-05-15,CUST0562,PROD073,1,0.19,UPI,46032,56011.04,45368.94,-663.06
ORD05637,2023-02-21,CUST1034,PROD052,4,0.26,Cash on Delivery,20157,31950.73,94574.16,13946.16
ORD05638,2023-04-13,CUST0591,PROD033,1,0.12,Credit Card,8919,10334.49,9094.35,175.35
ORD05639,2024-11-29,CUST1573,PROD073,1,0.02,UPI,46032,55002.36,53902.31,7870.31
ORD05640,2025-11-03,CUST0059,PROD078,2,0.2,UPI,3912,4811.41,7698.26,-125.74
ORD05641,2024-04-14,CUST1112,PROD096,2,0.23,UPI,16906,23015.95,35444.56,1632.56
ORD05642,2024-03-02,CUST0459,PROD037,1,0.02,Debit Card,49377,63430.61,62162.0,12785.0
ORD05643,2023-04-20,CUST0104,PROD070,3,0.23,Cash on Delivery,39873,53357.11,123254.92,3635.92
ORD05644,2024-05-29,CUST0831,PROD069,2,0.19,Credit Card,21682,34113.71,55264.21,11900.21
ORD05645,2023-03-09,CUST0789,PROD004,4,0.03,Credit Card,42258,55088.44,213743.15,44711.15
ORD05646,2024-01-24,CUST0104,PROD060,4,0.16,Credit Card,7054,10804.27,36302.35,8086.35
ORD05647,2023-11-04,CUST1278,PROD080,1,0.03,Debit Card,24906,29457.9,28574.16,3668.16
ORD05648,2025-12-25,CUST0742,PROD074,1,0.1,Debit Card,36254,54938.42,49444.58,13190.58
ORD05649,2024-04-04,CUST1359,PROD031,3,0.24,Debit Card,15105,23498.87,53577.42,8262.42
ORD05650,2023-12-13,CUST1487,PROD095,1,0.03,Cash on Delivery,3434,4389.51,4257.82,823.82
ORD05651,2023-11-21,CUST1573,PROD014,5,0.14,Debit Card,6122,8547.5,36754.25,6144.25
ORD05652,2024-10-28,CUST0301,PROD077,5,0.18,Credit Card,10916,13472.77,55238.36,658.36
ORD05653,2025-11-22,CUST0654,PROD060,1,0.28,Debit Card,7054,8400.51,6048.37,-1005.63
ORD05654,2023-03-09,CUST0555,PROD068,5,0.22,Credit Card,30755,46030.41,179518.6,25743.6
ORD05655,2023-07-06,CUST0628,PROD026,4,0.04,UPI,1165,1669.94,6412.57,1752.57
ORD05656,2023-07-11,CUST1365,PROD024,1,0.29,Credit Card,37354,55601.78,39477.26,2123.26
ORD05657,2024-03-03,CUST1516,PROD056,4,0.14,UPI,6756,9106.13,31325.09,4301.09
ORD05658,2023-08-04,CUST1108,PROD009,4,0.11,Cash on Delivery,7565,9549.47,33996.11,3736.11
ORD05659,2023-06-26,CUST0929,PROD035,5,0.04,Debit Card,34337,46083.09,221198.83,49513.83
ORD05660,2024-07-14,CUST1283,PROD079,3,0.28,Cash on Delivery,16940,19974.9,43145.78,-7674.22
ORD05661,2025-05-30,CUST0360,PROD024,4,0.18,Cash on Delivery,37354,47722.99,156531.41,7115.41
ORD05662,2024-09-17,CUST0087,PROD031,5,0.3,Cash on Delivery,15105,19393.09,67875.81,-7649.19
ORD05663,2024-08-29,CUST0428,PROD083,3,0.05,UPI,37036,54499.81,155324.46,44216.46
ORD05664,2023-06-28,CUST0367,PROD066,5,0.16,Debit Card,26705,31349.29,131667.02,-1857.98
ORD05665,2024-01-30,CUST0343,PROD066,5,0.03,Cash on Delivery,26705,33658.24,163242.46,29717.46
ORD05666,2025-05-25,CUST0347,PROD041,1,0.16,Cash on Delivery,37776,48144.55,40441.42,2665.42
ORD05667,2025-08-19,CUST1827,PROD036,2,0.27,Credit Card,5763,8057.32,11763.69,237.69
ORD05668,2023-07-17,CUST1945,PROD034,3,0.03,Credit Card,48452,61054.97,177669.96,32313.96
ORD05669,2025-08-26,CUST0096,PROD039,5,0.08,Debit Card,46187,55867.48,256990.41,26055.41
ORD05670,2024-10-30,CUST1279,PROD083,4,0.2,Credit Card,37036,46890.96,150051.07,1907.07
ORD05671,2024-04-01,CUST1878,PROD023,4,0.02,UPI,14296,19154.46,75085.48,17901.48
ORD05672,2023-03-13,CUST1160,PROD080,2,0.14,UPI,24906,34531.29,59393.82,9581.82
ORD05673,2023-08-11,CUST1272,PROD044,3,0.1,UPI,31606,36867.01,99540.93,4722.93
ORD05674,2023-10-03,CUST1523,PROD070,1,0.25,Cash on Delivery,39873,51412.84,38559.63,-1313.37
ORD05675,2024-07-26,CUST0884,PROD058,3,0.01,Debit Card,29901,44668.38,132665.09,42962.09
ORD05676,2025-07-12,CUST1982,PROD059,4,0.26,UPI,42048,59663.07,176602.69,8410.69
ORD05677,2024-04-15,CUST0486,PROD026,4,0.21,UPI,1165,1578.83,4989.1,329.1
ORD05678,2024-03-29,CUST1426,PROD022,1,0.09,UPI,46697,63220.14,57530.33,10833.33
ORD05679,2025-08-26,CUST0604,PROD088,1,0.06,UPI,27486,36171.71,34001.41,6515.41
ORD05680,2023-01-07,CUST0412,PROD040,4,0.29,UPI,34631,45156.05,128243.18,-10280.82
ORD05681,2023-07-07,CUST1995,PROD085,5,0.17,UPI,21717,28889.83,119892.79,11307.79
ORD05682,2023-01-04,CUST1932,PROD094,5,0.1,Debit Card,11294,17405.67,78325.52,21855.52
ORD05683,2025-06-25,CUST0448,PROD011,1,0.01,UPI,23684,32233.31,31910.98,8226.98
ORD05684,2025-11-04,CUST0247,PROD009,5,0.05,Debit Card,7565,10978.12,52146.07,14321.07
ORD05685,2025-08-17,CUST0770,PROD012,1,0.18,Debit Card,33865,51255.76,42029.72,8164.72
ORD05686,2024-06-08,CUST0699,PROD026,3,0.15,Debit Card,1165,1566.21,3993.84,498.84
ORD05687,2024-09-21,CUST0421,PROD038,3,0.23,UPI,41219,62967.15,145454.12,21797.12
ORD05688,2025-02-13,CUST0124,PROD003,3,0.25,UPI,7361,11753.36,26445.06,4362.06
ORD05689,2023-12-26,CUST1284,PROD097,1,0.12,Debit Card,10894,14999.65,13199.69,2305.69
ORD05690,2024-06-01,CUST1193,PROD015,1,0.03,Debit Card,18761,24975.32,24226.06,5465.06
ORD05691,2025-11-19,CUST0941,PROD047,5,0.24,UPI,47956,72538.64,275646.83,35866.83
ORD05692,2025-07-09,CUST0877,PROD005,5,0.17,Credit Card,14250,20550.3,85283.74,14033.74
ORD05693,2025-05-01,CUST1135,PROD054,5,0.29,Credit Card,39049,55681.45,197669.15,2424.15
ORD05694,2025-07-23,CUST1314,PROD024,2,0.24,Credit Card,37354,57852.24,87935.4,13227.4
ORD05695,2025-06-19,CUST1623,PROD011,1,0.1,UPI,23684,34158.35,30742.52,7058.52
ORD05696,2024-02-03,CUST0013,PROD033,3,0.13,Debit Card,8919,12831.85,33491.13,6734.13
ORD05697,2023-06-17,CUST1287,PROD087,3,0.07,Credit Card,1853,2303.48,6426.71,867.71
ORD05698,2024-01-12,CUST0800,PROD074,2,0.15,Cash on Delivery,36254,52920.06,89964.1,17456.1
ORD05699,2024-08-29,CUST1047,PROD057,2,0.21,Cash on Delivery,43648,68127.94,107642.15,20346.15
ORD05700,2025-10-07,CUST0945,PROD052,3,0.18,Debit Card,20157,28408.35,69884.54,9413.54
ORD05701,2024-08-11,CUST0200,PROD064,1,0.1,Cash on Delivery,24886,38735.5,34861.95,9975.95
ORD05702,2023-02-17,CUST1266,PROD043,3,0.25,UPI,1019,1327.56,2987.01,-69.99
ORD05703,2025-10-21,CUST1263,PROD092,3,0.03,Cash on Delivery,4811,5624.84,16368.28,1935.28
ORD05704,2023-06-22,CUST0303,PROD081,2,0.04,Debit Card,2375,3206.98,6157.4,1407.4
ORD05705,2024-05-20,CUST1189,PROD044,2,0.12,Credit Card,31606,36403.18,64069.6,857.6
ORD05706,2024-02-02,CUST0738,PROD090,5,0.21,UPI,39865,48622.05,192057.1,-7267.9
ORD05707,2023-10-21,CUST0176,PROD089,2,0.21,Debit Card,21871,27027.45,42703.37,-1038.63
ORD05708,2024-07-05,CUST1053,PROD036,3,0.11,UPI,5763,8011.87,21391.69,4102.69
ORD05709,2025-04-29,CUST0677,PROD012,5,0.21,Credit Card,33865,53420.97,211012.83,41687.83
ORD05710,2025-11-05,CUST0535,PROD056,3,0.02,Credit Card,6756,7829.65,23019.17,2751.17
ORD05711,2025-06-03,CUST1318,PROD003,1,0.09,Credit Card,7361,9249.17,8416.74,1055.74
ORD05712,2025-09-30,CUST0477,PROD050,1,0.21,UPI,1097,1740.12,1374.69,277.69
ORD05713,2023-05-14,CUST0383,PROD029,2,0.06,Cash on Delivery,23495,36340.74,68320.59,21330.59
ORD05714,2025-02-09,CUST0556,PROD088,5,0.06,UPI,27486,41934.91,197094.08,59664.08
ORD05715,2024-05-22,CUST1797,PROD083,4,0.03,Credit Card,37036,44121.36,171190.88,23046.88
ORD05716,2025-12-25,CUST1716,PROD077,1,0.11,UPI,10916,15717.34,13988.43,3072.43
ORD05717,2024-04-24,CUST1320,PROD016,1,0.25,UPI,45432,56399.78,42299.84,-3132.16
ORD05718,2025-05-12,CUST1675,PROD040,1,0.25,Cash on Delivery,34631,49971.18,37478.38,2847.38
ORD05719,2024-04-03,CUST0334,PROD027,1,0.26,Credit Card,33194,44559.26,32973.85,-220.15
ORD05720,2024-09-17,CUST1272,PROD070,2,0.01,Cash on Delivery,39873,57259.67,113374.15,33628.15
ORD05721,2023-06-08,CUST1265,PROD042,5,0.3,Credit Card,35023,47035.45,164624.07,-10490.93
ORD05722,2023-06-10,CUST1130,PROD057,1,0.15,Debit Card,43648,68023.96,57820.37,14172.37
ORD05723,2025-07-28,CUST0898,PROD010,2,0.26,Credit Card,38184,44346.47,65632.78,-10735.22
ORD05724,2023-06-04,CUST0931,PROD038,5,0.27,UPI,41219,50955.12,185986.19,-20108.81
ORD05725,2024-04-30,CUST0685,PROD008,5,0.15,Debit Card,24024,36632.96,155690.08,35570.08
ORD05726,2024-03-07,CUST0561,PROD018,4,0.02,UPI,34967,51804.91,203075.25,63207.25
ORD05727,2025-11-16,CUST0123,PROD096,3,0.18,Debit Card,16906,20859.16,51313.53,595.53
ORD05728,2025-09-30,CUST1059,PROD017,1,0.1,UPI,28919,34837.17,31353.45,2434.45
ORD05729,2025-11-01,CUST0618,PROD058,2,0.06,Debit Card,29901,38574.31,72519.7,12717.7
ORD05730,2023-03-08,CUST0988,PROD066,5,0.05,Debit Card,26705,36501.48,173382.03,39857.03
ORD05731,2024-06-25,CUST0840,PROD044,4,0.17,UPI,31606,37014.49,122888.11,-3535.89
ORD05732,2023-04-06,CUST0416,PROD084,3,0.03,Debit Card,6252,9568.78,27845.15,9089.15
ORD05733,2023-08-03,CUST0708,PROD074,5,0.25,UPI,36254,50191.08,188216.55,6946.55
ORD05734,2023-07-13,CUST1645,PROD009,5,0.07,Cash on Delivery,7565,11829.9,55009.04,17184.04
ORD05735,2025-06-03,CUST0637,PROD048,1,0.16,UPI,7733,10026.36,8422.14,689.14
ORD05736,2023-02-08,CUST1351,PROD039,3,0.04,Cash on Delivery,46187,54129.94,155894.23,17333.23
ORD05737,2025-07-27,CUST1319,PROD089,3,0.26,Debit Card,21871,33727.53,74875.12,9262.12
ORD05738,2025-07-27,CUST1456,PROD089,2,0.21,Credit Card,21871,26624.18,42066.2,-1675.8
ORD05739,2023-07-25,CUST0347,PROD088,4,0.06,Cash on Delivery,27486,35760.36,134458.95,24514.95
ORD05740,2025-07-30,CUST0037,PROD006,2,0.21,Credit Card,17488,23765.37,37549.28,2573.28
ORD05741,2024-07-08,CUST1724,PROD030,4,0.02,Credit Card,27284,37416.62,146673.15,37537.15
ORD05742,2024-04-28,CUST0512,PROD074,2,0.23,UPI,36254,42075.18,64795.78,-7712.22
ORD05743,2025-02-09,CUST0849,PROD095,4,0.15,UPI,3434,4763.07,16194.44,2458.44
ORD05744,2023-09-06,CUST1994,PROD018,1,0.04,Credit Card,34967,41424.16,39767.19,4800.19
ORD05745,2024-01-08,CUST1924,PROD043,4,0.17,UPI,1019,1321.72,4388.11,312.11
ORD05746,2025-05-28,CUST0535,PROD033,2,0.06,Credit Card,8919,14171.96,26643.28,8805.28
ORD05747,2025-04-14,CUST0910,PROD053,3,0.2,UPI,45509,58077.08,139384.99,2857.99
ORD05748,2025-05-20,CUST0773,PROD056,5,0.21,UPI,6756,10240.69,40450.73,6670.73
ORD05749,2024-12-02,CUST1730,PROD019,4,0.23,UPI,26105,36015.59,110928.02,6508.02
ORD05750,2023-05-18,CUST1902,PROD087,4,0.27,Credit Card,1853,2299.73,6715.21,-696.79
ORD05751,2025-08-05,CUST0664,PROD069,3,0.2,Debit Card,21682,31978.16,76747.58,11701.58
ORD05752,2024-04-01,CUST1042,PROD026,1,0.15,UPI,1165,1630.78,1386.16,221.16
ORD05753,2025-03-24,CUST0027,PROD029,2,0.26,UPI,23495,32654.88,48329.22,1339.22
ORD05754,2025-04-02,CUST0536,PROD024,1,0.27,Credit Card,37354,43459.74,31725.61,-5628.39
ORD05755,2025-07-30,CUST1053,PROD006,4,0.23,Cash on Delivery,17488,22738.43,70034.36,82.36
ORD05756,2024-03-19,CUST1675,PROD054,4,0.28,Credit Card,39049,57816.65,166511.95,10315.95
ORD05757,2023-12-19,CUST1008,PROD039,1,0.29,UPI,46187,69661.03,49459.33,3272.33
ORD05758,2025-09-22,CUST0658,PROD004,2,0.08,UPI,42258,64091.15,117927.72,33411.72
ORD05759,2025-03-04,CUST1659,PROD058,4,0.06,Debit Card,29901,34889.29,131183.73,11579.73
ORD05760,2024-02-15,CUST0640,PROD048,4,0.13,UPI,7733,9459.16,32917.88,1985.88
ORD05761,2024-11-08,CUST1904,PROD060,1,0.3,Cash on Delivery,7054,11240.62,7868.43,814.43
ORD05762,2024-03-28,CUST1141,PROD026,5,0.03,UPI,1165,1421.24,6893.01,1068.01
ORD05763,2024-02-23,CUST1156,PROD079,3,0.21,UPI,16940,21104.82,50018.42,-801.58
ORD05764,2024-03-25,CUST1313,PROD077,4,0.26,Debit Card,10916,16496.05,48828.31,5164.31
ORD05765,2025-09-21,CUST1742,PROD040,2,0.3,Cash on Delivery,34631,45956.96,64339.74,-4922.26
ORD05766,2023-02-20,CUST1260,PROD086,5,0.19,Cash on Delivery,12989,15617.22,63249.74,-1695.26
ORD05767,2023-07-29,CUST0042,PROD077,1,0.11,UPI,10916,13167.89,11719.42,803.42
ORD05768,2025-06-06,CUST1184,PROD056,1,0.05,Cash on Delivery,6756,8024.1,7622.9,866.9
ORD05769,2025-09-24,CUST1788,PROD039,2,0.29,Debit Card,46187,56870.09,80755.53,-11618.47
ORD05770,2025-09-19,CUST1715,PROD081,5,0.28,Credit Card,2375,3262.4,11744.64,-130.36
ORD05771,2025-04-29,CUST1149,PROD100,2,0.24,UPI,41593,48114.09,73133.42,-10052.58
ORD05772,2024-09-18,CUST1284,PROD039,4,0.28,UPI,46187,55549.52,159982.62,-24765.38
ORD05773,2024-11-09,CUST1300,PROD048,5,0.02,Cash on Delivery,7733,12049.6,59043.04,20378.04
ORD05774,2025-02-15,CUST0213,PROD025,3,0.19,UPI,31820,49144.77,119421.79,23961.79
ORD05775,2024-10-24,CUST1987,PROD034,3,0.08,UPI,48452,73883.78,203919.23,58563.23
ORD05776,2023-09-25,CUST1497,PROD021,2,0.23,Debit Card,22664,33266.83,51230.92,5902.92
ORD05777,2023-04-26,CUST0836,PROD025,3,0.03,Credit Card,31820,46065.33,134050.11,38590.11
ORD05778,2025-01-23,CUST0702,PROD089,2,0.08,Credit Card,21871,27863.26,51268.4,7526.4
ORD05779,2025-11-29,CUST1594,PROD022,4,0.26,Cash on Delivery,46697,60741.01,179793.39,-6994.61
ORD05780,2023-07-01,CUST1455,PROD023,4,0.22,Debit Card,14296,17957.36,56026.96,-1157.04
ORD05781,2025-06-21,CUST1739,PROD025,2,0.3,Debit Card,31820,50630.11,70882.15,7242.15
ORD05782,2025-08-03,CUST0080,PROD078,4,0.19,Debit Card,3912,5615.43,18193.99,2545.99
ORD05783,2023-09-15,CUST0955,PROD078,3,0.09,Debit Card,3912,6198.94,16923.11,5187.11
ORD05784,2024-05-23,CUST1252,PROD026,4,0.16,UPI,1165,1482.23,4980.29,320.29
ORD05785,2023-04-02,CUST0902,PROD030,3,0.28,Cash on Delivery,27284,39003.68,84247.95,2395.95
ORD05786,2023-05-29,CUST1119,PROD090,3,0.2,Cash on Delivery,39865,59459.76,142703.42,23108.42
ORD05787,2023-04-27,CUST0424,PROD038,1,0.26,UPI,41219,49159.12,36377.75,-4841.25
ORD05788,2024-04-02,CUST1997,PROD086,4,0.01,Cash on Delivery,12989,18835.77,74589.65,22633.65
ORD05789,2024-07-18,CUST0919,PROD034,4,0.11,Debit Card,48452,59406.16,211485.93,17677.93
ORD05790,2025-03-24,CUST1972,PROD089,2,0.28,UPI,21871,28380.62,40868.09,-2873.91
ORD05791,2023-02-14,CUST0516,PROD100,2,0.01,UPI,41593,61236.08,121247.44,38061.44
ORD05792,2025-02-12,CUST0165,PROD077,5,0.16,Credit Card,10916,14715.09,61803.38,7223.38
ORD05793,2023-08-22,CUST1450,PROD093,3,0.1,UPI,48575,75996.7,205191.09,59466.09
ORD05794,2023-07-16,CUST0997,PROD073,1,0.19,Credit Card,46032,57933.16,46925.86,893.86
ORD05795,2023-01-25,CUST1836,PROD015,3,0.05,UPI,18761,22873.44,65189.3,8906.3
ORD05796,2024-01-30,CUST0993,PROD095,4,0.2,Cash on Delivery,3434,4470.13,14304.42,568.42
ORD05797,2024-12-14,CUST0893,PROD044,5,0.3,Credit Card,31606,48463.55,169622.42,11592.42
ORD05798,2025-11-25,CUST1016,PROD091,3,0.08,Credit Card,15191,23262.6,64204.78,18631.78
ORD05799,2023-08-11,CUST1066,PROD095,5,0.14,Credit Card,3434,4519.79,19435.1,2265.1
ORD05800,2025-05-13,CUST1821,PROD010,3,0.01,Credit Card,38184,57826.96,171746.07,57194.07
ORD05801,2024-06-13,CUST0741,PROD037,4,0.13,Debit Card,49377,58511.98,203621.69,6113.69
ORD05802,2023-09-14,CUST1427,PROD007,4,0.12,UPI,3479,4012.75,14124.88,208.88
ORD05803,2024-10-15,CUST0755,PROD032,3,0.17,Debit Card,17963,27647.97,68843.45,14954.45
ORD05804,2024-08-13,CUST1748,PROD011,1,0.08,Cash on Delivery,23684,36552.28,33628.1,9944.1
ORD05805,2024-03-19,CUST0416,PROD048,4,0.1,UPI,7733,9391.96,33811.06,2879.06
ORD05806,2024-02-22,CUST1324,PROD092,2,0.18,Debit Card,4811,6177.19,10130.59,508.59
ORD05807,2024-07-27,CUST1079,PROD068,1,0.27,UPI,30755,47140.29,34412.41,3657.41
ORD05808,2023-05-09,CUST0336,PROD048,3,0.07,Debit Card,7733,9184.45,25624.62,2425.62
ORD05809,2025-10-07,CUST1925,PROD045,1,0.2,Cash on Delivery,45004,69233.78,55387.02,10383.02
ORD05810,2023-12-07,CUST0881,PROD095,2,0.16,Debit Card,3434,4837.16,8126.43,1258.43
ORD05811,2025-03-20,CUST1454,PROD093,4,0.03,Cash on Delivery,48575,70228.51,272486.62,78186.62
ORD05812,2025-09-18,CUST0972,PROD033,4,0.17,Credit Card,8919,12644.19,41978.71,6302.71
ORD05813,2023-04-10,CUST0685,PROD004,4,0.21,Debit Card,42258,59674.19,188570.44,19538.44
ORD05814,2023-02-08,CUST1813,PROD047,2,0.18,Credit Card,47956,59143.06,96994.62,1082.62
ORD05815,2023-09-20,CUST1358,PROD090,1,0.03,Cash on Delivery,39865,50079.45,48577.07,8712.07
ORD05816,2023-05-30,CUST0741,PROD053,3,0.26,Credit Card,45509,64214.3,142555.75,6028.75
ORD05817,2024-11-20,CUST1430,PROD031,3,0.01,Debit Card,15105,20099.2,59694.62,14379.62
ORD05818,2025-03-23,CUST0030,PROD031,1,0.07,UPI,15105,21050.03,19576.53,4471.53
ORD05819,2023-08-07,CUST1559,PROD027,4,0.18,Debit Card,33194,41957.7,137621.26,4845.26
ORD05820,2025-06-24,CUST1541,PROD089,3,0.07,Credit Card,21871,29716.57,82909.23,17296.23
ORD05821,2023-09-01,CUST0575,PROD048,4,0.03,Credit Card,7733,9391.98,36440.88,5508.88
ORD05822,2025-06-04,CUST0221,PROD036,5,0.15,Debit Card,5763,6727.02,28589.84,-225.16
ORD05823,2024-08-09,CUST0827,PROD049,5,0.22,Debit Card,1602,2527.96,9859.04,1849.04
ORD05824,2024-06-01,CUST0594,PROD031,3,0.12,Debit Card,15105,22285.54,58833.83,13518.83
ORD05825,2025-11-10,CUST1518,PROD044,1,0.21,Debit Card,31606,43430.71,34310.26,2704.26
ORD05826,2023-07-09,CUST0754,PROD059,1,0.26,Cash on Delivery,42048,58781.22,43498.1,1450.1
ORD05827,2025-07-03,CUST1277,PROD023,1,0.29,UPI,14296,19728.88,14007.5,-288.5
ORD05828,2024-09-06,CUST1588,PROD099,4,0.07,Credit Card,42208,65610.83,244072.29,75240.29
ORD05829,2025-05-05,CUST1345,PROD068,5,0.18,Cash on Delivery,30755,46075.21,188908.36,35133.36
ORD05830,2024-04-10,CUST1063,PROD092,4,0.08,Debit Card,4811,6236.57,22950.58,3706.58
ORD05831,2023-04-09,CUST1021,PROD042,2,0.26,Debit Card,35023,43715.15,64698.42,-5347.58
ORD05832,2025-04-09,CUST1489,PROD042,2,0.27,Cash on Delivery,35023,41324.97,60334.46,-9711.54
ORD05833,2025-09-23,CUST1795,PROD013,3,0.1,Debit Card,24204,29444.29,79499.58,6887.58
ORD05834,2023-02-25,CUST1962,PROD001,2,0.19,Credit Card,19397,26584.12,43066.27,4272.27
ORD05835,2025-11-11,CUST1863,PROD076,1,0.27,Credit Card,19739,24499.19,17884.41,-1854.59
ORD05836,2024-08-02,CUST1435,PROD053,3,0.15,Credit Card,45509,58732.88,149768.84,13241.84
ORD05837,2023-07-04,CUST1436,PROD040,5,0.22,Cash on Delivery,34631,41903.44,163423.42,-9731.58
ORD05838,2024-06-05,CUST0492,PROD090,5,0.24,Debit Card,39865,62399.34,237117.49,37792.49
ORD05839,2023-09-21,CUST0438,PROD046,2,0.26,Cash on Delivery,11014,12833.25,18993.21,-3034.79
ORD05840,2025-11-27,CUST0479,PROD087,2,0.15,Credit Card,1853,2424.31,4121.33,415.33
ORD05841,2025-09-29,CUST0783,PROD022,5,0.28,Cash on Delivery,46697,59126.32,212854.75,-20630.25
ORD05842,2023-05-03,CUST0949,PROD052,2,0.19,Debit Card,20157,23255.86,37674.49,-2639.51
ORD05843,2023-10-28,CUST1008,PROD028,2,0.05,Debit Card,24730,38773.4,73669.46,24209.46
ORD05844,2025-04-12,CUST0072,PROD053,4,0.18,UPI,45509,58757.73,192725.35,10689.35
ORD05845,2025-12-26,CUST0582,PROD063,5,0.09,UPI,48779,67121.06,305400.82,61505.82
ORD05846,2024-10-06,CUST0220,PROD017,5,0.11,UPI,28919,40838.63,181731.9,37136.9
ORD05847,2025-05-23,CUST1028,PROD064,2,0.24,Credit Card,24886,35455.48,53892.33,4120.33
ORD05848,2024-01-29,CUST1886,PROD006,1,0.29,UPI,17488,23733.27,16850.62,-637.38
ORD05849,2024-10-22,CUST1003,PROD014,4,0.26,Credit Card,6122,8676.24,25681.67,1193.67
ORD05850,2023-03-10,CUST1937,PROD017,1,0.1,Cash on Delivery,28919,43039.93,38735.94,9816.94
ORD05851,2025-01-31,CUST0290,PROD038,2,0.14,Debit Card,41219,65061.72,111906.16,29468.16
ORD05852,2023-11-16,CUST0380,PROD069,5,0.3,Cash on Delivery,21682,31344.95,109707.32,1297.32
ORD05853,2023-06-26,CUST1926,PROD013,1,0.28,UPI,24204,32869.11,23665.76,-538.24
ORD05854,2024-08-06,CUST0804,PROD053,3,0.29,UPI,45509,61440.43,130868.12,-5658.88
ORD05855,2024-08-04,CUST1379,PROD009,1,0.13,Credit Card,7565,11116.28,9671.16,2106.16
ORD05856,2023-04-21,CUST0743,PROD044,5,0.24,Credit Card,31606,45265.03,172007.11,13977.11
ORD05857,2025-09-25,CUST1959,PROD026,2,0.26,Cash on Delivery,1165,1560.14,2309.01,-20.99
ORD05858,2025-01-27,CUST0080,PROD077,1,0.01,Cash on Delivery,10916,14203.34,14061.31,3145.31
ORD05859,2023-10-10,CUST0066,PROD019,2,0.08,UPI,26105,41687.52,76705.04,24495.04
ORD05860,2023-07-13,CUST0136,PROD048,4,0.27,Credit Card,7733,11561.29,33758.97,2826.97
ORD05861,2025-08-24,CUST0399,PROD081,3,0.12,Credit Card,2375,2952.24,7793.91,668.91
ORD05862,2025-12-06,CUST1727,PROD080,5,0.08,Cash on Delivery,24906,31916.47,146815.76,22285.76
ORD05863,2025-09-04,CUST0347,PROD030,5,0.08,Credit Card,27284,42349.13,194806.0,58386.0
ORD05864,2023-12-08,CUST1872,PROD032,2,0.11,Cash on Delivery,17963,25999.16,46278.5,10352.5
ORD05865,2024-06-05,CUST1985,PROD078,3,0.07,Debit Card,3912,5045.85,14077.92,2341.92
ORD05866,2025-03-11,CUST0059,PROD079,5,0.0,UPI,16940,22257.38,111286.9,26586.9
ORD05867,2025-06-21,CUST0778,PROD076,1,0.05,Credit Card,19739,26065.52,24762.24,5023.24
ORD05868,2023-05-11,CUST0519,PROD075,5,0.26,Credit Card,900,1110.45,4108.66,-391.34
ORD05869,2025-03-24,CUST1904,PROD069,1,0.02,Debit Card,21682,29921.72,29323.29,7641.29
ORD05870,2023-03-02,CUST0714,PROD011,5,0.12,Debit Card,23684,35395.9,155741.96,37321.96
ORD05871,2023-06-13,CUST1868,PROD098,1,0.14,Debit Card,27372,38425.55,33045.97,5673.97
ORD05872,2023-09-29,CUST0977,PROD083,4,0.23,Cash on Delivery,37036,53523.46,164852.26,16708.26
ORD05873,2023-05-13,CUST1261,PROD026,2,0.08,Cash on Delivery,1165,1651.88,3039.46,709.46
ORD05874,2025-09-24,CUST1804,PROD026,4,0.09,Debit Card,1165,1370.63,4989.09,329.09
ORD05875,2023-02-07,CUST0079,PROD017,1,0.0,UPI,28919,35704.18,35704.18,6785.18
ORD05876,2024-09-08,CUST1582,PROD095,2,0.27,UPI,3434,4490.49,6556.12,-311.88
ORD05877,2024-04-18,CUST1779,PROD083,3,0.21,Credit Card,37036,57411.57,136065.42,24957.42
ORD05878,2023-02-28,CUST1824,PROD044,1,0.08,Cash on Delivery,31606,41306.25,38001.75,6395.75
ORD05879,2024-08-11,CUST1696,PROD084,5,0.27,UPI,6252,8110.11,29601.9,-1658.1
ORD05880,2024-05-13,CUST0115,PROD023,5,0.03,Credit Card,14296,16958.83,82250.33,10770.33
ORD05881,2024-07-20,CUST0986,PROD025,3,0.11,UPI,31820,50512.2,134867.57,39407.57
ORD05882,2024-07-20,CUST1486,PROD092,4,0.17,Cash on Delivery,4811,7218.17,23964.32,4720.32
ORD05883,2025-06-22,CUST1650,PROD037,1,0.15,UPI,49377,73802.18,62731.85,13354.85
ORD05884,2024-01-18,CUST0126,PROD076,5,0.2,UPI,19739,26108.13,104432.52,5737.52
ORD05885,2023-03-26,CUST1626,PROD065,2,0.09,Cash on Delivery,5346,6336.43,11532.3,840.3
ORD05886,2024-09-18,CUST0573,PROD002,3,0.23,Credit Card,8668,10996.09,25400.97,-603.03
ORD05887,2025-04-05,CUST0965,PROD074,4,0.12,Credit Card,36254,55606.56,195735.09,50719.09
ORD05888,2023-10-20,CUST0500,PROD098,4,0.04,Debit Card,27372,33698.6,129402.62,19914.62
ORD05889,2025-12-08,CUST0829,PROD032,2,0.22,Credit Card,17963,27885.98,43502.13,7576.13
ORD05890,2025-12-26,CUST1126,PROD089,2,0.27,Debit Card,21871,30424.52,44419.8,677.8
ORD05891,2025-02-25,CUST0626,PROD074,3,0.11,Cash on Delivery,36254,53349.26,142442.52,33680.52
ORD05892,2023-05-09,CUST1198,PROD055,2,0.18,Credit Card,44065,59670.12,97859.0,9729.0
ORD05893,2023-01-29,CUST0452,PROD050,5,0.21,Cash on Delivery,1097,1721.78,6801.03,1316.03
ORD05894,2024-11-22,CUST1116,PROD065,4,0.25,Credit Card,5346,6724.45,20173.35,-1210.65
ORD05895,2023-05-13,CUST1719,PROD032,2,0.06,UPI,17963,25284.63,47535.1,11609.1
ORD05896,2024-10-07,CUST0385,PROD037,1,0.17,Credit Card,49377,58319.28,48405.0,-972.0
ORD05897,2024-11-19,CUST1229,PROD076,2,0.22,UPI,19739,26967.27,42068.94,2590.94
ORD05898,2024-06-17,CUST0363,PROD082,4,0.06,Credit Card,37566,59644.34,224262.72,73998.72
ORD05899,2024-05-30,CUST1731,PROD094,5,0.14,Cash on Delivery,11294,13436.01,57774.84,1304.84
ORD05900,2025-08-17,CUST1841,PROD013,2,0.14,Debit Card,24204,33353.73,57368.42,8960.42
ORD05901,2023-06-14,CUST0498,PROD054,5,0.25,Credit Card,39049,55490.11,208087.91,12842.91
ORD05902,2025-07-15,CUST0537,PROD003,1,0.23,Cash on Delivery,7361,11551.51,8894.66,1533.66
ORD05903,2025-07-21,CUST1258,PROD085,4,0.07,UPI,21717,27881.07,103717.58,16849.58
ORD05904,2024-07-10,CUST0016,PROD042,3,0.07,UPI,35023,48202.97,134486.29,29417.29
ORD05905,2024-11-10,CUST0981,PROD078,4,0.22,UPI,3912,6236.66,19458.38,3810.38
ORD05906,2025-09-19,CUST1165,PROD040,3,0.22,UPI,34631,51810.0,121235.4,17342.4
ORD05907,2025-10-25,CUST1972,PROD074,3,0.05,Cash on Delivery,36254,54913.45,156503.33,47741.33
ORD05908,2025-01-26,CUST0620,PROD066,4,0.12,Credit Card,26705,40090.35,141118.03,34298.03
ORD05909,2025-05-04,CUST1444,PROD060,3,0.25,UPI,7054,9747.58,21932.06,770.06
ORD05910,2024-05-07,CUST1480,PROD011,5,0.02,UPI,23684,31865.86,156142.71,37722.71
ORD05911,2024-10-10,CUST0300,PROD001,1,0.11,Credit Card,19397,24530.73,21832.35,2435.35
ORD05912,2025-09-18,CUST0339,PROD026,2,0.19,Cash on Delivery,1165,1584.03,2566.13,236.13
ORD05913,2024-09-19,CUST0303,PROD042,3,0.23,UPI,35023,40599.57,93785.01,-11283.99
ORD05914,2024-09-16,CUST1916,PROD062,3,0.2,Debit Card,42867,51170.34,122808.82,-5792.18
ORD05915,2024-06-26,CUST0592,PROD061,4,0.12,Cash on Delivery,13164,16840.26,59277.72,6621.72
ORD05916,2023-01-07,CUST0076,PROD077,5,0.3,Debit Card,10916,14192.26,49672.91,-4907.09
ORD05917,2025-08-11,CUST1812,PROD092,2,0.01,Cash on Delivery,4811,7064.39,13987.49,4365.49
ORD05918,2024-05-29,CUST0914,PROD100,3,0.15,UPI,41593,51043.81,130161.72,5382.72
ORD05919,2025-01-24,CUST1974,PROD085,5,0.15,Cash on Delivery,21717,32751.36,139193.28,30608.28
ORD05920,2023-03-14,CUST0780,PROD062,2,0.07,Cash on Delivery,42867,64744.63,120425.01,34691.01
ORD05921,2023-01-10,CUST1648,PROD074,4,0.17,Debit Card,36254,51269.2,170213.74,25197.74
ORD05922,2024-07-15,CUST0921,PROD012,3,0.07,Cash on Delivery,33865,46434.79,129553.06,27958.06
ORD05923,2023-05-02,CUST1340,PROD027,4,0.13,Cash on Delivery,33194,45154.78,157138.63,24362.63
ORD05924,2024-11-17,CUST1524,PROD067,4,0.13,UPI,26070,34914.05,121500.89,17220.89
ORD05925,2024-05-27,CUST1099,PROD028,3,0.23,Credit Card,24730,29425.21,67972.24,-6217.76
ORD05926,2025-09-16,CUST1750,PROD066,5,0.28,Debit Card,26705,38587.38,138914.57,5389.57
ORD05927,2024-03-16,CUST0366,PROD028,5,0.06,Debit Card,24730,34863.95,163860.56,40210.56
ORD05928,2025-11-27,CUST1570,PROD095,4,0.3,Credit Card,3434,3973.47,11125.72,-2610.28
ORD05929,2024-12-02,CUST0653,PROD021,4,0.28,Debit Card,22664,28130.85,81016.85,-9639.15
ORD05930,2024-08-13,CUST1006,PROD007,1,0.03,UPI,3479,4683.94,4543.42,1064.42
ORD05931,2023-03-08,CUST1702,PROD095,2,0.27,Cash on Delivery,3434,5341.89,7799.16,931.16
ORD05932,2023-01-17,CUST0396,PROD014,4,0.17,Cash on Delivery,6122,9768.42,32431.15,7943.15
ORD05933,2024-01-03,CUST1255,PROD039,4,0.26,UPI,46187,68730.73,203442.96,18694.96
ORD05934,2025-06-22,CUST0804,PROD073,2,0.28,Debit Card,46032,68458.97,98580.92,6516.92
ORD05935,2024-12-21,CUST1052,PROD087,3,0.26,Cash on Delivery,1853,2477.23,5499.45,-59.55
ORD05936,2025-08-15,CUST1499,PROD062,5,0.12,Credit Card,42867,60310.77,265367.39,51032.39
ORD05937,2025-06-26,CUST1319,PROD012,3,0.19,Cash on Delivery,33865,42492.71,103257.29,1662.29
ORD05938,2025-09-15,CUST0845,PROD093,2,0.14,UPI,48575,71996.33,123833.69,26683.69
ORD05939,2024-04-17,CUST1451,PROD038,2,0.11,Cash on Delivery,41219,48510.77,86349.17,3911.17
ORD05940,2023-04-25,CUST0872,PROD058,1,0.08,UPI,29901,40000.39,36800.36,6899.36
ORD05941,2023-04-10,CUST1115,PROD056,1,0.13,Debit Card,6756,10296.91,8958.31,2202.31
ORD05942,2024-03-13,CUST0115,PROD039,5,0.24,Credit Card,46187,73480.6,279226.28,48291.28
ORD05943,2023-12-15,CUST1183,PROD086,4,0.25,UPI,12989,19008.77,57026.31,5070.31
ORD05944,2023-05-19,CUST1282,PROD004,2,0.29,Credit Card,42258,52347.92,74334.05,-10181.95
ORD05945,2025-04-07,CUST0373,PROD048,1,0.09,Debit Card,7733,10880.2,9900.98,2167.98
ORD05946,2023-11-20,CUST0850,PROD007,3,0.2,Debit Card,3479,4878.36,11708.06,1271.06
ORD05947,2025-04-25,CUST0090,PROD060,1,0.21,UPI,7054,11177.73,8830.41,1776.41
ORD05948,2023-10-21,CUST0757,PROD040,3,0.06,Cash on Delivery,34631,52919.08,149231.81,45338.81
ORD05949,2025-08-25,CUST1322,PROD008,1,0.11,Credit Card,24024,28157.45,25060.13,1036.13
ORD05950,2023-03-15,CUST0031,PROD058,3,0.1,Cash on Delivery,29901,37347.6,100838.52,11135.52
ORD05951,2024-04-28,CUST1853,PROD057,1,0.3,Credit Card,43648,66731.93,46712.35,3064.35
ORD05952,2023-01-16,CUST0358,PROD035,1,0.29,Debit Card,34337,54513.85,38704.83,4367.83
ORD05953,2025-03-03,CUST1848,PROD073,5,0.25,Debit Card,46032,59040.76,221402.85,-8757.15
ORD05954,2024-05-30,CUST0470,PROD013,4,0.14,Debit Card,24204,35357.88,121631.11,24815.11
ORD05955,2025-07-13,CUST1764,PROD039,2,0.08,Cash on Delivery,46187,59512.45,109502.91,17128.91
ORD05956,2025-04-03,CUST1875,PROD084,4,0.27,Debit Card,6252,7305.42,21331.83,-3676.17
ORD05957,2024-06-01,CUST1152,PROD021,5,0.08,Cash on Delivery,22664,34523.3,158807.18,45487.18
ORD05958,2023-05-09,CUST1806,PROD047,3,0.16,Debit Card,47956,71093.92,179156.68,35288.68
ORD05959,2024-05-25,CUST0270,PROD083,4,0.07,Cash on Delivery,37036,43479.76,161744.71,13600.71
ORD05960,2024-02-27,CUST1522,PROD002,2,0.29,UPI,8668,10535.59,14960.54,-2375.46
ORD05961,2024-01-20,CUST1437,PROD044,2,0.01,UPI,31606,50562.96,100114.66,36902.66
ORD05962,2023-08-20,CUST0209,PROD030,3,0.05,Credit Card,27284,39366.52,112194.58,30342.58
ORD05963,2025-08-16,CUST0690,PROD087,2,0.23,Cash on Delivery,1853,2798.39,4309.52,603.52
ORD05964,2025-04-04,CUST1330,PROD055,5,0.05,Cash on Delivery,44065,58380.9,277309.27,56984.27
ORD05965,2023-03-06,CUST1215,PROD040,4,0.29,UPI,34631,47901.98,136041.62,-2482.38
ORD05966,2025-04-12,CUST1381,PROD077,2,0.1,UPI,10916,15598.38,28077.08,6245.08
ORD05967,2024-09-06,CUST0457,PROD097,4,0.28,UPI,10894,16479.45,47460.82,3884.82
ORD05968,2025-03-11,CUST0449,PROD096,1,0.2,Credit Card,16906,22020.2,17616.16,710.16
ORD05969,2023-10-05,CUST0068,PROD092,4,0.19,UPI,4811,6988.07,22641.35,3397.35
ORD05970,2024-01-01,CUST1863,PROD024,3,0.27,Credit Card,37354,55995.36,122629.84,10567.84
ORD05971,2024-05-30,CUST1803,PROD042,5,0.15,Credit Card,35023,52965.62,225103.88,49988.88
ORD05972,2024-03-14,CUST1806,PROD028,2,0.12,UPI,24730,33995.31,59831.75,10371.75
ORD05973,2024-03-03,CUST0874,PROD094,5,0.07,UPI,11294,15393.88,71581.54,15111.54
ORD05974,2024-12-29,CUST0467,PROD093,4,0.04,UPI,48575,58146.21,223281.45,28981.45
ORD05975,2024-01-31,CUST1384,PROD098,2,0.24,Cash on Delivery,27372,37608.48,57164.89,2420.89
ORD05976,2024-08-08,CUST1411,PROD051,5,0.04,Debit Card,47215,69211.05,332213.04,96138.04
ORD05977,2024-01-10,CUST0128,PROD022,3,0.12,Cash on Delivery,46697,73046.46,192842.65,52751.65
ORD05978,2025-08-05,CUST1800,PROD089,1,0.12,Credit Card,21871,26383.86,23217.8,1346.8
ORD05979,2023-04-03,CUST0733,PROD078,1,0.2,Credit Card,3912,6204.43,4963.54,1051.54
ORD05980,2023-11-17,CUST1778,PROD074,3,0.08,Debit Card,36254,45510.83,125609.89,16847.89
ORD05981,2025-10-30,CUST1509,PROD074,1,0.25,Debit Card,36254,44561.23,33420.92,-2833.08
ORD05982,2025-07-02,CUST1268,PROD008,3,0.06,UPI,24024,28865.63,81401.08,9329.08
ORD05983,2025-07-05,CUST1963,PROD014,4,0.24,Cash on Delivery,6122,9768.03,29694.81,5206.81
ORD05984,2023-04-05,CUST1929,PROD045,3,0.25,Cash on Delivery,45004,63116.23,142011.52,6999.52
ORD05985,2025-08-16,CUST1043,PROD038,1,0.06,Cash on Delivery,41219,52421.09,49275.82,8056.82
ORD05986,2023-03-12,CUST1420,PROD032,4,0.24,Debit Card,17963,23224.19,70601.54,-1250.46
ORD05987,2024-10-25,CUST1691,PROD062,3,0.21,Cash on Delivery,42867,67627.92,160278.17,31677.17
ORD05988,2025-08-26,CUST1253,PROD096,3,0.26,Debit Card,16906,26288.59,58360.67,7642.67
ORD05989,2024-08-09,CUST0368,PROD067,4,0.15,Cash on Delivery,26070,34086.33,115893.52,11613.52
ORD05990,2024-12-27,CUST0058,PROD084,2,0.07,Debit Card,6252,7368.69,13705.76,1201.76
ORD05991,2024-01-03,CUST1305,PROD061,1,0.27,Cash on Delivery,13164,20076.22,14655.64,1491.64
ORD05992,2023-02-20,CUST0557,PROD013,2,0.24,Credit Card,24204,37794.3,57447.34,9039.34
ORD05993,2025-09-14,CUST1126,PROD087,4,0.01,Debit Card,1853,2829.33,11204.15,3792.15
ORD05994,2023-09-17,CUST0048,PROD083,4,0.28,UPI,37036,57807.3,166485.02,18341.02
ORD05995,2023-06-07,CUST0562,PROD080,5,0.28,Credit Card,24906,35096.44,126347.18,1817.18
ORD05996,2023-04-09,CUST0593,PROD100,5,0.11,Credit Card,41593,63547.72,282787.35,74822.35
ORD05997,2023-08-29,CUST0812,PROD099,4,0.0,Debit Card,42208,66467.49,265869.96,97037.96
ORD05998,2023-07-21,CUST0059,PROD047,5,0.17,Cash on Delivery,47956,74353.69,308567.81,68787.81
ORD05999,2024-09-25,CUST0161,PROD054,3,0.27,Cash on Delivery,39049,55224.24,120941.09,3794.09
ORD06000,2025-01-15,CUST0103,PROD071,2,0.04,Debit Card,43519,64666.58,124159.83,37121.83
ORD06001,2024-05-04,CUST0846,PROD052,4,0.18,Cash on Delivery,20157,29723.24,97492.23,16864.23
ORD06002,2024-08-01,CUST0412,PROD072,3,0.22,Cash on Delivery,16543,25002.0,58504.68,8875.68
ORD06003,2024-06-10,CUST0786,PROD025,1,0.04,Cash on Delivery,31820,39869.9,38275.1,6455.1
ORD06004,2023-09-30,CUST0183,PROD023,1,0.15,Debit Card,14296,16454.41,13986.25,-309.75
ORD06005,2025-02-24,CUST0417,PROD074,5,0.03,Debit Card,36254,50010.75,242552.14,61282.14
ORD06006,2024-03-28,CUST1140,PROD030,5,0.17,UPI,27284,40775.88,169219.9,32799.9
ORD06007,2023-12-13,CUST1898,PROD097,3,0.13,Cash on Delivery,10894,13141.49,34299.29,1617.29
ORD06008,2025-03-26,CUST0399,PROD011,1,0.08,Cash on Delivery,23684,32914.94,30281.74,6597.74
ORD06009,2024-02-18,CUST0957,PROD035,4,0.26,Debit Card,34337,44345.69,131263.24,-6084.76
ORD06010,2024-03-06,CUST0779,PROD027,2,0.11,UPI,33194,50694.15,90235.59,23847.59
ORD06011,2024-01-14,CUST1700,PROD067,5,0.21,Debit Card,26070,31156.63,123068.69,-7281.31
ORD06012,2025-09-24,CUST0655,PROD047,3,0.24,Debit Card,47956,73447.12,167459.43,23591.43
ORD06013,2025-06-13,CUST0437,PROD050,5,0.05,UPI,1097,1563.06,7424.53,1939.53
ORD06014,2024-03-03,CUST0318,PROD008,3,0.04,Debit Card,24024,37567.53,108194.49,36122.49
ORD06015,2023-07-11,CUST1840,PROD055,1,0.0,Credit Card,44065,69227.53,69227.53,25162.53
ORD06016,2023-02-10,CUST0606,PROD077,5,0.09,UPI,10916,16526.77,75196.8,20616.8
ORD06017,2023-05-16,CUST1274,PROD042,3,0.24,Cash on Delivery,35023,48631.17,110879.07,5810.07
ORD06018,2023-04-16,CUST0911,PROD067,3,0.23,Cash on Delivery,26070,31652.93,73118.27,-5091.73
ORD06019,2024-06-02,CUST1471,PROD020,5,0.26,UPI,29671,37131.5,137386.55,-10968.45
ORD06020,2025-03-24,CUST0497,PROD045,2,0.23,Cash on Delivery,45004,60214.83,92730.84,2722.84
ORD06021,2023-05-06,CUST1367,PROD035,4,0.01,Credit Card,34337,50752.13,200978.43,63630.43
ORD06022,2024-02-04,CUST0427,PROD077,1,0.12,Cash on Delivery,10916,15229.83,13402.25,2486.25
ORD06023,2023-03-20,CUST0818,PROD020,5,0.0,UPI,29671,39973.84,199869.2,51514.2
ORD06024,2024-01-24,CUST1852,PROD024,5,0.01,Debit Card,37354,50984.12,252371.39,65601.39
ORD06025,2023-03-15,CUST1023,PROD057,2,0.14,UPI,43648,64759.18,111385.79,24089.79
ORD06026,2025-10-25,CUST0240,PROD055,1,0.11,UPI,44065,51356.01,45706.85,1641.85
ORD06027,2023-03-23,CUST1083,PROD009,5,0.17,Credit Card,7565,10206.58,42357.31,4532.31
ORD06028,2025-02-14,CUST1551,PROD094,2,0.02,Cash on Delivery,11294,15898.75,31161.55,8573.55
ORD06029,2025-09-17,CUST0797,PROD089,4,0.18,UPI,21871,30945.74,101502.03,14018.03
ORD06030,2023-10-05,CUST0203,PROD016,3,0.02,Cash on Delivery,45432,64895.49,190792.74,54496.74
ORD06031,2025-04-19,CUST1773,PROD055,4,0.13,Debit Card,44065,51734.61,180036.44,3776.44
ORD06032,2023-08-12,CUST1490,PROD072,4,0.11,UPI,16543,23178.01,82513.72,16341.72
ORD06033,2025-12-27,CUST1320,PROD058,4,0.07,UPI,29901,41794.04,155473.83,35869.83
ORD06034,2024-08-28,CUST0287,PROD064,4,0.09,Cash on Delivery,24886,38192.15,139019.43,39475.43
ORD06035,2023-01-19,CUST0073,PROD092,3,0.0,Credit Card,4811,7178.18,21534.54,7101.54
ORD06036,2024-10-01,CUST0726,PROD076,1,0.1,Credit Card,19739,22977.22,20679.5,940.5
ORD06037,2023-04-07,CUST1547,PROD088,1,0.02,Cash on Delivery,27486,38484.85,37715.15,10229.15
ORD06038,2025-12-11,CUST0337,PROD049,2,0.28,UPI,1602,2340.4,3370.18,166.18
ORD06039,2023-06-24,CUST1761,PROD029,2,0.02,Debit Card,23495,33152.96,64979.8,17989.8
ORD06040,2023-12-14,CUST1342,PROD079,5,0.29,Credit Card,16940,24636.96,87461.21,2761.21
ORD06041,2023-01-01,CUST0203,PROD082,4,0.15,Credit Card,37566,45172.93,153587.96,3323.96
ORD06042,2023-03-04,CUST0231,PROD007,4,0.15,Debit Card,3479,4265.81,14503.75,587.75
ORD06043,2023-08-14,CUST0904,PROD077,3,0.24,Credit Card,10916,15415.92,35148.3,2400.3
ORD06044,2024-02-27,CUST1587,PROD083,4,0.21,Cash on Delivery,37036,55935.79,176757.1,28613.1
ORD06045,2025-11-08,CUST1081,PROD069,3,0.07,UPI,21682,25187.87,70274.16,5228.16
ORD06046,2023-01-31,CUST0644,PROD090,5,0.01,Credit Card,39865,53670.57,265669.32,66344.32
ORD06047,2025-04-24,CUST1444,PROD002,2,0.23,Debit Card,8668,13837.8,21310.21,3974.21
ORD06048,2024-09-24,CUST0915,PROD033,2,0.04,Cash on Delivery,8919,13330.21,25594.0,7756.0
ORD06049,2023-01-24,CUST0280,PROD048,5,0.18,Cash on Delivery,7733,10459.53,42884.07,4219.07
ORD06050,2025-04-16,CUST0809,PROD037,5,0.28,Cash on Delivery,49377,58961.97,212263.09,-34621.91
ORD06051,2025-09-09,CUST1329,PROD089,4,0.16,Cash on Delivery,21871,28686.71,96387.35,8903.35
ORD06052,2023-06-10,CUST0466,PROD089,2,0.09,UPI,21871,26671.53,48542.18,4800.18
ORD06053,2023-04-24,CUST0737,PROD030,1,0.05,Cash on Delivery,27284,42681.74,40547.65,13263.65
ORD06054,2024-05-18,CUST1198,PROD041,5,0.01,Cash on Delivery,37776,55097.81,272734.16,83854.16
ORD06055,2025-08-12,CUST0804,PROD004,2,0.19,Cash on Delivery,42258,64868.73,105087.34,20571.34
ORD06056,2023-12-23,CUST0266,PROD083,2,0.17,Debit Card,37036,57548.72,95530.88,21458.88
ORD06057,2023-06-18,CUST0247,PROD091,3,0.14,Debit Card,15191,21618.32,55775.27,10202.27
ORD06058,2025-08-26,CUST0078,PROD039,2,0.06,Debit Card,46187,53252.19,100114.12,7740.12
ORD06059,2023-08-30,CUST1671,PROD024,5,0.07,Debit Card,37354,52304.28,243214.9,56444.9
ORD06060,2023-05-19,CUST1676,PROD050,4,0.29,Credit Card,1097,1657.7,4707.87,319.87
ORD06061,2023-04-07,CUST0854,PROD037,2,0.01,Cash on Delivery,49377,63771.4,126267.37,27513.37
ORD06062,2023-05-27,CUST0253,PROD053,1,0.11,Credit Card,45509,71334.82,63487.99,17978.99
ORD06063,2025-12-16,CUST0475,PROD025,5,0.01,Credit Card,31820,50866.45,251788.93,92688.93
ORD06064,2025-12-01,CUST0176,PROD093,4,0.06,Credit Card,48575,67867.45,255181.61,60881.61
ORD06065,2025-05-15,CUST1445,PROD031,4,0.28,UPI,15105,20981.73,60427.38,7.38
ORD06066,2024-06-26,CUST0971,PROD099,5,0.04,Cash on Delivery,42208,60983.6,292721.28,81681.28
ORD06067,2024-11-22,CUST1956,PROD092,4,0.18,Cash on Delivery,4811,6758.75,22168.7,2924.7
ORD06068,2025-10-22,CUST1596,PROD038,1,0.1,Credit Card,41219,50378.08,45340.27,4121.27
ORD06069,2025-06-22,CUST1485,PROD058,2,0.19,Debit Card,29901,38034.04,61615.14,1813.14
ORD06070,2024-12-30,CUST1888,PROD053,5,0.26,UPI,45509,56467.79,208930.82,-18614.18
ORD06071,2023-11-27,CUST0254,PROD050,2,0.09,Credit Card,1097,1297.15,2360.81,166.81
ORD06072,2024-09-08,CUST1544,PROD004,2,0.02,Credit Card,42258,51266.35,100482.05,15966.05
ORD06073,2024-02-08,CUST0903,PROD092,4,0.06,UPI,4811,7637.69,28717.71,9473.71
ORD06074,2024-05-22,CUST0107,PROD052,5,0.13,Credit Card,20157,28214.58,122733.42,21948.42
ORD06075,2025-11-04,CUST1195,PROD031,2,0.15,Cash on Delivery,15105,18226.55,30985.14,775.14
ORD06076,2023-08-14,CUST0058,PROD087,3,0.28,Debit Card,1853,2725.56,5887.21,328.21
ORD06077,2025-09-10,CUST1361,PROD078,1,0.0,Debit Card,3912,5338.14,5338.14,1426.14
ORD06078,2025-05-14,CUST1366,PROD092,4,0.23,Debit Card,4811,6019.05,18538.67,-705.33
ORD06079,2025-01-14,CUST0942,PROD014,5,0.02,Debit Card,6122,9639.74,47234.73,16624.73
ORD06080,2024-05-07,CUST1314,PROD001,5,0.02,Credit Card,19397,24266.51,118905.9,21920.9
ORD06081,2023-11-15,CUST0084,PROD043,4,0.2,Debit Card,1019,1216.6,3893.12,-182.88
ORD06082,2025-02-11,CUST1141,PROD096,2,0.27,Credit Card,16906,21007.36,30670.75,-3141.25
ORD06083,2024-03-27,CUST0712,PROD059,4,0.09,Cash on Delivery,42048,65610.34,238821.64,70629.64
ORD06084,2025-08-01,CUST1558,PROD061,5,0.08,Credit Card,13164,20220.01,93012.05,27192.05
ORD06085,2025-04-27,CUST1243,PROD041,3,0.19,Credit Card,37776,58645.2,142507.84,29179.84
ORD06086,2025-10-13,CUST1762,PROD018,2,0.23,Credit Card,34967,54628.26,84127.52,14193.52
ORD06087,2025-06-02,CUST1941,PROD060,4,0.26,UPI,7054,8358.1,24739.98,-3476.02
ORD06088,2024-02-23,CUST1807,PROD069,5,0.07,UPI,21682,31874.7,148217.35,39807.35
ORD06089,2025-05-14,CUST0901,PROD079,5,0.22,UPI,16940,24546.65,95731.94,11031.94
ORD06090,2025-02-27,CUST1126,PROD059,5,0.09,Cash on Delivery,42048,67142.62,305498.92,95258.92
ORD06091,2024-05-09,CUST0657,PROD042,3,0.16,Debit Card,35023,51539.97,129880.72,24811.72
ORD06092,2025-11-28,CUST0456,PROD080,2,0.06,Credit Card,24906,37518.75,70535.25,20723.25
ORD06093,2023-06-11,CUST0659,PROD100,4,0.04,Credit Card,41593,61214.24,235062.68,68690.68
ORD06094,2023-05-01,CUST0773,PROD036,2,0.28,Debit Card,5763,8236.84,11861.05,335.05
ORD06095,2024-02-03,CUST0791,PROD040,5,0.16,UPI,34631,48443.94,203464.55,30309.55
ORD06096,2024-12-28,CUST0851,PROD030,3,0.0,Cash on Delivery,27284,43276.99,129830.97,47978.97
ORD06097,2024-07-14,CUST0526,PROD087,3,0.24,Credit Card,1853,2911.72,6638.72,1079.72
ORD06098,2024-08-26,CUST0266,PROD011,5,0.21,Debit Card,23684,31903.12,126017.32,7597.32
ORD06099,2024-06-23,CUST1311,PROD025,2,0.1,UPI,31820,40661.8,73191.24,9551.24
ORD06100,2023-12-22,CUST0141,PROD045,2,0.14,Cash on Delivery,45004,62064.17,106750.37,16742.37
ORD06101,2024-10-21,CUST0895,PROD051,3,0.13,Debit Card,47215,70149.76,183090.87,41445.87
ORD06102,2024-03-07,CUST0406,PROD043,1,0.08,Debit Card,1019,1355.7,1247.24,228.24
ORD06103,2025-12-24,CUST0293,PROD066,3,0.29,Credit Card,26705,37166.79,79165.26,-949.74
ORD06104,2024-07-16,CUST1959,PROD099,3,0.16,Cash on Delivery,42208,54212.7,136616.0,9992.0
ORD06105,2025-03-27,CUST1930,PROD047,4,0.27,Cash on Delivery,47956,64379.35,187987.7,-3836.3
ORD06106,2024-12-11,CUST1055,PROD024,3,0.18,UPI,37354,59048.57,145259.48,33197.48
ORD06107,2023-01-12,CUST1195,PROD077,1,0.21,UPI,10916,13608.83,10750.98,-165.02
ORD06108,2023-08-27,CUST0355,PROD037,3,0.01,Credit Card,49377,78752.88,233896.05,85765.05
ORD06109,2024-03-28,CUST0205,PROD056,2,0.15,Cash on Delivery,6756,8424.68,14321.96,809.96
ORD06110,2024-01-18,CUST1502,PROD094,4,0.22,UPI,11294,14610.55,45584.92,408.92
ORD06111,2025-02-20,CUST0994,PROD075,4,0.04,Cash on Delivery,900,1070.3,4109.95,509.95
ORD06112,2023-02-17,CUST1956,PROD087,3,0.2,Debit Card,1853,2758.08,6619.39,1060.39
ORD06113,2023-11-13,CUST0291,PROD046,4,0.03,Debit Card,11014,12753.5,49483.58,5427.58
ORD06114,2023-07-28,CUST0111,PROD028,4,0.24,Debit Card,24730,37206.99,113109.25,14189.25
ORD06115,2024-07-30,CUST1092,PROD093,3,0.29,Cash on Delivery,48575,68476.66,145855.29,130.29
ORD06116,2023-11-11,CUST1719,PROD052,1,0.19,Credit Card,20157,29972.35,24277.6,4120.6
ORD06117,2025-01-23,CUST0373,PROD015,3,0.02,UPI,18761,28186.61,82868.63,26585.63
ORD06118,2025-11-25,CUST0196,PROD045,2,0.18,Credit Card,45004,54273.56,89008.64,-999.36
ORD06119,2025-07-03,CUST0126,PROD058,5,0.22,Credit Card,29901,34673.98,135228.52,-14276.48
ORD06120,2025-01-24,CUST1711,PROD067,1,0.28,Credit Card,26070,31960.38,23011.47,-3058.53
ORD06121,2024-07-07,CUST0262,PROD073,3,0.01,Credit Card,46032,60892.53,180850.81,42754.81
ORD06122,2024-02-07,CUST0887,PROD072,1,0.23,UPI,16543,19570.24,15069.08,-1473.92
ORD06123,2023-02-08,CUST0924,PROD097,5,0.04,Debit Card,10894,14767.17,70882.42,16412.42
ORD06124,2024-08-03,CUST1822,PROD098,4,0.24,Debit Card,27372,34989.36,106367.65,-3120.35
ORD06125,2023-06-29,CUST0155,PROD073,4,0.27,Debit Card,46032,60473.42,176582.39,-7545.61
ORD06126,2023-01-12,CUST1605,PROD081,5,0.26,Cash on Delivery,2375,3736.27,13824.2,1949.2
ORD06127,2025-07-31,CUST0108,PROD041,4,0.2,Cash on Delivery,37776,55754.42,178414.14,27310.14
ORD06128,2024-07-01,CUST1447,PROD065,1,0.15,UPI,5346,7731.24,6571.55,1225.55
ORD06129,2023-03-04,CUST0035,PROD040,4,0.26,UPI,34631,50010.78,148031.91,9507.91
ORD06130,2025-04-23,CUST1895,PROD005,5,0.16,UPI,14250,19948.88,83785.3,12535.3
ORD06131,2025-10-05,CUST1068,PROD094,5,0.06,Debit Card,11294,15595.22,73297.53,16827.53
ORD06132,2023-02-03,CUST0655,PROD075,5,0.28,UPI,900,1392.27,5012.17,512.17
ORD06133,2025-01-21,CUST0723,PROD028,2,0.11,Debit Card,24730,29274.16,52108.0,2648.0
ORD06134,2023-02-18,CUST0998,PROD038,1,0.19,Debit Card,41219,52753.48,42730.32,1511.32
ORD06135,2024-10-19,CUST0416,PROD081,5,0.06,Credit Card,2375,2842.54,13359.94,1484.94
ORD06136,2024-12-01,CUST1000,PROD087,1,0.03,Cash on Delivery,1853,2140.17,2075.96,222.96
ORD06137,2025-12-16,CUST0285,PROD018,2,0.17,Cash on Delivery,34967,40430.25,67114.22,-2819.78
ORD06138,2023-04-19,CUST1471,PROD037,1,0.17,UPI,49377,57317.04,47573.14,-1803.86
ORD06139,2025-09-11,CUST0518,PROD027,3,0.11,Credit Card,33194,48356.42,129111.64,29529.64
ORD06140,2023-01-24,CUST1754,PROD025,2,0.09,UPI,31820,38188.21,69502.54,5862.54
ORD06141,2023-08-09,CUST0027,PROD069,2,0.11,UPI,21682,26909.19,47898.36,4534.36
ORD06142,2023-11-11,CUST0227,PROD083,4,0.24,Cash on Delivery,37036,49574.27,150705.78,2561.78
ORD06143,2023-10-21,CUST1820,PROD027,5,0.11,Credit Card,33194,42194.97,187767.62,21797.62
ORD06144,2025-10-30,CUST1925,PROD077,2,0.28,UPI,10916,16565.18,23853.86,2021.86
ORD06145,2025-10-16,CUST1449,PROD054,1,0.03,UPI,39049,55861.72,54185.87,15136.87
ORD06146,2025-10-14,CUST1592,PROD007,3,0.28,UPI,3479,4522.66,9768.95,-668.05
ORD06147,2024-09-29,CUST1392,PROD090,1,0.21,Debit Card,39865,51545.54,40720.98,855.98
ORD06148,2023-09-24,CUST1334,PROD078,1,0.1,Cash on Delivery,3912,5702.37,5132.13,1220.13
ORD06149,2023-03-29,CUST0848,PROD027,3,0.0,Debit Card,33194,40722.45,122167.35,22585.35
ORD06150,2024-03-30,CUST1129,PROD059,4,0.24,UPI,42048,53663.57,163137.25,-5054.75
ORD06151,2025-01-26,CUST0018,PROD072,5,0.29,Credit Card,16543,21655.53,76877.13,-5837.87
ORD06152,2024-03-06,CUST1229,PROD031,2,0.29,Debit Card,15105,20461.09,29054.75,-1155.25
ORD06153,2025-06-29,CUST0043,PROD099,5,0.13,Debit Card,42208,52158.09,226887.69,15847.69
ORD06154,2023-08-30,CUST0089,PROD091,4,0.02,UPI,15191,18544.49,72694.4,11930.4
ORD06155,2024-12-02,CUST0586,PROD068,3,0.09,Debit Card,30755,49069.05,133958.51,41693.51
ORD06156,2025-06-20,CUST0157,PROD004,5,0.09,Credit Card,42258,65962.16,300127.83,88837.83
ORD06157,2025-01-10,CUST1290,PROD018,1,0.03,Credit Card,34967,48451.26,46997.72,12030.72
ORD06158,2023-03-07,CUST0134,PROD063,2,0.16,Cash on Delivery,48779,72900.1,122472.17,24914.17
ORD06159,2025-08-29,CUST0464,PROD087,2,0.18,Cash on Delivery,1853,2692.97,4416.47,710.47
ORD06160,2024-01-13,CUST1625,PROD096,4,0.22,Credit Card,16906,20013.35,62441.65,-5182.35
ORD06161,2024-01-23,CUST1772,PROD076,4,0.02,Credit Card,19739,27300.1,107016.39,28060.39
ORD06162,2025-02-19,CUST1156,PROD052,3,0.08,Debit Card,20157,24848.82,68582.74,8111.74
ORD06163,2023-07-28,CUST0741,PROD084,4,0.11,Cash on Delivery,6252,8832.99,31445.44,6437.44
ORD06164,2023-01-16,CUST1058,PROD063,5,0.27,Debit Card,48779,57452.21,209700.57,-34194.43
ORD06165,2025-09-12,CUST0083,PROD045,2,0.27,Credit Card,45004,55053.8,80378.55,-9629.45
ORD06166,2024-01-02,CUST0929,PROD012,3,0.08,Cash on Delivery,33865,50857.54,140366.81,38771.81
ORD06167,2025-02-18,CUST1156,PROD008,4,0.15,Debit Card,24024,36743.78,124928.85,28832.85
ORD06168,2024-03-15,CUST1452,PROD022,1,0.13,Cash on Delivery,46697,72770.61,63310.43,16613.43
ORD06169,2024-11-20,CUST0866,PROD091,2,0.16,UPI,15191,23599.63,39647.38,9265.38
ORD06170,2025-11-25,CUST0204,PROD041,3,0.09,UPI,37776,58861.17,160690.99,47362.99
ORD06171,2025-04-26,CUST1823,PROD041,2,0.14,UPI,37776,45052.38,77490.09,1938.09
ORD06172,2024-02-26,CUST1360,PROD081,5,0.04,UPI,2375,3436.08,16493.18,4618.18
ORD06173,2024-08-30,CUST0962,PROD057,4,0.21,UPI,43648,63965.02,202129.46,27537.46
ORD06174,2023-01-20,CUST0497,PROD032,4,0.11,Cash on Delivery,17963,22825.36,81258.28,9406.28
ORD06175,2024-11-06,CUST0442,PROD097,4,0.16,Credit Card,10894,17395.74,58449.69,14873.69
ORD06176,2024-01-17,CUST0828,PROD095,1,0.18,Debit Card,3434,4390.79,3600.45,166.45
ORD06177,2024-08-31,CUST1282,PROD055,5,0.25,Credit Card,44065,62074.35,232778.81,12453.81
ORD06178,2023-05-23,CUST1316,PROD006,1,0.02,Credit Card,17488,26976.29,26436.76,8948.76
ORD06179,2023-03-03,CUST1990,PROD039,5,0.14,Credit Card,46187,59125.54,254239.82,23304.82
ORD06180,2023-08-26,CUST1149,PROD009,5,0.27,Debit Card,7565,10764.45,39290.24,1465.24
ORD06181,2025-07-15,CUST1980,PROD032,5,0.1,UPI,17963,26477.58,119149.11,29334.11
ORD06182,2023-12-08,CUST1687,PROD036,4,0.13,Cash on Delivery,5763,8252.73,28719.5,5667.5
ORD06183,2024-03-30,CUST0871,PROD016,4,0.03,Cash on Delivery,45432,60546.51,234920.46,53192.46
ORD06184,2023-10-09,CUST1783,PROD012,4,0.23,Credit Card,33865,53342.11,164293.7,28833.7
ORD06185,2025-06-04,CUST1199,PROD041,1,0.03,Cash on Delivery,37776,53851.18,52235.64,14459.64
ORD06186,2025-10-21,CUST1908,PROD067,3,0.19,Debit Card,26070,32612.58,79248.57,1038.57
ORD06187,2024-12-23,CUST1516,PROD058,5,0.11,Credit Card,29901,45232.98,201286.76,51781.76
ORD06188,2023-03-28,CUST0869,PROD091,1,0.1,Debit Card,15191,21953.2,19757.88,4566.88
ORD06189,2024-10-26,CUST1838,PROD091,4,0.18,Credit Card,15191,18218.29,59755.99,-1008.01
ORD06190,2025-05-11,CUST0080,PROD009,4,0.17,UPI,7565,9646.62,32026.78,1766.78
ORD06191,2023-03-02,CUST1643,PROD017,3,0.12,Cash on Delivery,28919,35314.79,93231.05,6474.05
ORD06192,2025-03-07,CUST0812,PROD005,4,0.08,Cash on Delivery,14250,16853.52,62020.95,5020.95
ORD06193,2023-04-05,CUST0915,PROD026,5,0.15,Debit Card,1165,1460.43,6206.83,381.83
ORD06194,2025-02-24,CUST1329,PROD085,2,0.08,Cash on Delivery,21717,27692.7,50954.57,7520.57
ORD06195,2025-08-18,CUST1534,PROD001,4,0.03,Credit Card,19397,26378.68,102349.28,24761.28
ORD06196,2023-10-24,CUST1368,PROD001,3,0.24,UPI,19397,30766.91,70148.55,11957.55
ORD06197,2024-11-24,CUST0570,PROD035,2,0.21,Cash on Delivery,34337,54062.61,85418.92,16744.92
ORD06198,2024-02-03,CUST1115,PROD009,5,0.03,UPI,7565,11265.48,54637.58,16812.58
ORD06199,2025-08-03,CUST1671,PROD087,5,0.05,Debit Card,1853,2670.04,12682.69,3417.69
ORD06200,2024-06-17,CUST0862,PROD038,5,0.03,UPI,41219,64972.38,315116.04,109021.04
ORD06201,2024-02-06,CUST0169,PROD004,3,0.24,Cash on Delivery,42258,51305.49,116976.52,-9797.48
ORD06202,2023-05-10,CUST1358,PROD052,2,0.23,Cash on Delivery,20157,26176.86,40312.36,-1.64
ORD06203,2023-10-19,CUST1658,PROD019,5,0.12,Debit Card,26105,36520.82,160691.61,30166.61
ORD06204,2023-10-03,CUST1012,PROD005,4,0.25,Debit Card,14250,21606.85,64820.55,7820.55
ORD06205,2025-06-30,CUST0236,PROD092,2,0.29,UPI,4811,6883.12,9774.03,152.03
ORD06206,2025-07-14,CUST0399,PROD048,5,0.29,UPI,7733,11707.69,41562.3,2897.3
ORD06207,2023-02-24,CUST0588,PROD087,2,0.29,Debit Card,1853,2258.59,3207.2,-498.8
ORD06208,2025-01-08,CUST0821,PROD063,4,0.25,Cash on Delivery,48779,60326.49,180979.47,-14136.53
ORD06209,2025-11-15,CUST1013,PROD038,1,0.07,UPI,41219,61138.26,56858.58,15639.58
ORD06210,2025-02-03,CUST0477,PROD052,5,0.02,Debit Card,20157,26340.0,129066.0,28281.0
ORD06211,2024-10-03,CUST1559,PROD087,4,0.24,UPI,1853,2494.59,7583.55,171.55
ORD06212,2024-12-24,CUST0845,PROD046,3,0.09,Debit Card,11014,16589.83,45290.24,12248.24
ORD06213,2025-03-12,CUST0585,PROD082,5,0.1,Cash on Delivery,37566,44384.84,199731.78,11901.78
ORD06214,2025-01-07,CUST1112,PROD093,1,0.02,UPI,48575,59533.07,58342.41,9767.41
ORD06215,2025-01-27,CUST0615,PROD092,4,0.21,UPI,4811,6173.07,19506.9,262.9
ORD06216,2024-07-20,CUST0606,PROD009,4,0.13,Credit Card,7565,11707.38,40741.68,10481.68
ORD06217,2023-12-06,CUST0961,PROD050,2,0.06,Credit Card,1097,1461.42,2747.47,553.47
ORD06218,2023-06-02,CUST1852,PROD074,5,0.2,Cash on Delivery,36254,45805.08,183220.32,1950.32
ORD06219,2025-09-30,CUST0778,PROD066,1,0.29,Debit Card,26705,38863.58,27593.14,888.14
ORD06220,2024-03-02,CUST1277,PROD077,3,0.15,Credit Card,10916,12702.19,32390.58,-357.42
ORD06221,2025-09-29,CUST0358,PROD038,2,0.18,Credit Card,41219,61778.96,101317.49,18879.49
ORD06222,2023-07-23,CUST1082,PROD027,5,0.05,Cash on Delivery,33194,48597.73,230839.22,64869.22
ORD06223,2023-11-21,CUST1967,PROD020,1,0.05,Debit Card,29671,34857.12,33114.26,3443.26
ORD06224,2025-08-07,CUST1423,PROD062,2,0.14,Cash on Delivery,42867,58904.1,101315.05,15581.05
ORD06225,2025-08-08,CUST0521,PROD074,1,0.25,UPI,36254,48285.53,36214.15,-39.85
ORD06226,2025-07-27,CUST0525,PROD016,1,0.27,UPI,45432,55479.86,40500.3,-4931.7
ORD06227,2025-08-14,CUST1943,PROD079,2,0.19,Debit Card,16940,20655.28,33461.55,-418.45
ORD06228,2025-06-12,CUST1441,PROD013,2,0.11,Credit Card,24204,29579.45,52651.42,4243.42
ORD06229,2024-03-10,CUST0393,PROD020,5,0.23,Cash on Delivery,29671,42128.31,162193.99,13838.99
ORD06230,2024-01-06,CUST1667,PROD024,2,0.09,Cash on Delivery,37354,45833.28,83416.57,8708.57
ORD06231,2025-07-21,CUST1246,PROD050,5,0.07,UPI,1097,1290.97,6003.01,518.01
ORD06232,2023-09-06,CUST1353,PROD007,1,0.24,Cash on Delivery,3479,5499.98,4179.98,700.98
ORD06233,2025-06-09,CUST1396,PROD087,2,0.23,Credit Card,1853,2163.61,3331.96,-374.04
ORD06234,2023-06-30,CUST1535,PROD088,5,0.26,Debit Card,27486,39820.43,147335.59,9905.59
ORD06235,2024-12-03,CUST0153,PROD029,5,0.17,Cash on Delivery,23495,36915.69,153200.11,35725.11
ORD06236,2025-09-25,CUST0893,PROD005,3,0.27,Credit Card,14250,16630.76,36421.36,-6328.64
ORD06237,2023-03-19,CUST1903,PROD035,5,0.01,Debit Card,34337,54409.7,269328.02,97643.02
ORD06238,2025-07-07,CUST0984,PROD065,5,0.08,Cash on Delivery,5346,7356.38,33839.35,7109.35
ORD06239,2025-06-03,CUST0480,PROD100,3,0.24,Cash on Delivery,41593,62526.27,142559.9,17780.9
ORD06240,2023-12-02,CUST0583,PROD082,4,0.13,Debit Card,37566,53768.4,187114.03,36850.03
ORD06241,2023-02-19,CUST1956,PROD070,2,0.07,Cash on Delivery,39873,56921.94,105874.81,26128.81
ORD06242,2023-03-26,CUST0857,PROD087,3,0.24,Cash on Delivery,1853,2788.66,6358.14,799.14
ORD06243,2024-11-25,CUST0020,PROD074,5,0.25,Cash on Delivery,36254,42759.71,160348.91,-20921.09
ORD06244,2023-01-04,CUST0593,PROD007,5,0.14,UPI,3479,4615.16,19845.19,2450.19
ORD06245,2025-09-19,CUST1974,PROD044,2,0.14,Debit Card,31606,50136.78,86235.26,23023.26
ORD06246,2023-11-13,CUST0228,PROD072,1,0.23,UPI,16543,19430.82,14961.73,-1581.27
ORD06247,2025-02-01,CUST1370,PROD013,3,0.23,Debit Card,24204,30696.92,70909.89,-1702.11
ORD06248,2024-09-03,CUST0019,PROD094,4,0.26,UPI,11294,16403.95,48555.69,3379.69
ORD06249,2025-10-01,CUST0444,PROD082,2,0.19,Cash on Delivery,37566,44898.73,72735.94,-2396.06
ORD06250,2025-07-02,CUST1701,PROD078,2,0.06,Credit Card,3912,5443.56,10233.89,2409.89
ORD06251,2025-03-09,CUST0368,PROD075,3,0.16,Debit Card,900,1323.92,3336.28,636.28
ORD06252,2023-04-29,CUST0899,PROD038,5,0.11,Credit Card,41219,61450.9,273456.5,67361.5
ORD06253,2023-12-16,CUST1643,PROD013,5,0.01,Debit Card,24204,33946.96,168037.45,47017.45
ORD06254,2025-07-05,CUST0889,PROD054,4,0.06,Debit Card,39049,53703.45,201924.97,45728.97
ORD06255,2024-11-17,CUST1884,PROD044,3,0.06,Cash on Delivery,31606,46500.33,131130.93,36312.93
ORD06256,2024-06-25,CUST0726,PROD097,2,0.02,Debit Card,10894,13239.23,25948.89,4160.89
ORD06257,2025-12-14,CUST1775,PROD013,3,0.14,Cash on Delivery,24204,35246.67,90936.41,18324.41
ORD06258,2023-12-27,CUST0147,PROD025,1,0.15,Cash on Delivery,31820,49755.67,42292.32,10472.32
ORD06259,2024-12-08,CUST1717,PROD024,2,0.1,Cash on Delivery,37354,54433.7,97980.66,23272.66
ORD06260,2024-11-15,CUST1528,PROD029,4,0.12,UPI,23495,27510.92,96838.44,2858.44
ORD06261,2023-11-26,CUST0430,PROD100,4,0.16,UPI,41593,57302.42,192536.13,26164.13
ORD06262,2023-08-07,CUST0848,PROD070,2,0.04,Cash on Delivery,39873,58885.4,113059.97,33313.97
ORD06263,2023-07-27,CUST1464,PROD018,5,0.17,Credit Card,34967,40892.5,169703.88,-5131.12
ORD06264,2025-04-24,CUST0198,PROD092,2,0.21,Credit Card,4811,7182.77,11348.78,1726.78
ORD06265,2023-03-26,CUST0997,PROD005,2,0.26,Debit Card,14250,18193.28,26926.05,-1573.95
ORD06266,2024-11-15,CUST1311,PROD018,1,0.09,Credit Card,34967,49476.48,45023.6,10056.6
ORD06267,2023-09-02,CUST0565,PROD063,2,0.22,Debit Card,48779,77307.62,120599.89,23041.89
ORD06268,2025-05-21,CUST0369,PROD037,3,0.18,Debit Card,49377,78890.53,194070.7,45939.7
ORD06269,2025-10-19,CUST1264,PROD071,3,0.15,Debit Card,43519,62470.8,159300.54,28743.54
ORD06270,2024-08-18,CUST0802,PROD055,4,0.28,UPI,44065,60420.5,174011.04,-2248.96
ORD06271,2024-11-15,CUST1311,PROD073,5,0.19,Cash on Delivery,46032,56617.59,229301.24,-858.76
ORD06272,2025-10-10,CUST0700,PROD099,4,0.11,Credit Card,42208,52496.21,186886.51,18054.51
ORD06273,2025-10-10,CUST1419,PROD012,1,0.21,Cash on Delivery,33865,45485.44,35933.5,2068.5
ORD06274,2023-12-16,CUST0996,PROD052,2,0.29,Cash on Delivery,20157,29550.74,41962.05,1648.05
ORD06275,2023-10-09,CUST0518,PROD057,4,0.28,UPI,43648,65305.54,188079.96,13487.96
ORD06276,2023-10-20,CUST1819,PROD046,2,0.29,Debit Card,11014,13765.94,19547.63,-2480.37
ORD06277,2025-09-10,CUST0775,PROD044,4,0.03,Cash on Delivery,31606,43961.97,170572.44,44148.44
ORD06278,2023-01-20,CUST0561,PROD024,2,0.13,Debit Card,37354,52901.57,92048.73,17340.73
ORD06279,2025-01-28,CUST1888,PROD009,4,0.13,UPI,7565,11740.01,40855.23,10595.23
ORD06280,2024-02-09,CUST1736,PROD012,3,0.12,Cash on Delivery,33865,52300.76,138074.01,36479.01
ORD06281,2024-12-01,CUST0060,PROD100,1,0.05,Credit Card,41593,63130.83,59974.29,18381.29
ORD06282,2025-09-06,CUST0545,PROD009,4,0.25,Cash on Delivery,7565,10458.59,31375.77,1115.77
ORD06283,2023-01-26,CUST1017,PROD022,3,0.2,UPI,46697,55069.18,132166.03,-7924.97
ORD06284,2024-07-19,CUST0303,PROD017,5,0.18,UPI,28919,37609.54,154199.11,9604.11
ORD06285,2024-01-30,CUST1268,PROD033,4,0.13,Cash on Delivery,8919,12752.16,44377.52,8701.52
ORD06286,2025-09-27,CUST1708,PROD047,2,0.12,Credit Card,47956,68909.09,121280.0,25368.0
ORD06287,2024-06-06,CUST1231,PROD088,1,0.24,Debit Card,27486,42110.83,32004.23,4518.23
ORD06288,2025-05-11,CUST1399,PROD015,3,0.16,Cash on Delivery,18761,24778.16,62440.96,6157.96
ORD06289,2025-03-12,CUST0283,PROD093,3,0.18,Cash on Delivery,48575,76334.64,187783.21,42058.21
ORD06290,2024-07-03,CUST0478,PROD096,1,0.03,Credit Card,16906,20683.74,20063.23,3157.23
ORD06291,2023-03-28,CUST1046,PROD033,4,0.14,Credit Card,8919,10456.99,35972.05,296.05
ORD06292,2025-04-12,CUST0559,PROD093,2,0.04,UPI,48575,59723.5,114669.12,17519.12
ORD06293,2024-01-22,CUST0349,PROD015,5,0.02,Debit Card,18761,25478.29,124843.62,31038.62
ORD06294,2025-08-20,CUST1513,PROD027,4,0.21,Debit Card,33194,50465.13,159469.81,26693.81
ORD06295,2024-10-29,CUST1968,PROD098,1,0.08,Cash on Delivery,27372,33372.66,30702.85,3330.85
ORD06296,2023-10-13,CUST0670,PROD061,4,0.29,Debit Card,13164,18385.95,52216.1,-439.9
ORD06297,2024-11-28,CUST0258,PROD068,4,0.18,UPI,30755,46116.08,151260.74,28240.74
ORD06298,2025-08-22,CUST0655,PROD082,1,0.19,UPI,37566,43790.23,35470.09,-2095.91
ORD06299,2024-01-04,CUST1071,PROD085,1,0.06,Credit Card,21717,25380.31,23857.49,2140.49
ORD06300,2024-10-16,CUST1051,PROD048,5,0.04,Credit Card,7733,10600.13,50880.62,12215.62
ORD06301,2024-10-15,CUST1991,PROD008,1,0.16,UPI,24024,29602.15,24865.81,841.81
ORD06302,2024-11-27,CUST1051,PROD006,1,0.28,Credit Card,17488,23657.0,17033.04,-454.96
ORD06303,2025-10-20,CUST1421,PROD063,1,0.02,UPI,48779,57060.26,55919.05,7140.05
ORD06304,2025-07-03,CUST1975,PROD084,3,0.15,Credit Card,6252,9938.13,25342.23,6586.23
ORD06305,2023-10-15,CUST0145,PROD002,1,0.06,Cash on Delivery,8668,12519.93,11768.73,3100.73
ORD06306,2023-04-05,CUST0587,PROD022,1,0.23,Debit Card,46697,68131.54,52461.29,5764.29
ORD06307,2024-10-30,CUST1723,PROD021,1,0.2,UPI,22664,31262.22,25009.78,2345.78
ORD06308,2023-02-10,CUST0522,PROD006,5,0.03,Credit Card,17488,26602.91,129024.11,41584.11
ORD06309,2023-11-27,CUST1145,PROD096,4,0.18,UPI,16906,25782.22,84565.68,16941.68
ORD06310,2024-05-18,CUST0801,PROD070,1,0.3,Cash on Delivery,39873,48708.49,34095.94,-5777.06
ORD06311,2023-10-02,CUST1486,PROD013,1,0.16,UPI,24204,36203.81,30411.2,6207.2
ORD06312,2023-06-28,CUST1701,PROD001,5,0.09,Credit Card,19397,27252.86,124000.51,27015.51
ORD06313,2023-05-17,CUST0382,PROD022,4,0.05,Credit Card,46697,69722.04,264943.75,78155.75
ORD06314,2025-02-05,CUST0776,PROD024,5,0.3,UPI,37354,58399.8,204399.3,17629.3
ORD06315,2025-09-14,CUST0673,PROD064,2,0.17,UPI,24886,32371.54,53736.76,3964.76
ORD06316,2023-08-31,CUST1927,PROD041,2,0.11,Credit Card,37776,53147.44,94602.44,19050.44
ORD06317,2023-07-16,CUST1442,PROD094,2,0.06,Cash on Delivery,11294,16990.32,31941.8,9353.8
ORD06318,2024-06-09,CUST0327,PROD022,1,0.29,Cash on Delivery,46697,74437.16,52850.38,6153.38
ORD06319,2024-09-23,CUST1415,PROD061,5,0.19,Cash on Delivery,13164,18767.38,76007.89,10187.89
ORD06320,2024-02-12,CUST1321,PROD012,1,0.02,Debit Card,33865,49935.72,48937.01,15072.01
ORD06321,2024-11-21,CUST0630,PROD090,2,0.02,Debit Card,39865,61027.55,119614.0,39884.0
ORD06322,2023-06-19,CUST1847,PROD004,4,0.28,Debit Card,42258,62883.14,181103.44,12071.44
ORD06323,2023-06-08,CUST1799,PROD083,4,0.21,UPI,37036,58296.49,184216.91,36072.91
ORD06324,2024-03-22,CUST0084,PROD080,5,0.03,Debit Card,24906,31216.41,151399.59,26869.59
ORD06325,2025-10-14,CUST0146,PROD012,4,0.19,UPI,33865,52778.88,171003.57,35543.57
ORD06326,2025-12-16,CUST1195,PROD033,2,0.13,Cash on Delivery,8919,11088.08,19293.26,1455.26
ORD06327,2023-04-22,CUST1358,PROD021,5,0.24,Credit Card,22664,31827.23,120943.47,7623.47
ORD06328,2023-02-17,CUST0424,PROD100,5,0.08,Debit Card,41593,57618.92,265047.03,57082.03
ORD06329,2024-01-11,CUST1333,PROD073,2,0.11,Credit Card,46032,70157.34,124880.07,32816.07
ORD06330,2025-04-07,CUST1550,PROD072,2,0.05,Debit Card,16543,21991.38,41783.62,8697.62
ORD06331,2023-02-02,CUST0661,PROD084,2,0.08,Debit Card,6252,7592.63,13970.44,1466.44
ORD06332,2024-05-18,CUST1905,PROD074,2,0.06,Credit Card,36254,53222.98,100059.2,27551.2
ORD06333,2024-09-18,CUST0763,PROD096,5,0.01,Cash on Delivery,16906,24056.97,119082.0,34552.0
ORD06334,2025-10-23,CUST0569,PROD092,4,0.01,Cash on Delivery,4811,7323.21,28999.91,9755.91
ORD06335,2023-02-11,CUST0347,PROD074,2,0.25,Cash on Delivery,36254,54068.63,81102.94,8594.94
ORD06336,2023-01-09,CUST1326,PROD072,3,0.24,Credit Card,16543,25685.84,58563.72,8934.72
ORD06337,2025-09-26,CUST1946,PROD052,5,0.04,UPI,20157,30791.89,147801.07,47016.07
ORD06338,2025-03-29,CUST0347,PROD047,1,0.2,Credit Card,47956,69954.2,55963.36,8007.36
ORD06339,2024-10-18,CUST0408,PROD097,4,0.22,UPI,10894,14811.14,46210.76,2634.76
ORD06340,2025-02-28,CUST0133,PROD059,5,0.02,Cash on Delivery,42048,48740.53,238828.6,28588.6
ORD06341,2025-11-16,CUST1706,PROD047,2,0.03,UPI,47956,61787.33,119867.42,23955.42
ORD06342,2025-12-02,CUST0614,PROD056,3,0.17,Cash on Delivery,6756,9981.21,24853.21,4585.21
ORD06343,2024-08-20,CUST0988,PROD013,1,0.11,Cash on Delivery,24204,28482.7,25349.6,1145.6
ORD06344,2025-07-24,CUST0106,PROD044,4,0.21,Cash on Delivery,31606,47107.72,148860.4,22436.4
ORD06345,2025-10-08,CUST0171,PROD035,2,0.17,Cash on Delivery,34337,47466.53,78794.44,10120.44
ORD06346,2023-01-21,CUST0640,PROD029,5,0.01,Credit Card,23495,36194.13,179160.94,61685.94
ORD06347,2025-09-25,CUST1274,PROD056,5,0.21,Debit Card,6756,9775.37,38612.71,4832.71
ORD06348,2024-04-01,CUST1568,PROD005,4,0.06,Debit Card,14250,21507.51,80868.24,23868.24
ORD06349,2025-10-10,CUST1752,PROD067,3,0.09,Debit Card,26070,31992.51,87339.55,9129.55
ORD06350,2023-09-22,CUST0262,PROD053,2,0.22,Credit Card,45509,55876.47,87167.29,-3850.71
ORD06351,2023-07-03,CUST1866,PROD060,4,0.23,Cash on Delivery,7054,8782.17,27049.08,-1166.92
ORD06352,2023-08-15,CUST0494,PROD006,4,0.1,Cash on Delivery,17488,22734.23,81843.23,11891.23
ORD06353,2025-12-28,CUST1268,PROD048,5,0.03,Cash on Delivery,7733,12040.22,58395.07,19730.07
ORD06354,2025-08-26,CUST1475,PROD080,4,0.23,Debit Card,24906,37320.11,114945.94,15321.94
ORD06355,2025-03-15,CUST0903,PROD035,1,0.26,Cash on Delivery,34337,45121.89,33390.2,-946.8
ORD06356,2024-12-23,CUST1821,PROD018,1,0.29,UPI,34967,54664.49,38811.79,3844.79
ORD06357,2025-12-31,CUST0290,PROD011,2,0.1,Credit Card,23684,35538.24,63968.83,16600.83
ORD06358,2025-09-28,CUST1287,PROD051,4,0.04,Cash on Delivery,47215,68236.34,262027.55,73167.55
ORD06359,2025-05-24,CUST1873,PROD023,5,0.28,Cash on Delivery,14296,19248.92,69296.11,-2183.89
ORD06360,2023-03-25,CUST1869,PROD047,2,0.12,Cash on Delivery,47956,69212.35,121813.74,25901.74
ORD06361,2025-01-09,CUST1338,PROD075,3,0.03,UPI,900,1275.26,3711.01,1011.01
ORD06362,2023-08-11,CUST0085,PROD059,5,0.15,Cash on Delivery,42048,63149.35,268384.74,58144.74
ORD06363,2025-03-03,CUST1439,PROD057,3,0.06,Debit Card,43648,54625.94,154045.15,23101.15
ORD06364,2025-01-02,CUST1353,PROD093,2,0.11,Cash on Delivery,48575,75218.87,133889.59,36739.59
ORD06365,2024-02-09,CUST0045,PROD056,1,0.1,Debit Card,6756,9568.8,8611.92,1855.92
ORD06366,2023-11-25,CUST0815,PROD027,5,0.3,Debit Card,33194,50223.89,175783.62,9813.62
ORD06367,2024-03-01,CUST0333,PROD073,5,0.19,Cash on Delivery,46032,60130.97,243530.43,13370.43
ORD06368,2025-02-08,CUST0465,PROD035,2,0.15,UPI,34337,45543.27,77423.56,8749.56
ORD06369,2024-08-30,CUST0200,PROD055,5,0.15,Debit Card,44065,69260.47,294357.0,74032.0
ORD06370,2024-06-09,CUST1225,PROD009,5,0.18,Cash on Delivery,7565,10817.04,44349.86,6524.86
ORD06371,2024-09-16,CUST0329,PROD018,2,0.26,Cash on Delivery,34967,45211.69,66913.3,-3020.7
ORD06372,2023-03-18,CUST1704,PROD044,4,0.04,UPI,31606,37515.4,144059.14,17635.14
ORD06373,2025-07-08,CUST0240,PROD021,2,0.18,Cash on Delivery,22664,30493.48,50009.31,4681.31
ORD06374,2025-08-03,CUST1908,PROD056,5,0.1,Credit Card,6756,10350.78,46578.51,12798.51
ORD06375,2024-04-10,CUST0798,PROD048,2,0.17,Credit Card,7733,9767.89,16214.7,748.7
ORD06376,2024-05-06,CUST0702,PROD100,5,0.16,Credit Card,41593,63933.81,268522.0,60557.0
ORD06377,2023-11-09,CUST0583,PROD001,3,0.01,Cash on Delivery,19397,23717.51,70441.0,12250.0
ORD06378,2023-11-04,CUST0657,PROD027,3,0.17,Debit Card,33194,40113.94,99883.71,301.71
ORD06379,2024-11-21,CUST1383,PROD045,1,0.21,UPI,45004,64020.95,50576.55,5572.55
ORD06380,2023-03-30,CUST1925,PROD063,2,0.07,Cash on Delivery,48779,73758.09,137190.05,39632.05
ORD06381,2025-01-04,CUST0721,PROD058,2,0.03,Debit Card,29901,44882.11,87071.29,27269.29
ORD06382,2025-02-16,CUST0360,PROD040,3,0.06,Cash on Delivery,34631,48297.22,136198.16,32305.16
ORD06383,2025-01-20,CUST1402,PROD063,3,0.19,Credit Card,48779,70115.48,170380.62,24043.62
ORD06384,2024-01-06,CUST0385,PROD038,3,0.14,Credit Card,41219,52191.07,134652.96,10995.96
ORD06385,2024-03-26,CUST1744,PROD029,1,0.26,Debit Card,23495,32847.17,24306.91,811.91
ORD06386,2023-06-16,CUST1489,PROD040,1,0.09,Debit Card,34631,43062.46,39186.84,4555.84
ORD06387,2024-01-27,CUST1246,PROD019,4,0.11,Debit Card,26105,40926.41,145698.02,41278.02
ORD06388,2025-01-05,CUST0799,PROD088,2,0.16,UPI,27486,39995.58,67192.57,12220.57
ORD06389,2024-05-05,CUST1699,PROD056,1,0.14,Debit Card,6756,9486.03,8157.99,1401.99
ORD06390,2025-07-13,CUST0365,PROD044,5,0.16,Credit Card,31606,39861.93,167420.11,9390.11
ORD06391,2025-12-02,CUST0072,PROD065,2,0.09,Credit Card,5346,7131.78,12979.84,2287.84
ORD06392,2025-08-02,CUST1264,PROD100,4,0.05,UPI,41593,62435.15,237253.57,70881.57
ORD06393,2023-01-29,CUST0504,PROD087,3,0.24,Cash on Delivery,1853,2330.58,5313.72,-245.28
ORD06394,2025-11-20,CUST1438,PROD013,4,0.01,Debit Card,24204,29238.09,115782.84,18966.84
ORD06395,2024-11-23,CUST0127,PROD030,2,0.11,UPI,27284,35150.23,62567.41,7999.41
ORD06396,2023-05-08,CUST1511,PROD049,3,0.03,Cash on Delivery,1602,2415.03,7027.74,2221.74
ORD06397,2025-02-05,CUST1621,PROD075,4,0.22,Cash on Delivery,900,1392.66,4345.1,745.1
ORD06398,2024-03-16,CUST1551,PROD063,4,0.11,Debit Card,48779,65191.35,232081.21,36965.21
ORD06399,2025-05-18,CUST1272,PROD071,2,0.01,Credit Card,43519,65346.65,129386.37,42348.37
ORD06400,2024-06-07,CUST0482,PROD035,1,0.02,Debit Card,34337,44620.96,43728.54,9391.54
ORD06401,2025-01-29,CUST1336,PROD011,5,0.06,Debit Card,23684,32659.19,153498.19,35078.19
ORD06402,2023-04-20,CUST1468,PROD049,4,0.24,Credit Card,1602,1856.85,5644.82,-763.18
ORD06403,2023-06-12,CUST0283,PROD040,5,0.24,Credit Card,34631,50921.36,193501.17,20346.17
ORD06404,2024-07-13,CUST1026,PROD021,2,0.3,Credit Card,22664,33393.59,46751.03,1423.03
ORD06405,2024-02-03,CUST0074,PROD047,2,0.07,Cash on Delivery,47956,57311.82,106599.99,10687.99
ORD06406,2024-08-05,CUST1088,PROD003,1,0.02,Cash on Delivery,7361,9653.67,9460.6,2099.6
ORD06407,2024-02-03,CUST0773,PROD030,3,0.08,Debit Card,27284,37313.49,102985.23,21133.23
ORD06408,2023-08-27,CUST0347,PROD088,5,0.05,UPI,27486,41183.59,195622.05,58192.05
ORD06409,2025-11-21,CUST0324,PROD067,4,0.21,Debit Card,26070,39642.64,125270.74,20990.74
ORD06410,2023-04-20,CUST0239,PROD062,3,0.29,UPI,42867,63169.73,134551.52,5950.52
ORD06411,2023-10-27,CUST1421,PROD037,5,0.08,Debit Card,49377,61579.59,283266.11,36381.11
ORD06412,2025-09-28,CUST0337,PROD097,5,0.1,Debit Card,10894,14274.99,64237.46,9767.46
ORD06413,2025-02-02,CUST0341,PROD022,3,0.11,Debit Card,46697,58898.29,157258.43,17167.43
ORD06414,2023-09-06,CUST1303,PROD031,3,0.26,Cash on Delivery,15105,21701.86,48178.13,2863.13
ORD06415,2024-06-04,CUST1377,PROD046,1,0.17,Debit Card,11014,15874.56,13175.88,2161.88
ORD06416,2023-02-03,CUST0946,PROD076,4,0.29,UPI,19739,22843.47,64875.45,-14080.55
ORD06417,2023-08-16,CUST0892,PROD045,4,0.19,Cash on Delivery,45004,66573.07,215696.75,35680.75
ORD06418,2024-08-07,CUST1487,PROD014,4,0.21,Debit Card,6122,7672.58,24245.35,-242.65
ORD06419,2025-08-15,CUST0462,PROD012,3,0.03,Credit Card,33865,51157.12,148867.22,47272.22
ORD06420,2025-03-23,CUST1737,PROD063,1,0.29,Cash on Delivery,48779,74376.59,52807.38,4028.38
ORD06421,2024-12-24,CUST1317,PROD091,2,0.19,Credit Card,15191,22917.74,37126.74,6744.74
ORD06422,2024-08-06,CUST0798,PROD077,1,0.16,Debit Card,10916,14558.13,12228.83,1312.83
ORD06423,2024-07-23,CUST0733,PROD088,3,0.12,UPI,27486,35916.95,94820.75,12362.75
ORD06424,2023-08-08,CUST1431,PROD038,1,0.02,Credit Card,41219,55472.72,54363.27,13144.27
ORD06425,2025-02-25,CUST0162,PROD047,3,0.04,Credit Card,47956,66527.27,191598.54,47730.54
ORD06426,2024-06-11,CUST1527,PROD054,5,0.0,Cash on Delivery,39049,49297.96,246489.8,51244.8
ORD06427,2023-03-16,CUST0448,PROD055,5,0.3,Credit Card,44065,69148.4,242019.4,21694.4
ORD06428,2023-05-16,CUST1719,PROD048,2,0.24,Debit Card,7733,10647.02,16183.47,717.47
ORD06429,2023-03-15,CUST1479,PROD073,5,0.24,Cash on Delivery,46032,54453.03,206921.51,-23238.49
ORD06430,2023-09-11,CUST1909,PROD072,2,0.22,Credit Card,16543,26447.97,41258.83,8172.83
ORD06431,2025-11-07,CUST0265,PROD015,4,0.15,UPI,18761,25662.17,87251.38,12207.38
ORD06432,2025-10-18,CUST1010,PROD071,3,0.03,Cash on Delivery,43519,68592.25,199603.45,69046.45
ORD06433,2025-12-02,CUST0132,PROD088,4,0.02,UPI,27486,36436.2,142829.9,32885.9
ORD06434,2023-02-19,CUST1858,PROD016,4,0.27,UPI,45432,56841.9,165978.35,-15749.65
ORD06435,2024-05-29,CUST0120,PROD088,2,0.0,Cash on Delivery,27486,40723.15,81446.3,26474.3
ORD06436,2025-01-13,CUST1916,PROD043,3,0.21,Credit Card,1019,1370.17,3247.3,190.3
ORD06437,2024-12-31,CUST1243,PROD007,2,0.19,Credit Card,3479,5380.82,8716.93,1758.93
ORD06438,2024-07-24,CUST1441,PROD043,1,0.15,UPI,1019,1384.84,1177.11,158.11
ORD06439,2024-07-29,CUST0672,PROD028,4,0.29,Credit Card,24730,32204.72,91461.4,-7458.6
ORD06440,2025-06-21,CUST0505,PROD066,3,0.06,Cash on Delivery,26705,42327.56,119363.72,39248.72
ORD06441,2023-07-21,CUST1324,PROD098,4,0.24,UPI,27372,41705.86,126785.81,17297.81
ORD06442,2023-07-26,CUST0109,PROD060,1,0.2,Debit Card,7054,8764.73,7011.78,-42.22
ORD06443,2024-02-19,CUST1262,PROD003,1,0.29,Debit Card,7361,10084.46,7159.97,-201.03
ORD06444,2023-08-09,CUST0293,PROD001,3,0.28,Debit Card,19397,23295.65,50318.6,-7872.4
ORD06445,2025-01-27,CUST0988,PROD031,3,0.04,Credit Card,15105,18103.12,52136.99,6821.99
ORD06446,2025-02-01,CUST1603,PROD056,1,0.09,Debit Card,6756,10363.91,9431.16,2675.16
ORD06447,2024-07-16,CUST0828,PROD087,4,0.26,Debit Card,1853,2907.95,8607.53,1195.53
ORD06448,2024-01-04,CUST0187,PROD084,5,0.07,UPI,6252,9268.43,43098.2,11838.2
ORD06449,2025-06-14,CUST1060,PROD080,4,0.11,Cash on Delivery,24906,39728.97,141435.13,41811.13
ORD06450,2023-07-23,CUST1585,PROD046,5,0.19,UPI,11014,12890.52,52206.61,-2863.39
ORD06451,2025-11-14,CUST0256,PROD032,2,0.17,UPI,17963,23337.16,38739.69,2813.69
ORD06452,2025-08-14,CUST1459,PROD081,3,0.19,Debit Card,2375,2872.46,6980.08,-144.92
ORD06453,2023-03-10,CUST1643,PROD018,1,0.21,UPI,34967,52517.23,41488.61,6521.61
ORD06454,2024-05-30,CUST1032,PROD068,2,0.22,Debit Card,30755,47691.34,74398.49,12888.49
ORD06455,2023-08-28,CUST0748,PROD035,4,0.22,Credit Card,34337,46396.27,144756.36,7408.36
ORD06456,2023-12-27,CUST1202,PROD100,5,0.3,Debit Card,41593,63352.05,221732.18,13767.18
ORD06457,2025-11-20,CUST1266,PROD023,3,0.11,Cash on Delivery,14296,21893.32,58455.16,15567.16
ORD06458,2024-12-07,CUST0041,PROD079,5,0.01,UPI,16940,20545.86,101702.01,17002.01
ORD06459,2024-11-20,CUST1381,PROD013,4,0.1,Cash on Delivery,24204,31940.65,114986.34,18170.34
ORD06460,2024-10-18,CUST0757,PROD078,4,0.27,Cash on Delivery,3912,4829.8,14103.02,-1544.98
ORD06461,2023-12-10,CUST0113,PROD014,1,0.03,UPI,6122,8886.22,8619.63,2497.63
ORD06462,2024-06-19,CUST1901,PROD037,2,0.19,UPI,49377,65389.91,105931.65,7177.65
ORD06463,2023-12-21,CUST0768,PROD005,3,0.13,UPI,14250,20669.61,53947.68,11197.68
ORD06464,2025-07-16,CUST1190,PROD022,1,0.28,Cash on Delivery,46697,72106.91,51916.98,5219.98
ORD06465,2025-09-09,CUST1528,PROD028,5,0.28,Credit Card,24730,33032.81,118918.12,-4731.88
ORD06466,2023-04-15,CUST0854,PROD004,2,0.24,Cash on Delivery,42258,67078.9,101959.93,17443.93
ORD06467,2025-08-19,CUST0078,PROD050,3,0.03,Credit Card,1097,1463.26,4258.09,967.09
ORD06468,2024-06-10,CUST0719,PROD029,5,0.01,Debit Card,23495,29279.01,144931.1,27456.1
ORD06469,2024-05-18,CUST1847,PROD037,3,0.04,UPI,49377,68543.81,197406.17,49275.17
ORD06470,2025-07-19,CUST0878,PROD035,3,0.1,Cash on Delivery,34337,45653.35,123264.04,20253.04
ORD06471,2024-12-09,CUST1220,PROD020,2,0.07,Credit Card,29671,35790.66,66570.63,7228.63
ORD06472,2023-08-23,CUST0402,PROD035,5,0.11,Credit Card,34337,39845.9,177314.26,5629.26
ORD06473,2025-10-26,CUST0833,PROD099,1,0.04,Credit Card,42208,62670.52,60163.7,17955.7
ORD06474,2024-05-08,CUST0064,PROD084,1,0.23,UPI,6252,9814.31,7557.02,1305.02
ORD06475,2025-05-27,CUST0652,PROD002,1,0.25,Credit Card,8668,11686.31,8764.73,96.73
ORD06476,2025-08-24,CUST0886,PROD058,3,0.15,UPI,29901,35266.23,89928.89,225.89
ORD06477,2025-08-23,CUST1449,PROD018,4,0.29,Cash on Delivery,34967,51866.18,147299.95,7431.95
ORD06478,2025-08-21,CUST1066,PROD094,2,0.04,Credit Card,11294,17394.82,33398.05,10810.05
ORD06479,2025-06-15,CUST0373,PROD056,1,0.03,Credit Card,6756,8753.37,8490.77,1734.77
ORD06480,2023-08-05,CUST1980,PROD064,2,0.06,UPI,24886,31105.18,58477.74,8705.74
ORD06481,2024-09-14,CUST0306,PROD093,3,0.29,UPI,48575,63228.89,134677.54,-11047.46
ORD06482,2023-12-19,CUST0209,PROD052,2,0.12,Cash on Delivery,20157,31419.56,55298.43,14984.43
ORD06483,2024-11-22,CUST0467,PROD022,1,0.28,UPI,46697,62484.44,44988.8,-1708.2
ORD06484,2024-11-05,CUST0932,PROD093,1,0.06,Cash on Delivery,48575,70160.32,65950.7,17375.7
ORD06485,2024-09-22,CUST1328,PROD060,3,0.25,Cash on Delivery,7054,8348.13,18783.29,-2378.71
ORD06486,2023-11-21,CUST1991,PROD010,3,0.09,Credit Card,38184,48749.23,133085.4,18533.4
ORD06487,2025-06-19,CUST1609,PROD084,5,0.22,Debit Card,6252,7831.33,30542.19,-717.81
ORD06488,2023-11-04,CUST1416,PROD080,3,0.29,Debit Card,24906,29343.77,62502.23,-12215.77
ORD06489,2024-10-15,CUST1177,PROD006,4,0.28,UPI,17488,21060.37,60653.87,-9298.13
ORD06490,2023-10-12,CUST0647,PROD081,4,0.25,UPI,2375,3176.5,9529.5,29.5
ORD06491,2024-01-27,CUST0362,PROD006,1,0.02,Debit Card,17488,24502.47,24012.42,6524.42
ORD06492,2023-12-26,CUST1288,PROD086,3,0.18,Cash on Delivery,12989,16760.53,41230.9,2263.9
ORD06493,2025-02-07,CUST1240,PROD082,4,0.25,Debit Card,37566,50292.45,150877.35,613.35
ORD06494,2025-03-07,CUST0721,PROD096,4,0.12,Cash on Delivery,16906,25219.89,88774.01,21150.01
ORD06495,2025-07-20,CUST0716,PROD028,5,0.22,Cash on Delivery,24730,31190.32,121642.25,-2007.75
ORD06496,2023-06-14,CUST1646,PROD042,3,0.04,UPI,35023,40814.23,117544.98,12475.98
ORD06497,2025-01-02,CUST0543,PROD074,5,0.05,UPI,36254,45884.69,217952.28,36682.28
ORD06498,2024-08-03,CUST1548,PROD041,2,0.19,UPI,37776,59105.49,95750.89,20198.89
ORD06499,2025-03-31,CUST1663,PROD063,5,0.13,Debit Card,48779,56491.51,245738.07,1843.07
ORD06500,2023-05-04,CUST1849,PROD022,2,0.07,Debit Card,46697,56411.04,104924.53,11530.53
ORD06501,2023-12-10,CUST0194,PROD092,2,0.08,Debit Card,4811,5673.55,10439.33,817.33
ORD06502,2024-06-07,CUST0652,PROD079,3,0.19,Cash on Delivery,16940,22354.31,54320.97,3500.97
ORD06503,2025-12-11,CUST1051,PROD029,2,0.22,UPI,23495,33867.73,52833.66,5843.66
ORD06504,2023-05-09,CUST1070,PROD071,2,0.06,Credit Card,43519,67874.62,127604.29,40566.29
ORD06505,2024-10-18,CUST0647,PROD034,5,0.29,Debit Card,48452,73033.15,259267.68,17007.68
ORD06506,2025-01-07,CUST1853,PROD096,3,0.0,Credit Card,16906,21349.2,64047.6,13329.6
ORD06507,2025-07-27,CUST0954,PROD002,3,0.21,Credit Card,8668,12444.46,29493.37,3489.37
ORD06508,2023-03-12,CUST1082,PROD026,2,0.09,Debit Card,1165,1687.77,3071.74,741.74
ORD06509,2023-09-30,CUST1037,PROD075,5,0.14,Debit Card,900,1071.66,4608.14,108.14
ORD06510,2025-10-23,CUST0949,PROD089,5,0.17,Debit Card,21871,29355.48,121825.24,12470.24
ORD06511,2023-01-22,CUST1636,PROD019,5,0.17,UPI,26105,33677.08,139759.88,9234.88
ORD06512,2023-06-15,CUST0961,PROD020,5,0.23,Credit Card,29671,36219.43,139444.81,-8910.19
ORD06513,2025-05-24,CUST0049,PROD033,1,0.25,Cash on Delivery,8919,10492.33,7869.25,-1049.75
ORD06514,2024-05-12,CUST0803,PROD081,2,0.02,Credit Card,2375,2760.25,5410.09,660.09
ORD06515,2024-03-09,CUST1118,PROD094,2,0.21,Cash on Delivery,11294,17352.42,27416.82,4828.82
ORD06516,2025-01-27,CUST0607,PROD082,2,0.12,Credit Card,37566,48790.31,85870.95,10738.95
ORD06517,2023-08-22,CUST1681,PROD096,3,0.25,Credit Card,16906,23193.06,52184.39,1466.39
ORD06518,2025-04-16,CUST1608,PROD004,3,0.18,UPI,42258,54142.41,133190.33,6416.33
ORD06519,2024-10-24,CUST1475,PROD032,5,0.0,Cash on Delivery,17963,21998.12,109990.6,20175.6
ORD06520,2024-12-25,CUST1403,PROD019,3,0.2,Debit Card,26105,33090.31,79416.74,1101.74
ORD06521,2024-01-11,CUST0010,PROD003,4,0.28,Debit Card,7361,9028.22,26001.27,-3442.73
ORD06522,2024-12-30,CUST0674,PROD092,2,0.02,UPI,4811,7173.42,14059.9,4437.9
ORD06523,2023-10-30,CUST0726,PROD061,2,0.15,Debit Card,13164,20514.53,34874.7,8546.7
ORD06524,2024-02-09,CUST0516,PROD038,1,0.19,Credit Card,41219,55461.23,44923.6,3704.6
ORD06525,2024-12-08,CUST0224,PROD006,1,0.06,UPI,17488,26587.29,24992.05,7504.05
ORD06526,2025-07-05,CUST1405,PROD056,4,0.2,Cash on Delivery,6756,9063.88,29004.42,1980.42
ORD06527,2023-01-21,CUST1565,PROD040,1,0.01,UPI,34631,46788.28,46320.4,11689.4
ORD06528,2023-09-14,CUST1326,PROD081,5,0.27,Credit Card,2375,3249.72,11861.48,-13.52
ORD06529,2024-02-03,CUST0203,PROD069,5,0.23,UPI,21682,32937.26,126808.45,18398.45
ORD06530,2023-02-20,CUST0942,PROD083,2,0.28,Credit Card,37036,58196.37,83802.77,9730.77
ORD06531,2024-03-22,CUST0589,PROD042,5,0.13,UPI,35023,52009.13,226239.72,51124.72
ORD06532,2025-04-06,CUST0571,PROD099,1,0.01,Cash on Delivery,42208,65413.94,64759.8,22551.8
ORD06533,2024-08-17,CUST0957,PROD086,4,0.1,Cash on Delivery,12989,18694.11,67298.8,15342.8
ORD06534,2025-03-28,CUST0196,PROD088,5,0.15,Debit Card,27486,41989.42,178455.03,41025.03
ORD06535,2024-09-27,CUST1346,PROD074,2,0.28,Credit Card,36254,50776.29,73117.86,609.86
ORD06536,2025-12-08,CUST0418,PROD002,2,0.26,Debit Card,8668,12982.22,19213.69,1877.69
ORD06537,2025-02-13,CUST1643,PROD028,1,0.18,UPI,24730,36287.89,29756.07,5026.07
ORD06538,2025-08-30,CUST1366,PROD017,5,0.22,UPI,28919,43007.41,167728.9,23133.9
ORD06539,2024-02-01,CUST1413,PROD070,1,0.29,UPI,39873,50059.34,35542.13,-4330.87
ORD06540,2024-11-13,CUST0009,PROD069,2,0.26,UPI,21682,26434.43,39122.96,-4241.04
ORD06541,2025-11-16,CUST0532,PROD039,4,0.2,Cash on Delivery,46187,66687.71,213400.67,28652.67
ORD06542,2024-12-11,CUST0149,PROD007,5,0.16,UPI,3479,4756.83,19978.69,2583.69
ORD06543,2024-06-12,CUST0383,PROD032,4,0.14,Cash on Delivery,17963,26838.46,92324.3,20472.3
ORD06544,2024-11-15,CUST1553,PROD004,5,0.23,Debit Card,42258,51382.64,197823.16,-13466.84
ORD06545,2024-09-04,CUST1036,PROD021,2,0.24,Cash on Delivery,22664,35728.93,54307.97,8979.97
ORD06546,2023-07-05,CUST0476,PROD032,5,0.07,Cash on Delivery,17963,26348.43,122520.2,32705.2
ORD06547,2024-11-26,CUST1618,PROD082,2,0.14,Credit Card,37566,43589.52,74973.97,-158.03
ORD06548,2023-08-03,CUST0579,PROD097,3,0.23,UPI,10894,15354.44,35468.76,2786.76
ORD06549,2023-08-04,CUST1669,PROD014,2,0.2,UPI,6122,7901.54,12642.46,398.46
ORD06550,2023-01-29,CUST1980,PROD070,2,0.18,UPI,39873,50782.42,83283.17,3537.17
ORD06551,2023-04-12,CUST1077,PROD075,5,0.1,Debit Card,900,1400.38,6301.71,1801.71
ORD06552,2023-05-03,CUST1460,PROD046,4,0.18,UPI,11014,16809.31,55134.54,11078.54
ORD06553,2023-02-23,CUST0206,PROD020,2,0.18,UPI,29671,34249.21,56168.7,-3173.3
ORD06554,2024-09-07,CUST1968,PROD093,5,0.13,UPI,48575,59832.36,260270.77,17395.77
ORD06555,2024-07-10,CUST0986,PROD058,2,0.29,Credit Card,29901,44067.77,62576.23,2774.23
ORD06556,2023-04-24,CUST0915,PROD099,1,0.2,Cash on Delivery,42208,64649.39,51719.51,9511.51
ORD06557,2025-05-04,CUST0745,PROD080,1,0.26,Credit Card,24906,36684.59,27146.6,2240.6
ORD06558,2024-11-06,CUST0913,PROD048,1,0.04,UPI,7733,10720.93,10292.09,2559.09
ORD06559,2025-09-03,CUST0054,PROD007,1,0.23,Cash on Delivery,3479,5542.25,4267.53,788.53
ORD06560,2024-12-01,CUST1002,PROD040,4,0.18,Credit Card,34631,52250.42,171381.38,32857.38
ORD06561,2023-10-19,CUST1604,PROD059,2,0.09,UPI,42048,57209.15,104120.65,20024.65
ORD06562,2023-09-18,CUST1514,PROD036,1,0.04,UPI,5763,8140.61,7814.99,2051.99
ORD06563,2024-07-17,CUST1827,PROD044,5,0.11,Credit Card,31606,36984.35,164580.36,6550.36
ORD06564,2023-02-18,CUST0344,PROD031,1,0.13,Cash on Delivery,15105,23928.3,20817.62,5712.62
ORD06565,2025-10-26,CUST1193,PROD042,3,0.04,Cash on Delivery,35023,45993.34,132460.82,27391.82
ORD06566,2024-01-14,CUST1933,PROD044,3,0.2,Credit Card,31606,45755.49,109813.18,14995.18
ORD06567,2023-08-12,CUST1185,PROD043,4,0.09,UPI,1019,1477.68,5378.76,1302.76
ORD06568,2025-11-12,CUST1551,PROD043,3,0.24,Cash on Delivery,1019,1197.96,2731.35,-325.65
ORD06569,2025-10-04,CUST0703,PROD047,5,0.19,Credit Card,47956,60886.56,246590.57,6810.57
ORD06570,2024-10-18,CUST0527,PROD006,1,0.09,Credit Card,17488,25275.17,23000.4,5512.4
ORD06571,2023-04-20,CUST1311,PROD093,3,0.11,Credit Card,48575,75799.87,202385.65,56660.65
ORD06572,2024-12-24,CUST1899,PROD091,3,0.28,Cash on Delivery,15191,22792.35,49231.48,3658.48
ORD06573,2024-07-06,CUST0412,PROD066,4,0.28,Debit Card,26705,37682.42,108525.37,1705.37
ORD06574,2025-10-02,CUST1546,PROD086,3,0.13,Debit Card,12989,16296.23,42533.16,3566.16
ORD06575,2024-11-28,CUST0569,PROD009,1,0.2,Debit Card,7565,11929.85,9543.88,1978.88
ORD06576,2024-12-26,CUST0199,PROD011,2,0.29,Debit Card,23684,31538.82,44785.12,-2582.88
ORD06577,2023-11-02,CUST1185,PROD080,1,0.3,Debit Card,24906,30321.99,21225.39,-3680.61
ORD06578,2025-08-16,CUST0775,PROD077,3,0.02,UPI,10916,12659.69,37219.49,4471.49
ORD06579,2025-08-11,CUST0389,PROD018,3,0.17,Credit Card,34967,55162.82,137355.42,32454.42
ORD06580,2024-09-12,CUST0474,PROD025,3,0.22,Debit Card,31820,47731.97,111692.81,16232.81
ORD06581,2024-09-21,CUST1405,PROD097,4,0.06,Cash on Delivery,10894,13588.88,51094.19,7518.19
ORD06582,2025-05-26,CUST0765,PROD074,5,0.25,Credit Card,36254,44005.09,165019.09,-16250.91
ORD06583,2024-07-09,CUST1655,PROD058,1,0.14,Cash on Delivery,29901,47296.36,40674.87,10773.87
ORD06584,2023-03-08,CUST0592,PROD030,3,0.15,Cash on Delivery,27284,34332.99,87549.12,5697.12
ORD06585,2025-04-14,CUST1148,PROD001,2,0.08,Cash on Delivery,19397,26338.64,48463.1,9669.1
ORD06586,2023-07-25,CUST1849,PROD063,4,0.09,UPI,48779,69504.42,252996.09,57880.09
ORD06587,2025-02-24,CUST1096,PROD097,5,0.03,Cash on Delivery,10894,12833.91,62244.46,7774.46
ORD06588,2023-06-04,CUST0982,PROD079,3,0.28,Credit Card,16940,22106.61,47750.28,-3069.72
ORD06589,2025-12-08,CUST0994,PROD029,1,0.11,Credit Card,23495,36996.12,32926.55,9431.55
ORD06590,2025-02-21,CUST0168,PROD066,2,0.05,UPI,26705,39127.0,74341.3,20931.3
ORD06591,2024-08-07,CUST0284,PROD075,4,0.04,UPI,900,1183.95,4546.37,946.37
ORD06592,2024-12-08,CUST1518,PROD053,1,0.12,Credit Card,45509,68549.23,60323.32,14814.32
ORD06593,2023-06-28,CUST1060,PROD098,1,0.19,Credit Card,27372,41789.76,33849.71,6477.71
ORD06594,2025-12-07,CUST0824,PROD019,4,0.23,Cash on Delivery,26105,31803.74,97955.52,-6464.48
ORD06595,2025-12-31,CUST1199,PROD066,1,0.28,Cash on Delivery,26705,37760.0,27187.2,482.2
ORD06596,2023-04-23,CUST1223,PROD084,2,0.19,UPI,6252,8221.63,13319.04,815.04
ORD06597,2025-01-26,CUST1140,PROD052,2,0.13,Debit Card,20157,27778.13,48333.95,8019.95
ORD06598,2025-06-15,CUST1960,PROD031,1,0.13,Cash on Delivery,15105,20559.09,17886.41,2781.41
ORD06599,2025-03-31,CUST1339,PROD060,3,0.17,Cash on Delivery,7054,9711.39,24181.36,3019.36
ORD06600,2023-06-08,CUST1963,PROD068,1,0.16,Debit Card,30755,42591.88,35777.18,5022.18
ORD06601,2025-02-24,CUST1244,PROD093,3,0.19,Cash on Delivery,48575,57375.11,139421.52,-6303.48
ORD06602,2025-11-19,CUST0891,PROD030,1,0.15,Debit Card,27284,33558.3,28524.56,1240.56
ORD06603,2023-09-08,CUST1602,PROD013,5,0.02,Debit Card,24204,34001.51,166607.4,45587.4
ORD06604,2023-04-23,CUST1801,PROD015,2,0.15,Credit Card,18761,29477.58,50111.89,12589.89
ORD06605,2023-09-16,CUST0134,PROD020,1,0.01,Debit Card,29671,44089.09,43648.2,13977.2
ORD06606,2023-04-17,CUST1655,PROD034,2,0.05,Debit Card,48452,60923.03,115753.76,18849.76
ORD06607,2024-07-28,CUST0122,PROD092,4,0.12,UPI,4811,6315.75,22231.44,2987.44
ORD06608,2025-09-17,CUST0833,PROD020,5,0.17,UPI,29671,38599.63,160188.46,11833.46
ORD06609,2024-03-02,CUST1923,PROD050,3,0.06,UPI,1097,1641.42,4628.8,1337.8
ORD06610,2025-05-08,CUST1022,PROD089,4,0.08,Cash on Delivery,21871,34719.96,127769.45,40285.45
ORD06611,2025-07-06,CUST1994,PROD027,5,0.11,UPI,33194,43481.9,193494.46,27524.46
ORD06612,2024-09-18,CUST1445,PROD030,4,0.06,Credit Card,27284,31557.83,118657.44,9521.44
ORD06613,2024-04-19,CUST0895,PROD056,2,0.3,Credit Card,6756,10617.71,14864.79,1352.79
ORD06614,2024-07-05,CUST1516,PROD084,5,0.24,Credit Card,6252,9308.93,35373.93,4113.93
ORD06615,2023-12-10,CUST1623,PROD065,4,0.24,Cash on Delivery,5346,8155.11,24791.53,3407.53
ORD06616,2024-09-19,CUST0289,PROD099,3,0.17,Debit Card,42208,52502.8,130731.97,4107.97
ORD06617,2023-05-16,CUST1673,PROD055,5,0.29,Debit Card,44065,63477.65,225345.66,5020.66
ORD06618,2023-10-04,CUST1077,PROD024,5,0.22,Credit Card,37354,46868.77,182788.2,-3981.8
ORD06619,2023-01-31,CUST1229,PROD025,4,0.1,Debit Card,31820,36759.35,132333.66,5053.66
ORD06620,2023-09-04,CUST1372,PROD053,1,0.18,Debit Card,45509,55551.92,45552.57,43.57
ORD06621,2024-02-15,CUST1075,PROD076,3,0.16,Debit Card,19739,30896.73,77859.76,18642.76
ORD06622,2023-01-27,CUST0839,PROD011,3,0.17,Cash on Delivery,23684,29531.44,73533.29,2481.29
ORD06623,2023-03-14,CUST1946,PROD094,4,0.25,Debit Card,11294,15961.97,47885.91,2709.91
ORD06624,2024-11-03,CUST0912,PROD060,2,0.15,Debit Card,7054,11184.86,19014.26,4906.26
ORD06625,2024-04-20,CUST0040,PROD077,2,0.22,Cash on Delivery,10916,12925.19,20163.3,-1668.7
ORD06626,2023-10-14,CUST0250,PROD047,1,0.08,UPI,47956,72584.85,66778.06,18822.06
ORD06627,2023-07-31,CUST0218,PROD025,1,0.28,Credit Card,31820,45149.42,32507.58,687.58
ORD06628,2024-02-05,CUST0179,PROD025,4,0.03,Cash on Delivery,31820,41223.76,159948.19,32668.19
ORD06629,2024-10-16,CUST1575,PROD017,2,0.3,Cash on Delivery,28919,37997.09,53195.93,-4642.07
ORD06630,2025-11-23,CUST0183,PROD012,3,0.19,Credit Card,33865,39358.99,95642.35,-5952.65
ORD06631,2024-05-12,CUST1760,PROD052,2,0.14,Debit Card,20157,25501.14,43861.96,3547.96
ORD06632,2025-04-27,CUST1188,PROD011,4,0.09,Debit Card,23684,31749.12,115566.8,20830.8
ORD06633,2023-04-08,CUST1770,PROD010,2,0.12,Cash on Delivery,38184,56230.18,98965.12,22597.12
ORD06634,2024-01-01,CUST1401,PROD081,5,0.23,UPI,2375,3024.92,11645.94,-229.06
ORD06635,2024-04-07,CUST0705,PROD060,4,0.04,Credit Card,7054,9954.18,38224.05,10008.05
ORD06636,2023-01-28,CUST0497,PROD054,5,0.08,UPI,39049,57763.6,265712.56,70467.56
ORD06637,2024-12-13,CUST0597,PROD080,4,0.04,Cash on Delivery,24906,36470.82,140047.95,40423.95
ORD06638,2023-09-30,CUST0461,PROD063,3,0.13,UPI,48779,69053.07,180228.51,33891.51
ORD06639,2025-04-05,CUST1779,PROD020,4,0.12,Cash on Delivery,29671,41868.34,147376.56,28692.56
ORD06640,2023-07-21,CUST0474,PROD005,4,0.19,Credit Card,14250,21012.26,68079.72,11079.72
ORD06641,2024-03-25,CUST0685,PROD041,4,0.3,UPI,37776,49145.83,137608.32,-13495.68
ORD06642,2023-01-19,CUST1929,PROD063,4,0.27,UPI,48779,65978.31,192656.67,-2459.33
ORD06643,2023-11-07,CUST1061,PROD056,1,0.26,Credit Card,6756,10706.74,7922.99,1166.99
ORD06644,2024-02-16,CUST1623,PROD032,5,0.19,Credit Card,17963,26061.99,105551.06,15736.06
ORD06645,2025-01-11,CUST1665,PROD027,4,0.08,Cash on Delivery,33194,45938.89,169055.12,36279.12
ORD06646,2024-09-15,CUST1730,PROD068,4,0.12,Cash on Delivery,30755,43371.94,152669.23,29649.23
ORD06647,2025-01-01,CUST0319,PROD048,1,0.08,Cash on Delivery,7733,9256.35,8515.84,782.84
ORD06648,2024-09-26,CUST1579,PROD007,2,0.04,Cash on Delivery,3479,4927.64,9461.07,2503.07
ORD06649,2024-05-12,CUST1436,PROD046,1,0.13,Cash on Delivery,11014,16812.04,14626.47,3612.47
ORD06650,2023-09-01,CUST0356,PROD078,1,0.27,Credit Card,3912,5420.57,3957.02,45.02
ORD06651,2024-11-20,CUST1695,PROD088,1,0.22,UPI,27486,33796.9,26361.58,-1124.42
ORD06652,2024-07-30,CUST0617,PROD018,4,0.3,Debit Card,34967,47264.7,132341.16,-7526.84
ORD06653,2024-05-29,CUST1989,PROD038,1,0.06,Debit Card,41219,52558.79,49405.26,8186.26
ORD06654,2023-07-26,CUST0229,PROD065,1,0.15,Cash on Delivery,5346,7013.33,5961.33,615.33
ORD06655,2025-08-05,CUST0729,PROD017,1,0.24,Debit Card,28919,36185.02,27500.62,-1418.38
ORD06656,2024-01-29,CUST1288,PROD090,4,0.14,UPI,39865,51834.87,178311.95,18851.95
ORD06657,2025-11-10,CUST1954,PROD086,3,0.11,UPI,12989,19740.22,52706.39,13739.39
ORD06658,2024-12-18,CUST1511,PROD082,3,0.24,Cash on Delivery,37566,56009.7,127702.12,15004.12
ORD06659,2023-07-21,CUST0561,PROD038,2,0.13,Debit Card,41219,56500.64,98311.11,15873.11
ORD06660,2023-04-30,CUST1376,PROD092,4,0.27,Credit Card,4811,7226.73,21102.05,1858.05
ORD06661,2024-01-24,CUST1466,PROD085,1,0.08,Credit Card,21717,34508.41,31747.74,10030.74
ORD06662,2023-08-22,CUST0635,PROD063,1,0.27,Cash on Delivery,48779,65010.95,47457.99,-1321.01
ORD06663,2024-08-24,CUST0459,PROD097,1,0.08,UPI,10894,17332.29,15945.71,5051.71
ORD06664,2024-12-12,CUST1839,PROD094,3,0.09,Debit Card,11294,14237.87,38869.39,4987.39
ORD06665,2025-09-08,CUST0025,PROD042,1,0.13,UPI,35023,55320.3,48128.66,13105.66
ORD06666,2025-05-06,CUST1155,PROD008,1,0.15,Cash on Delivery,24024,36972.82,31426.9,7402.9
ORD06667,2023-03-17,CUST1965,PROD030,3,0.13,UPI,27284,33821.49,88274.09,6422.09
ORD06668,2024-10-10,CUST0370,PROD064,1,0.26,Debit Card,24886,32536.69,24077.15,-808.85
ORD06669,2024-10-11,CUST1460,PROD009,2,0.24,UPI,7565,11109.69,16886.73,1756.73
ORD06670,2024-05-10,CUST1248,PROD097,5,0.09,Cash on Delivery,10894,13467.48,61277.03,6807.03
ORD06671,2025-04-09,CUST1012,PROD057,2,0.15,Credit Card,43648,61797.62,105055.95,17759.95
ORD06672,2024-04-27,CUST0611,PROD059,4,0.13,Credit Card,42048,58474.61,203491.64,35299.64
ORD06673,2025-12-19,CUST1376,PROD093,2,0.02,Debit Card,48575,62241.25,121992.85,24842.85
ORD06674,2025-09-17,CUST1826,PROD095,2,0.22,Cash on Delivery,3434,4413.51,6885.08,17.08
ORD06675,2024-09-10,CUST1509,PROD067,3,0.05,Cash on Delivery,26070,36037.57,102707.07,24497.07
ORD06676,2024-07-03,CUST1221,PROD075,4,0.28,UPI,900,1156.44,3330.55,-269.45
ORD06677,2024-10-07,CUST0109,PROD005,2,0.12,Credit Card,14250,17543.38,30876.35,2376.35
ORD06678,2024-05-16,CUST1884,PROD095,5,0.19,Debit Card,3434,5144.17,20833.89,3663.89
ORD06679,2025-04-25,CUST1244,PROD084,2,0.25,Debit Card,6252,8826.53,13239.8,735.8
ORD06680,2023-02-22,CUST1800,PROD004,1,0.05,Debit Card,42258,56918.83,54072.89,11814.89
ORD06681,2024-03-25,CUST1947,PROD008,3,0.16,UPI,24024,29587.03,74559.32,2487.32
ORD06682,2023-03-03,CUST0720,PROD042,1,0.07,Cash on Delivery,35023,49643.86,46168.79,11145.79
ORD06683,2025-11-12,CUST1343,PROD035,4,0.15,Debit Card,34337,49200.56,167281.9,29933.9
ORD06684,2023-02-13,CUST1106,PROD013,4,0.17,UPI,24204,33060.0,109759.2,12943.2
ORD06685,2025-03-30,CUST1561,PROD005,3,0.05,Debit Card,14250,18777.69,53516.42,10766.42
ORD06686,2024-10-20,CUST1722,PROD040,2,0.17,UPI,34631,53340.78,88545.69,19283.69
ORD06687,2024-12-28,CUST0432,PROD019,4,0.14,Credit Card,26105,38300.33,131753.14,27333.14
ORD06688,2025-05-01,CUST1921,PROD082,5,0.16,UPI,37566,49221.87,206731.85,18901.85
ORD06689,2023-02-16,CUST1032,PROD097,3,0.27,Cash on Delivery,10894,15435.61,33803.99,1121.99
ORD06690,2025-03-30,CUST0636,PROD004,1,0.15,Credit Card,42258,53041.35,45085.15,2827.15
ORD06691,2025-11-13,CUST1173,PROD059,5,0.14,Credit Card,42048,48572.23,208860.59,-1379.41
ORD06692,2023-03-30,CUST1122,PROD018,3,0.14,Debit Card,34967,53883.49,139019.4,34118.4
ORD06693,2025-01-04,CUST1752,PROD024,5,0.19,Credit Card,37354,56722.05,229724.3,42954.3
ORD06694,2023-06-27,CUST1125,PROD093,3,0.11,UPI,48575,69837.8,186466.93,40741.93
ORD06695,2025-10-15,CUST1754,PROD031,1,0.24,Cash on Delivery,15105,22885.45,17392.94,2287.94
ORD06696,2025-12-18,CUST0367,PROD058,2,0.09,Credit Card,29901,44892.47,81704.3,21902.3
ORD06697,2025-06-19,CUST1486,PROD028,3,0.09,Cash on Delivery,24730,38012.86,103775.11,29585.11
ORD06698,2024-03-13,CUST0925,PROD009,4,0.18,UPI,7565,11735.88,38493.69,8233.69
ORD06699,2024-03-01,CUST0414,PROD045,1,0.08,UPI,45004,68336.84,62869.89,17865.89
ORD06700,2025-08-25,CUST1283,PROD090,1,0.03,Cash on Delivery,39865,61124.48,59290.75,19425.75
ORD06701,2024-04-30,CUST1927,PROD049,5,0.06,UPI,1602,2203.97,10358.66,2348.66
ORD06702,2024-04-04,CUST0356,PROD002,4,0.27,Cash on Delivery,8668,12729.85,37171.16,2499.16
ORD06703,2025-07-09,CUST0011,PROD006,5,0.0,Debit Card,17488,22733.72,113668.6,26228.6
ORD06704,2025-11-04,CUST1440,PROD029,1,0.04,UPI,23495,36123.78,34678.83,11183.83
ORD06705,2025-01-17,CUST1595,PROD026,3,0.23,Debit Card,1165,1789.87,4134.6,639.6
ORD06706,2023-02-20,CUST1274,PROD028,4,0.29,Credit Card,24730,29175.57,82858.62,-16061.38
ORD06707,2023-11-05,CUST1676,PROD007,1,0.21,Credit Card,3479,4544.13,3589.86,110.86
ORD06708,2025-11-23,CUST1871,PROD034,4,0.28,Debit Card,48452,59457.88,171238.69,-22569.31
ORD06709,2025-10-01,CUST1574,PROD056,3,0.26,Credit Card,6756,8182.26,18164.62,-2103.38
ORD06710,2024-09-26,CUST1146,PROD010,2,0.14,Credit Card,38184,51040.62,87789.87,11421.87
ORD06711,2023-07-24,CUST1944,PROD057,5,0.1,Credit Card,43648,62484.19,281178.86,62938.86
ORD06712,2025-01-09,CUST0065,PROD047,5,0.19,Credit Card,47956,62567.07,253396.63,13616.63
ORD06713,2025-12-29,CUST1682,PROD086,1,0.16,UPI,12989,16744.73,14065.57,1076.57
ORD06714,2024-06-16,CUST1326,PROD027,1,0.01,Credit Card,33194,39584.04,39188.2,5994.2
ORD06715,2023-04-18,CUST0125,PROD039,3,0.29,UPI,46187,61073.71,130087.0,-8474.0
ORD06716,2025-05-25,CUST0312,PROD022,1,0.17,Cash on Delivery,46697,63598.51,52786.76,6089.76
ORD06717,2023-09-08,CUST1215,PROD019,1,0.26,Credit Card,26105,34704.45,25681.29,-423.71
ORD06718,2023-05-15,CUST0775,PROD100,1,0.22,Cash on Delivery,41593,60560.99,47237.57,5644.57
ORD06719,2024-11-19,CUST1002,PROD009,4,0.1,Debit Card,7565,9680.71,34850.56,4590.56
ORD06720,2024-02-11,CUST0873,PROD019,4,0.27,Debit Card,26105,38432.28,112222.26,7802.26
ORD06721,2023-04-12,CUST1474,PROD002,2,0.24,UPI,8668,13411.53,20385.53,3049.53
ORD06722,2024-11-23,CUST1832,PROD092,4,0.13,Debit Card,4811,6812.66,23708.06,4464.06
ORD06723,2024-02-08,CUST0694,PROD061,5,0.25,UPI,13164,17441.05,65403.94,-416.06
ORD06724,2025-03-24,CUST1183,PROD059,2,0.08,Cash on Delivery,42048,51755.28,95229.72,11133.72
ORD06725,2025-10-22,CUST1377,PROD086,1,0.2,Cash on Delivery,12989,20387.41,16309.93,3320.93
ORD06726,2025-05-04,CUST1844,PROD070,5,0.03,Credit Card,39873,59344.38,287820.24,88455.24
ORD06727,2025-10-23,CUST0990,PROD071,2,0.26,Cash on Delivery,43519,54873.04,81212.1,-5825.9
ORD06728,2025-07-30,CUST0799,PROD070,2,0.22,Debit Card,39873,48556.77,75748.56,-3997.44
ORD06729,2025-10-17,CUST0674,PROD033,5,0.05,UPI,8919,10454.76,49660.11,5065.11
ORD06730,2023-06-26,CUST1287,PROD078,2,0.01,UPI,3912,4834.25,9571.82,1747.82
ORD06731,2025-05-22,CUST1753,PROD065,5,0.12,Credit Card,5346,7909.78,34803.03,8073.03
ORD06732,2024-04-21,CUST0912,PROD025,2,0.2,Credit Card,31820,45607.29,72971.66,9331.66
ORD06733,2024-02-02,CUST0406,PROD070,2,0.08,Debit Card,39873,63212.52,116311.04,36565.04
ORD06734,2023-08-08,CUST0996,PROD028,2,0.29,UPI,24730,32022.55,45472.02,-3987.98
ORD06735,2023-06-22,CUST1717,PROD018,5,0.28,Credit Card,34967,52589.32,189321.55,14486.55
ORD06736,2025-01-05,CUST1627,PROD063,2,0.18,Cash on Delivery,48779,58739.99,96333.58,-1224.42
ORD06737,2024-05-16,CUST1041,PROD091,4,0.09,Debit Card,15191,21315.44,77588.2,16824.2
ORD06738,2025-01-30,CUST0637,PROD049,4,0.27,Cash on Delivery,1602,2178.81,6362.13,-45.87
ORD06739,2023-05-11,CUST1284,PROD066,4,0.24,UPI,26705,40783.6,123982.14,17162.14
ORD06740,2025-03-08,CUST1981,PROD040,4,0.03,Credit Card,34631,50759.4,196946.47,58422.47
ORD06741,2025-03-09,CUST0890,PROD085,4,0.14,Debit Card,21717,26873.53,92444.94,5576.94
ORD06742,2025-07-18,CUST1379,PROD087,1,0.29,Debit Card,1853,2951.36,2095.47,242.47
ORD06743,2024-12-23,CUST0489,PROD066,2,0.14,Credit Card,26705,40602.67,69836.59,16426.59
ORD06744,2025-11-09,CUST1238,PROD080,3,0.28,Credit Card,24906,32616.49,70451.62,-4266.38
ORD06745,2023-08-03,CUST0239,PROD004,1,0.29,UPI,42258,64304.57,45656.24,3398.24
ORD06746,2024-05-02,CUST0180,PROD034,5,0.12,Cash on Delivery,48452,76583.71,336968.32,94708.32
ORD06747,2023-11-09,CUST1443,PROD005,1,0.29,Cash on Delivery,14250,22096.43,15688.47,1438.47
ORD06748,2023-03-20,CUST1708,PROD098,3,0.04,Cash on Delivery,27372,38328.86,110387.12,28271.12
ORD06749,2023-06-29,CUST1167,PROD022,1,0.05,UPI,46697,65829.53,62538.05,15841.05
ORD06750,2025-09-30,CUST0317,PROD020,2,0.08,Credit Card,29671,35544.95,65402.71,6060.71
ORD06751,2024-11-05,CUST1268,PROD047,4,0.14,Debit Card,47956,58703.8,201941.07,10117.07
ORD06752,2023-01-14,CUST0232,PROD077,2,0.05,Cash on Delivery,10916,17380.17,33022.32,11190.32
ORD06753,2025-05-08,CUST1708,PROD034,1,0.1,Credit Card,48452,72503.84,65253.46,16801.46
ORD06754,2023-09-03,CUST1813,PROD044,3,0.03,Cash on Delivery,31606,36709.68,106825.17,12007.17
ORD06755,2025-11-03,CUST1613,PROD006,5,0.13,UPI,17488,24420.14,106227.61,18787.61
ORD06756,2023-04-09,CUST1327,PROD056,2,0.25,UPI,6756,8819.17,13228.76,-283.24
ORD06757,2023-02-02,CUST0331,PROD029,3,0.18,Credit Card,23495,30312.8,74569.49,4084.49
ORD06758,2023-09-14,CUST0561,PROD097,5,0.24,UPI,10894,15256.74,57975.61,3505.61
ORD06759,2023-02-03,CUST0949,PROD053,4,0.04,Debit Card,45509,58891.73,226144.24,44108.24
ORD06760,2023-01-19,CUST0248,PROD001,2,0.12,UPI,19397,24502.28,43124.01,4330.01
ORD06761,2024-08-11,CUST0283,PROD059,2,0.01,Debit Card,42048,66100.18,130878.36,46782.36
ORD06762,2023-05-17,CUST1311,PROD048,4,0.11,Cash on Delivery,7733,9031.65,32152.67,1220.67
ORD06763,2023-12-25,CUST0940,PROD007,4,0.18,UPI,3479,4683.7,15362.54,1446.54
ORD06764,2025-01-23,CUST0032,PROD086,1,0.17,Debit Card,12989,17925.26,14877.97,1888.97
ORD06765,2024-02-08,CUST1524,PROD032,5,0.02,Cash on Delivery,17963,24213.73,118647.28,28832.28
ORD06766,2023-09-07,CUST1694,PROD078,3,0.02,Cash on Delivery,3912,5655.83,16628.14,4892.14
ORD06767,2024-03-21,CUST0530,PROD061,4,0.09,Cash on Delivery,13164,15290.7,55658.15,3002.15
ORD06768,2025-08-11,CUST0381,PROD057,1,0.23,Cash on Delivery,43648,67577.99,52035.05,8387.05
ORD06769,2023-10-05,CUST0063,PROD051,5,0.01,Credit Card,47215,64925.13,321379.39,85304.39
ORD06770,2023-04-22,CUST0128,PROD088,5,0.18,Debit Card,27486,38457.13,157674.23,20244.23
ORD06771,2025-01-15,CUST1552,PROD019,2,0.06,Credit Card,26105,35457.04,66659.24,14449.24
ORD06772,2024-11-18,CUST0163,PROD027,1,0.28,Cash on Delivery,33194,44812.86,32265.26,-928.74
ORD06773,2024-01-27,CUST0958,PROD063,1,0.13,UPI,48779,60194.0,52368.78,3589.78
ORD06774,2025-08-26,CUST1275,PROD060,2,0.01,Debit Card,7054,9713.2,19232.14,5124.14
ORD06775,2023-05-23,CUST1673,PROD061,3,0.21,Debit Card,13164,17634.58,41793.95,2301.95
ORD06776,2025-11-21,CUST1854,PROD061,4,0.15,Cash on Delivery,13164,17911.65,60899.61,8243.61
ORD06777,2023-06-30,CUST0295,PROD087,2,0.26,UPI,1853,2142.48,3170.87,-535.13
ORD06778,2024-08-01,CUST0179,PROD045,4,0.2,UPI,45004,54405.43,174097.38,-5918.62
ORD06779,2025-03-08,CUST0229,PROD021,1,0.21,Debit Card,22664,33847.03,26739.15,4075.15
ORD06780,2023-09-26,CUST0883,PROD044,2,0.23,Credit Card,31606,42307.69,65153.84,1941.84
ORD06781,2024-07-06,CUST0394,PROD093,3,0.13,UPI,48575,72100.27,188181.7,42456.7
ORD06782,2024-09-24,CUST0692,PROD001,4,0.24,Debit Card,19397,23800.12,72352.36,-5235.64
ORD06783,2023-10-02,CUST1420,PROD095,4,0.02,UPI,3434,5028.04,19709.92,5973.92
ORD06784,2025-01-12,CUST0072,PROD091,4,0.23,Cash on Delivery,15191,19446.0,59893.68,-870.32
ORD06785,2023-03-27,CUST0318,PROD044,1,0.19,UPI,31606,46375.63,37564.26,5958.26
ORD06786,2025-12-22,CUST1923,PROD100,4,0.17,Credit Card,41593,49456.27,164194.82,-2177.18
ORD06787,2024-02-08,CUST0595,PROD062,5,0.1,Credit Card,42867,55733.04,250798.68,36463.68
ORD06788,2023-07-11,CUST0379,PROD061,4,0.03,Credit Card,13164,15845.64,61481.08,8825.08
ORD06789,2025-11-20,CUST0907,PROD091,1,0.19,Debit Card,15191,21773.87,17636.83,2445.83
ORD06790,2023-04-17,CUST0136,PROD079,2,0.14,UPI,16940,22473.78,38654.9,4774.9
ORD06791,2024-09-13,CUST0730,PROD089,4,0.07,Credit Card,21871,25882.68,96283.57,8799.57
ORD06792,2023-10-03,CUST1645,PROD079,4,0.01,Cash on Delivery,16940,23493.49,93034.22,25274.22
ORD06793,2024-10-12,CUST1402,PROD083,2,0.16,Cash on Delivery,37036,43006.34,72250.65,-1821.35
ORD06794,2024-07-09,CUST1943,PROD050,5,0.04,Cash on Delivery,1097,1665.59,7994.83,2509.83
ORD06795,2025-12-23,CUST1143,PROD075,1,0.28,Debit Card,900,1415.03,1018.82,118.82
ORD06796,2024-07-20,CUST0906,PROD041,2,0.05,Credit Card,37776,57212.96,108704.62,33152.62
ORD06797,2024-08-08,CUST0530,PROD033,1,0.01,Credit Card,8919,14075.77,13935.01,5016.01
ORD06798,2025-06-03,CUST1868,PROD087,2,0.08,UPI,1853,2879.01,5297.38,1591.38
ORD06799,2023-05-09,CUST0935,PROD012,3,0.05,Debit Card,33865,52582.82,149861.04,48266.04
ORD06800,2023-09-13,CUST0666,PROD002,5,0.24,Cash on Delivery,8668,10925.56,41517.13,-1822.87
ORD06801,2025-07-22,CUST0523,PROD021,3,0.09,UPI,22664,28421.24,77589.99,9597.99
ORD06802,2023-08-19,CUST1674,PROD014,2,0.07,Cash on Delivery,6122,9270.18,17242.53,4998.53
ORD06803,2025-05-12,CUST0387,PROD034,2,0.3,Cash on Delivery,48452,66433.66,93007.12,-3896.88
ORD06804,2023-12-21,CUST0574,PROD079,1,0.05,Credit Card,16940,26664.25,25331.04,8391.04
ORD06805,2023-05-26,CUST0583,PROD085,2,0.03,UPI,21717,33743.15,65461.71,22027.71
ORD06806,2025-11-22,CUST0573,PROD064,1,0.09,Debit Card,24886,38621.34,35145.42,10259.42
ORD06807,2023-09-17,CUST0644,PROD023,1,0.12,Cash on Delivery,14296,18538.39,16313.78,2017.78
ORD06808,2023-03-28,CUST0573,PROD085,2,0.23,Credit Card,21717,26273.36,40460.97,-2973.03
ORD06809,2025-04-22,CUST1928,PROD050,1,0.29,Credit Card,1097,1596.22,1133.32,36.32
ORD06810,2023-09-22,CUST0870,PROD014,5,0.23,Cash on Delivery,6122,8254.05,31778.09,1168.09
ORD06811,2024-01-27,CUST1293,PROD085,3,0.22,Credit Card,21717,34101.64,79797.84,14646.84
ORD06812,2023-08-20,CUST1548,PROD076,2,0.3,Credit Card,19739,30284.32,42398.05,2920.05
ORD06813,2025-06-19,CUST0547,PROD046,1,0.23,Cash on Delivery,11014,17269.66,13297.64,2283.64
ORD06814,2024-08-10,CUST1510,PROD005,1,0.04,Debit Card,14250,20028.94,19227.78,4977.78
ORD06815,2024-03-22,CUST0438,PROD066,1,0.14,Cash on Delivery,26705,37034.56,31849.72,5144.72
ORD06816,2024-04-10,CUST1587,PROD022,1,0.15,UPI,46697,71501.87,60776.59,14079.59
ORD06817,2025-07-22,CUST0555,PROD070,5,0.09,Cash on Delivery,39873,55038.72,250426.18,51061.18
ORD06818,2023-05-08,CUST1764,PROD002,2,0.05,Cash on Delivery,8668,13478.85,25609.82,8273.82
ORD06819,2025-11-15,CUST0111,PROD029,2,0.21,Debit Card,23495,27383.25,43265.54,-3724.46
ORD06820,2024-07-26,CUST1346,PROD061,5,0.08,Cash on Delivery,13164,17264.0,79414.4,13594.4
ORD06821,2024-05-25,CUST0527,PROD100,5,0.19,Cash on Delivery,41593,63457.41,257002.51,49037.51
ORD06822,2024-05-02,CUST0177,PROD071,5,0.1,Credit Card,43519,54158.43,243712.94,26117.94
ORD06823,2025-06-09,CUST0674,PROD016,2,0.15,Cash on Delivery,45432,60403.44,102685.85,11821.85
ORD06824,2024-08-01,CUST1575,PROD064,4,0.1,Debit Card,24886,28731.36,103432.9,3888.9
ORD06825,2025-08-07,CUST1562,PROD097,3,0.12,Credit Card,10894,14007.21,36979.03,4297.03
ORD06826,2024-02-10,CUST0624,PROD097,5,0.22,Cash on Delivery,10894,14090.16,54951.62,481.62
ORD06827,2025-11-15,CUST1989,PROD014,5,0.27,Credit Card,6122,9058.39,33063.12,2453.12
ORD06828,2023-12-30,CUST0944,PROD043,2,0.15,UPI,1019,1482.44,2520.15,482.15
ORD06829,2025-12-19,CUST0473,PROD076,2,0.18,Cash on Delivery,19739,26652.21,43709.62,4231.62
ORD06830,2024-07-04,CUST1587,PROD043,3,0.26,Cash on Delivery,1019,1505.91,3343.12,286.12
ORD06831,2023-10-19,CUST0994,PROD070,1,0.04,Credit Card,39873,53539.5,51397.92,11524.92
ORD06832,2025-02-27,CUST0879,PROD055,2,0.05,Cash on Delivery,44065,59292.76,112656.24,24526.24
ORD06833,2025-03-26,CUST1412,PROD076,3,0.11,Cash on Delivery,19739,28434.02,75918.83,16701.83
ORD06834,2023-07-10,CUST1122,PROD031,2,0.09,Debit Card,15105,22284.37,40557.55,10347.55
ORD06835,2024-04-05,CUST1435,PROD076,2,0.3,Cash on Delivery,19739,30222.52,42311.53,2833.53
ORD06836,2024-10-25,CUST1399,PROD074,2,0.17,Debit Card,36254,53950.71,89558.18,17050.18
ORD06837,2023-08-21,CUST0170,PROD040,4,0.16,UPI,34631,50271.81,168913.28,30389.28
ORD06838,2024-04-18,CUST1014,PROD027,4,0.17,UPI,33194,46560.06,154579.4,21803.4
ORD06839,2024-10-19,CUST0056,PROD052,5,0.26,Credit Card,20157,25975.3,96108.61,-4676.39
ORD06840,2023-09-28,CUST1757,PROD007,4,0.07,Credit Card,3479,4409.59,16403.67,2487.67
ORD06841,2023-06-20,CUST0325,PROD046,3,0.15,Credit Card,11014,16845.5,42956.02,9914.02
ORD06842,2023-01-28,CUST0658,PROD100,2,0.08,Credit Card,41593,61258.37,112715.4,29529.4
ORD06843,2023-05-16,CUST0957,PROD033,4,0.23,Cash on Delivery,8919,12927.51,39816.73,4140.73
ORD06844,2025-07-13,CUST0260,PROD091,2,0.23,Debit Card,15191,19239.05,29628.14,-753.86
ORD06845,2024-02-09,CUST0641,PROD008,1,0.29,Credit Card,24024,38111.89,27059.44,3035.44
ORD06846,2025-09-03,CUST0562,PROD005,5,0.13,UPI,14250,16908.92,73553.8,2303.8
ORD06847,2025-06-06,CUST0340,PROD061,4,0.05,Cash on Delivery,13164,20104.24,76396.11,23740.11
ORD06848,2025-05-05,CUST1862,PROD072,2,0.27,Debit Card,16543,20593.57,30066.61,-3019.39
ORD06849,2024-03-19,CUST0404,PROD060,1,0.27,Debit Card,7054,9357.26,6830.8,-223.2
ORD06850,2024-03-09,CUST0532,PROD085,5,0.07,Credit Card,21717,29156.07,135575.73,26990.73
ORD06851,2024-05-23,CUST1198,PROD024,5,0.08,Credit Card,37354,54096.64,248844.54,62074.54
ORD06852,2023-02-03,CUST0795,PROD007,1,0.09,Debit Card,3479,4856.68,4419.58,940.58
ORD06853,2025-10-22,CUST1562,PROD061,4,0.14,UPI,13164,16240.92,55868.76,3212.76
ORD06854,2023-12-28,CUST1184,PROD083,4,0.25,Credit Card,37036,43091.66,129274.98,-18869.02
ORD06855,2024-08-28,CUST1034,PROD095,2,0.04,Debit Card,3434,5057.41,9710.23,2842.23
ORD06856,2024-12-16,CUST0594,PROD036,3,0.21,Cash on Delivery,5763,7936.89,18810.43,1521.43
ORD06857,2023-09-07,CUST1280,PROD027,2,0.11,Debit Card,33194,43577.2,77567.42,11179.42
ORD06858,2023-05-27,CUST0617,PROD029,2,0.06,Credit Card,23495,30027.61,56451.91,9461.91
ORD06859,2023-12-14,CUST0652,PROD087,2,0.1,Cash on Delivery,1853,2817.25,5071.05,1365.05
ORD06860,2024-02-03,CUST0714,PROD020,1,0.16,UPI,29671,44743.54,37584.57,7913.57
ORD06861,2023-05-05,CUST0344,PROD070,5,0.28,Debit Card,39873,60675.65,218432.34,19067.34
ORD06862,2025-02-01,CUST1560,PROD076,5,0.19,Debit Card,19739,24646.06,99816.54,1121.54
ORD06863,2024-02-02,CUST1397,PROD076,3,0.18,Debit Card,19739,30267.43,74457.88,15240.88
ORD06864,2023-05-11,CUST1459,PROD003,4,0.03,Cash on Delivery,7361,11729.7,45511.24,16067.24
ORD06865,2024-08-27,CUST1958,PROD039,2,0.02,Credit Card,46187,65567.93,128513.14,36139.14
ORD06866,2025-06-10,CUST0046,PROD099,1,0.04,Debit Card,42208,49435.15,47457.74,5249.74
ORD06867,2025-04-01,CUST1753,PROD083,1,0.03,Cash on Delivery,37036,54295.5,52666.64,15630.64
ORD06868,2025-06-20,CUST0904,PROD045,2,0.17,Debit Card,45004,62652.23,104002.7,13994.7
ORD06869,2025-08-02,CUST0055,PROD068,1,0.14,Credit Card,30755,45222.81,38891.62,8136.62
ORD06870,2025-01-01,CUST1102,PROD031,1,0.0,Cash on Delivery,15105,18650.23,18650.23,3545.23
ORD06871,2023-11-30,CUST1515,PROD038,2,0.11,UPI,41219,58638.54,104376.6,21938.6
ORD06872,2025-11-09,CUST1695,PROD097,3,0.04,Debit Card,10894,15171.39,43693.6,11011.6
ORD06873,2023-07-24,CUST0856,PROD006,1,0.3,Credit Card,17488,24852.56,17396.79,-91.21
ORD06874,2025-08-13,CUST1296,PROD008,5,0.14,UPI,24024,35495.13,152629.06,32509.06
ORD06875,2023-12-21,CUST0660,PROD028,5,0.13,Credit Card,24730,34495.82,150056.82,26406.82
ORD06876,2025-04-03,CUST1574,PROD015,5,0.19,UPI,18761,24292.02,98382.68,4577.68
ORD06877,2025-10-22,CUST0111,PROD095,2,0.11,Credit Card,3434,4426.6,7879.35,1011.35
ORD06878,2025-07-29,CUST1039,PROD008,5,0.21,UPI,24024,35141.68,138809.64,18689.64
ORD06879,2023-06-17,CUST0078,PROD054,4,0.27,Cash on Delivery,39049,56571.59,165189.04,8993.04
ORD06880,2024-01-03,CUST0501,PROD006,1,0.15,UPI,17488,23432.19,19917.36,2429.36
ORD06881,2024-06-19,CUST0588,PROD029,3,0.11,Credit Card,23495,30757.13,82121.54,11636.54
ORD06882,2025-08-20,CUST0418,PROD034,5,0.16,Debit Card,48452,69240.7,290810.94,48550.94
ORD06883,2024-08-02,CUST1864,PROD007,2,0.18,UPI,3479,4489.55,7362.86,404.86
ORD06884,2025-08-07,CUST0275,PROD040,3,0.25,Credit Card,34631,54837.12,123383.52,19490.52
ORD06885,2023-07-26,CUST1518,PROD074,2,0.12,Debit Card,36254,51423.18,90504.8,17996.8
ORD06886,2025-12-08,CUST1221,PROD013,3,0.02,Cash on Delivery,24204,34281.92,100788.84,28176.84
ORD06887,2024-06-27,CUST1400,PROD062,3,0.19,Cash on Delivery,42867,51926.94,126182.46,-2418.54
ORD06888,2023-05-09,CUST1755,PROD086,1,0.3,Debit Card,12989,18500.77,12950.54,-38.46
ORD06889,2024-09-05,CUST1087,PROD085,3,0.26,Credit Card,21717,27856.75,61841.98,-3309.02
ORD06890,2023-02-04,CUST1385,PROD065,4,0.23,Credit Card,5346,7234.87,22283.4,899.4
ORD06891,2025-03-29,CUST0973,PROD041,4,0.05,UPI,37776,52591.36,199847.17,48743.17
ORD06892,2023-07-18,CUST1568,PROD042,4,0.22,Cash on Delivery,35023,47809.13,149164.49,9072.49
ORD06893,2023-03-18,CUST0991,PROD066,2,0.02,Cash on Delivery,26705,40437.43,79257.36,25847.36
ORD06894,2024-01-04,CUST1769,PROD093,1,0.15,Cash on Delivery,48575,58035.39,49330.08,755.08
ORD06895,2025-04-12,CUST1134,PROD011,2,0.11,Cash on Delivery,23684,29019.96,51655.53,4287.53
ORD06896,2024-06-09,CUST1701,PROD050,5,0.27,Credit Card,1097,1339.05,4887.53,-597.47
ORD06897,2023-12-15,CUST0194,PROD071,4,0.05,Cash on Delivery,43519,66043.35,250964.73,76888.73
ORD06898,2024-05-20,CUST1543,PROD035,1,0.24,Debit Card,34337,41314.31,31398.88,-2938.12
ORD06899,2024-10-04,CUST1968,PROD094,4,0.01,Credit Card,11294,17925.26,70984.03,25808.03
ORD06900,2023-08-26,CUST1675,PROD080,1,0.21,Debit Card,24906,39504.01,31208.17,6302.17
ORD06901,2023-05-18,CUST1483,PROD079,2,0.09,Debit Card,16940,27041.62,49215.75,15335.75
ORD06902,2024-09-03,CUST0855,PROD020,2,0.29,Credit Card,29671,47202.41,67027.42,7685.42
ORD06903,2024-11-10,CUST0799,PROD028,4,0.2,Debit Card,24730,30097.87,96313.18,-2606.82
ORD06904,2025-04-18,CUST1964,PROD037,3,0.09,Debit Card,49377,71391.13,194897.78,46766.78
ORD06905,2025-07-26,CUST0301,PROD003,1,0.07,UPI,7361,9789.1,9103.86,1742.86
ORD06906,2023-12-21,CUST0968,PROD093,5,0.19,Cash on Delivery,48575,71857.99,291024.86,48149.86
ORD06907,2024-07-31,CUST0568,PROD059,3,0.08,Debit Card,42048,56035.82,154658.86,28514.86
ORD06908,2025-04-26,CUST0672,PROD073,2,0.06,UPI,46032,60875.36,114445.68,22381.68
ORD06909,2024-07-12,CUST1520,PROD027,1,0.19,UPI,33194,51675.69,41857.31,8663.31
ORD06910,2025-04-28,CUST0149,PROD032,3,0.22,Cash on Delivery,17963,24655.04,57692.79,3803.79
ORD06911,2023-05-20,CUST1823,PROD048,5,0.07,UPI,7733,11467.2,53322.48,14657.48
ORD06912,2024-10-24,CUST0769,PROD046,3,0.16,UPI,11014,15887.28,40035.95,6993.95
ORD06913,2023-01-21,CUST1485,PROD095,5,0.2,Debit Card,3434,4965.46,19861.84,2691.84
ORD06914,2023-03-05,CUST0139,PROD047,2,0.28,Cash on Delivery,47956,62683.43,90264.14,-5647.86
ORD06915,2025-12-31,CUST0861,PROD090,1,0.24,Cash on Delivery,39865,50373.48,38283.84,-1581.16
ORD06916,2025-09-16,CUST1860,PROD040,2,0.13,Debit Card,34631,53624.17,93306.06,24044.06
ORD06917,2023-06-11,CUST0292,PROD003,1,0.25,Credit Card,7361,8546.6,6409.95,-951.05
ORD06918,2023-05-10,CUST0335,PROD075,3,0.13,UPI,900,1105.03,2884.13,184.13
ORD06919,2024-08-03,CUST0699,PROD029,2,0.04,Debit Card,23495,28423.18,54572.51,7582.51
ORD06920,2023-08-13,CUST1859,PROD091,1,0.1,UPI,15191,23959.61,21563.65,6372.65
ORD06921,2024-08-02,CUST1208,PROD058,5,0.24,Cash on Delivery,29901,34453.78,130924.36,-18580.64
ORD06922,2025-09-09,CUST0307,PROD050,1,0.29,Cash on Delivery,1097,1265.51,898.51,-198.49
ORD06923,2025-10-01,CUST0925,PROD010,2,0.3,UPI,38184,47807.43,66930.4,-9437.6
ORD06924,2023-04-17,CUST0981,PROD061,2,0.19,Cash on Delivery,13164,16791.86,27202.81,874.81
ORD06925,2024-09-12,CUST0898,PROD099,3,0.14,Cash on Delivery,42208,59172.29,152664.51,26040.51
ORD06926,2025-04-19,CUST1286,PROD061,5,0.05,Credit Card,13164,20832.73,98955.47,33135.47
ORD06927,2024-07-30,CUST0927,PROD023,1,0.03,Cash on Delivery,14296,19432.11,18849.15,4553.15
ORD06928,2023-07-18,CUST1334,PROD006,2,0.16,Cash on Delivery,17488,22383.78,37604.75,2628.75
ORD06929,2024-05-24,CUST0344,PROD075,1,0.22,UPI,900,1365.89,1065.39,165.39
ORD06930,2024-10-28,CUST1448,PROD060,4,0.1,Debit Card,7054,9336.69,33612.08,5396.08
ORD06931,2023-03-20,CUST0657,PROD027,5,0.2,Cash on Delivery,33194,40290.42,161161.68,-4808.32
ORD06932,2025-06-12,CUST1797,PROD055,5,0.17,Cash on Delivery,44065,66430.66,275687.24,55362.24
ORD06933,2024-05-26,CUST1538,PROD031,4,0.28,Debit Card,15105,17387.16,50075.02,-10344.98
ORD06934,2023-09-07,CUST1850,PROD030,5,0.06,Debit Card,27284,33894.96,159306.31,22886.31
ORD06935,2025-06-07,CUST1548,PROD067,4,0.18,Debit Card,26070,37431.56,122775.52,18495.52
ORD06936,2025-10-20,CUST0261,PROD013,1,0.12,UPI,24204,28950.6,25476.53,1272.53
ORD06937,2024-08-21,CUST1386,PROD059,4,0.08,Cash on Delivery,42048,53195.69,195760.14,27568.14
ORD06938,2025-01-22,CUST1980,PROD054,3,0.11,Cash on Delivery,39049,51817.51,138352.75,21205.75
ORD06939,2024-08-22,CUST0169,PROD021,4,0.09,Debit Card,22664,30106.59,109587.99,18931.99
ORD06940,2025-09-01,CUST0660,PROD043,1,0.16,Credit Card,1019,1617.93,1359.06,340.06
ORD06941,2024-04-27,CUST0200,PROD011,5,0.17,UPI,23684,34436.43,142911.18,24491.18
ORD06942,2025-04-15,CUST1409,PROD067,3,0.26,Debit Card,26070,30414.82,67520.9,-10689.1
ORD06943,2023-06-21,CUST1336,PROD038,4,0.23,Debit Card,41219,51507.58,158643.35,-6232.65
ORD06944,2025-05-18,CUST0582,PROD095,1,0.09,Cash on Delivery,3434,4901.67,4460.52,1026.52
ORD06945,2023-01-17,CUST1336,PROD024,3,0.28,Credit Card,37354,54949.24,118690.36,6628.36
ORD06946,2024-01-29,CUST0566,PROD051,3,0.26,UPI,47215,62383.68,138491.77,-3153.23
ORD06947,2023-08-22,CUST0395,PROD076,3,0.19,Credit Card,19739,30308.39,73649.39,14432.39
ORD06948,2023-09-05,CUST1795,PROD061,4,0.01,Credit Card,13164,20727.28,82080.03,29424.03
ORD06949,2023-02-21,CUST0351,PROD046,1,0.06,Cash on Delivery,11014,15709.58,14767.01,3753.01
ORD06950,2023-01-15,CUST0028,PROD043,1,0.24,Debit Card,1019,1429.73,1086.59,67.59
ORD06951,2024-03-16,CUST1903,PROD027,1,0.14,Debit Card,33194,49388.11,42473.77,9279.77
ORD06952,2024-11-26,CUST1899,PROD085,2,0.04,Credit Card,21717,32617.19,62625.0,19191.0
ORD06953,2023-01-07,CUST0632,PROD089,5,0.12,UPI,21871,27271.95,119996.58,10641.58
ORD06954,2025-04-05,CUST1157,PROD030,1,0.06,UPI,27284,37313.77,35074.94,7790.94
ORD06955,2025-11-02,CUST0380,PROD094,2,0.27,Cash on Delivery,11294,15262.09,22282.65,-305.35
ORD06956,2024-04-22,CUST1626,PROD063,2,0.27,UPI,48779,76761.56,112071.88,14513.88
ORD06957,2024-09-22,CUST0528,PROD010,3,0.12,Cash on Delivery,38184,45832.05,120996.61,6444.61
ORD06958,2024-12-15,CUST1311,PROD003,5,0.04,Credit Card,7361,11590.35,55633.68,18828.68
ORD06959,2023-04-25,CUST1308,PROD077,3,0.11,UPI,10916,15366.1,41027.49,8279.49
ORD06960,2024-05-23,CUST0903,PROD060,5,0.04,Debit Card,7054,9026.47,43327.06,8057.06
ORD06961,2023-02-26,CUST1766,PROD027,3,0.09,Credit Card,33194,51158.74,139663.36,40081.36
ORD06962,2024-01-17,CUST1673,PROD082,4,0.23,Cash on Delivery,37566,44053.32,135684.23,-14579.77
ORD06963,2025-08-09,CUST0807,PROD045,5,0.09,Credit Card,45004,58213.71,264872.38,39852.38
ORD06964,2023-10-02,CUST0227,PROD062,2,0.16,Credit Card,42867,63813.59,107206.83,21472.83
ORD06965,2023-02-13,CUST1451,PROD024,2,0.04,Cash on Delivery,37354,56870.02,109190.44,34482.44
ORD06966,2024-12-18,CUST0027,PROD046,5,0.1,UPI,11014,13496.27,60733.22,5663.22
ORD06967,2023-11-14,CUST1356,PROD078,3,0.01,UPI,3912,6156.69,18285.37,6549.37
ORD06968,2024-06-17,CUST1141,PROD044,4,0.16,Debit Card,31606,37110.98,124692.89,-1731.11
ORD06969,2023-08-25,CUST0089,PROD063,4,0.1,UPI,48779,65612.62,236205.43,41089.43
ORD06970,2025-06-11,CUST0619,PROD004,1,0.26,Cash on Delivery,42258,50449.77,37332.83,-4925.17
ORD06971,2024-05-31,CUST1757,PROD016,5,0.12,Cash on Delivery,45432,54244.17,238674.35,11514.35
ORD06972,2023-02-07,CUST1759,PROD051,4,0.17,Cash on Delivery,47215,73714.63,244732.57,55872.57
ORD06973,2024-10-15,CUST0122,PROD074,3,0.29,UPI,36254,56439.66,120216.48,11454.48
ORD06974,2025-01-16,CUST1918,PROD091,3,0.19,Cash on Delivery,15191,21675.53,52671.54,7098.54
ORD06975,2025-04-20,CUST0866,PROD048,2,0.15,UPI,7733,12255.49,20834.33,5368.33
ORD06976,2024-03-23,CUST0033,PROD065,4,0.03,Cash on Delivery,5346,7329.23,28437.41,7053.41
ORD06977,2024-11-14,CUST0603,PROD069,4,0.25,Cash on Delivery,21682,32572.54,97717.62,10989.62
ORD06978,2023-05-05,CUST0696,PROD077,3,0.19,UPI,10916,13031.21,31665.84,-1082.16
ORD06979,2025-12-24,CUST0888,PROD045,2,0.03,Debit Card,45004,59766.57,115947.15,25939.15
ORD06980,2025-03-03,CUST1794,PROD003,4,0.07,Debit Card,7361,10171.37,37837.5,8393.5
ORD06981,2025-02-22,CUST1422,PROD017,3,0.16,Debit Card,28919,43383.34,109326.02,22569.02
ORD06982,2023-08-14,CUST0525,PROD083,2,0.01,UPI,37036,48165.93,95368.54,21296.54
ORD06983,2024-04-09,CUST1048,PROD037,2,0.22,Cash on Delivery,49377,78566.28,122563.4,23809.4
ORD06984,2024-10-04,CUST1349,PROD005,3,0.07,UPI,14250,21099.6,58867.88,16117.88
ORD06985,2023-10-20,CUST0034,PROD047,2,0.15,Credit Card,47956,66650.95,113306.62,17394.62
ORD06986,2024-12-21,CUST0247,PROD044,2,0.07,Credit Card,31606,41051.27,76355.36,13143.36
ORD06987,2025-01-25,CUST1879,PROD088,1,0.15,UPI,27486,39550.21,33617.68,6131.68
ORD06988,2023-06-15,CUST1043,PROD033,2,0.06,Credit Card,8919,12958.22,24361.45,6523.45
ORD06989,2025-02-07,CUST1054,PROD021,4,0.18,Debit Card,22664,32990.44,108208.64,17552.64
ORD06990,2025-10-03,CUST0049,PROD067,2,0.27,Debit Card,26070,36857.5,53811.95,1671.95
ORD06991,2025-05-20,CUST1963,PROD068,4,0.24,Debit Card,30755,40910.85,124368.98,1348.98
ORD06992,2025-12-11,CUST0912,PROD032,3,0.07,Credit Card,17963,27258.76,76051.94,22162.94
ORD06993,2024-07-20,CUST0180,PROD024,2,0.15,Debit Card,37354,47298.5,80407.45,5699.45
ORD06994,2025-11-03,CUST1394,PROD035,3,0.13,Debit Card,34337,49150.81,128283.61,25272.61
ORD06995,2024-08-24,CUST1908,PROD018,5,0.29,Debit Card,34967,47633.88,169100.27,-5734.73
ORD06996,2025-06-23,CUST0738,PROD067,2,0.24,UPI,26070,40454.83,61491.34,9351.34
ORD06997,2023-02-10,CUST1969,PROD054,3,0.03,Cash on Delivery,39049,55283.61,160875.31,43728.31
ORD06998,2025-10-26,CUST1419,PROD026,5,0.05,Cash on Delivery,1165,1788.34,8494.61,2669.61
ORD06999,2023-08-30,CUST0590,PROD060,4,0.21,UPI,7054,11138.21,35196.74,6980.74
ORD07000,2023-06-11,CUST0496,PROD088,4,0.05,Debit Card,27486,33180.02,126084.08,16140.08
ORD07001,2025-10-15,CUST0431,PROD065,4,0.29,Debit Card,5346,7483.53,21253.23,-130.77
ORD07002,2024-11-22,CUST1231,PROD051,4,0.3,UPI,47215,73078.86,204620.81,15760.81
ORD07003,2025-03-19,CUST1059,PROD098,4,0.23,UPI,27372,42219.48,130036.0,20548.0
ORD07004,2025-09-05,CUST1786,PROD060,1,0.01,Credit Card,7054,8733.97,8646.63,1592.63
ORD07005,2024-06-01,CUST1607,PROD059,3,0.14,UPI,42048,57463.43,148255.65,22111.65
ORD07006,2025-06-16,CUST1437,PROD076,5,0.12,Debit Card,19739,24681.52,108598.69,9903.69
ORD07007,2025-02-21,CUST0364,PROD017,5,0.24,UPI,28919,44927.63,170724.99,26129.99
ORD07008,2025-02-22,CUST0310,PROD085,2,0.09,Debit Card,21717,25006.11,45511.12,2077.12
ORD07009,2023-03-26,CUST0982,PROD021,3,0.12,Credit Card,22664,28291.02,74688.29,6696.29
ORD07010,2025-10-30,CUST1303,PROD067,1,0.03,UPI,26070,34779.08,33735.71,7665.71
ORD07011,2023-05-18,CUST1176,PROD028,1,0.1,Credit Card,24730,30900.42,27810.38,3080.38
ORD07012,2025-01-23,CUST0227,PROD089,3,0.29,Debit Card,21871,34733.59,73982.55,8369.55
ORD07013,2025-06-24,CUST1267,PROD044,4,0.28,Debit Card,31606,39817.62,114674.75,-11749.25
ORD07014,2024-12-13,CUST0010,PROD070,4,0.23,Debit Card,39873,52354.91,161253.12,1761.12
ORD07015,2023-06-05,CUST1853,PROD062,3,0.27,Debit Card,42867,52654.92,115314.27,-13286.73
ORD07016,2024-02-12,CUST1416,PROD042,5,0.06,Credit Card,35023,54881.08,257941.08,82826.08
ORD07017,2025-02-25,CUST0048,PROD094,4,0.19,UPI,11294,15078.33,48853.79,3677.79
ORD07018,2024-08-02,CUST1648,PROD096,2,0.15,UPI,16906,21433.96,36437.73,2625.73
ORD07019,2024-07-07,CUST0204,PROD022,1,0.13,Debit Card,46697,58873.41,51219.87,4522.87
ORD07020,2024-01-31,CUST0989,PROD038,4,0.1,Debit Card,41219,58264.18,209751.05,44875.05
ORD07021,2025-03-20,CUST0894,PROD014,5,0.26,Credit Card,6122,9733.62,36014.39,5404.39
ORD07022,2025-08-19,CUST0157,PROD098,4,0.15,Credit Card,27372,43477.07,147822.04,38334.04
ORD07023,2024-06-25,CUST0855,PROD026,4,0.22,Debit Card,1165,1854.4,5785.73,1125.73
ORD07024,2025-10-29,CUST0026,PROD040,1,0.21,Debit Card,34631,45851.08,36222.35,1591.35
ORD07025,2025-09-13,CUST0421,PROD054,2,0.04,UPI,39049,60974.57,117071.17,38973.17
ORD07026,2023-06-19,CUST1844,PROD013,2,0.01,UPI,24204,32674.81,64696.12,16288.12
ORD07027,2023-10-17,CUST1702,PROD094,5,0.25,UPI,11294,15582.95,58436.06,1966.06
ORD07028,2025-01-09,CUST0761,PROD019,3,0.15,Debit Card,26105,36128.15,92126.78,13811.78
ORD07029,2024-08-10,CUST0774,PROD042,3,0.24,Cash on Delivery,35023,41278.68,94115.39,-10953.61
ORD07030,2025-01-04,CUST0264,PROD041,3,0.09,Credit Card,37776,46452.41,126815.08,13487.08
ORD07031,2024-04-01,CUST1553,PROD050,5,0.26,Credit Card,1097,1698.97,6286.19,801.19
ORD07032,2024-12-01,CUST0588,PROD003,4,0.25,Credit Card,7361,11434.29,34302.87,4858.87
ORD07033,2025-09-05,CUST0958,PROD031,2,0.11,Debit Card,15105,18743.75,33363.88,3153.88
ORD07034,2023-02-15,CUST0470,PROD076,2,0.12,Debit Card,19739,25388.04,44682.95,5204.95
ORD07035,2025-11-06,CUST0254,PROD015,4,0.11,Credit Card,18761,28580.77,101747.54,26703.54
ORD07036,2023-08-19,CUST1742,PROD054,2,0.01,Credit Card,39049,48494.0,96018.12,17920.12
ORD07037,2025-08-07,CUST1570,PROD053,2,0.21,Credit Card,45509,70373.8,111190.6,20172.6
ORD07038,2024-09-28,CUST1171,PROD045,3,0.08,Debit Card,45004,68425.7,188854.93,53842.93
ORD07039,2023-04-22,CUST1350,PROD038,3,0.27,Cash on Delivery,41219,62380.74,136613.82,12956.82
ORD07040,2024-08-15,CUST1362,PROD078,1,0.27,Cash on Delivery,3912,6068.63,4430.1,518.1
ORD07041,2025-05-08,CUST0740,PROD099,1,0.22,Cash on Delivery,42208,65385.02,51000.32,8792.32
ORD07042,2024-01-26,CUST0118,PROD080,2,0.05,UPI,24906,38921.69,73951.21,24139.21
ORD07043,2024-01-27,CUST1189,PROD050,3,0.03,UPI,1097,1695.74,4934.6,1643.6
ORD07044,2023-11-24,CUST0550,PROD024,1,0.24,Debit Card,37354,53159.04,40400.87,3046.87
ORD07045,2025-01-16,CUST0911,PROD017,1,0.27,Cash on Delivery,28919,35309.41,25775.87,-3143.13
ORD07046,2024-01-02,CUST0870,PROD018,3,0.11,Cash on Delivery,34967,49796.97,132957.91,28056.91
ORD07047,2023-03-23,CUST0808,PROD042,1,0.11,UPI,35023,55126.04,49062.18,14039.18
ORD07048,2025-03-16,CUST1673,PROD017,4,0.12,Cash on Delivery,28919,45849.74,161391.08,45715.08
ORD07049,2025-04-01,CUST0821,PROD016,4,0.25,Credit Card,45432,67139.8,201419.4,19691.4
ORD07050,2025-08-09,CUST1782,PROD085,3,0.21,UPI,21717,31755.16,75259.73,10108.73
ORD07051,2024-01-07,CUST1222,PROD088,3,0.04,Credit Card,27486,43216.12,124462.43,42004.43
ORD07052,2023-09-21,CUST1398,PROD098,1,0.19,Cash on Delivery,27372,35065.58,28403.12,1031.12
ORD07053,2023-04-20,CUST1602,PROD052,2,0.0,Debit Card,20157,24550.05,49100.1,8786.1
ORD07054,2023-11-03,CUST1616,PROD036,5,0.21,Cash on Delivery,5763,7379.52,29149.1,334.1
ORD07055,2023-08-14,CUST0564,PROD091,4,0.23,Debit Card,15191,23956.61,73786.36,13022.36
ORD07056,2023-07-04,CUST1153,PROD039,4,0.24,Credit Card,46187,57527.68,174884.15,-9863.85
ORD07057,2025-08-21,CUST0414,PROD081,3,0.19,Credit Card,2375,2971.44,7220.6,95.6
ORD07058,2023-01-31,CUST1404,PROD025,2,0.05,Cash on Delivery,31820,39355.84,74776.1,11136.1
ORD07059,2024-09-05,CUST0880,PROD042,3,0.24,UPI,35023,47917.06,109250.9,4181.9
ORD07060,2023-04-09,CUST0993,PROD021,1,0.27,Credit Card,22664,34185.81,24955.64,2291.64
ORD07061,2025-03-21,CUST0001,PROD068,2,0.19,Debit Card,30755,40652.99,65857.84,4347.84
ORD07062,2024-10-13,CUST0167,PROD089,1,0.08,Debit Card,21871,26137.04,24046.08,2175.08
ORD07063,2025-03-24,CUST0016,PROD059,4,0.05,UPI,42048,62361.01,236971.84,68779.84
ORD07064,2025-10-16,CUST0657,PROD030,3,0.07,Cash on Delivery,27284,38863.96,108430.45,26578.45
ORD07065,2025-09-04,CUST0112,PROD057,3,0.01,Credit Card,43648,59606.47,177031.22,46087.22
ORD07066,2023-03-29,CUST1392,PROD033,5,0.0,Cash on Delivery,8919,14126.31,70631.55,26036.55
ORD07067,2025-12-22,CUST1126,PROD090,2,0.09,Credit Card,39865,54283.81,98796.53,19066.53
ORD07068,2025-07-10,CUST0594,PROD089,4,0.28,Cash on Delivery,21871,32361.16,93200.14,5716.14
ORD07069,2024-08-08,CUST1430,PROD053,5,0.19,UPI,45509,55581.28,225104.18,-2440.82
ORD07070,2025-03-28,CUST0507,PROD016,5,0.12,Debit Card,45432,60762.62,267355.53,40195.53
ORD07071,2025-07-20,CUST1635,PROD049,3,0.0,Cash on Delivery,1602,1995.32,5985.96,1179.96
ORD07072,2025-03-07,CUST0671,PROD088,2,0.3,Cash on Delivery,27486,35914.93,50280.9,-4691.1
ORD07073,2025-10-15,CUST1064,PROD005,3,0.14,Credit Card,14250,19463.68,50216.29,7466.29
ORD07074,2025-10-09,CUST1691,PROD077,2,0.3,Cash on Delivery,10916,13410.56,18774.78,-3057.22
ORD07075,2025-08-30,CUST1572,PROD094,5,0.22,Cash on Delivery,11294,17069.42,66570.74,10100.74
ORD07076,2024-09-24,CUST1405,PROD060,1,0.02,UPI,7054,9305.67,9119.56,2065.56
ORD07077,2023-12-12,CUST0759,PROD071,4,0.26,Cash on Delivery,43519,67605.21,200111.42,26035.42
ORD07078,2024-12-24,CUST1540,PROD081,5,0.16,UPI,2375,3452.29,14499.62,2624.62
ORD07079,2025-06-19,CUST0497,PROD055,3,0.14,UPI,44065,54176.71,139775.91,7580.91
ORD07080,2025-11-03,CUST1910,PROD091,4,0.23,UPI,15191,21858.13,67323.04,6559.04
ORD07081,2023-05-16,CUST0965,PROD035,5,0.23,Credit Card,34337,39846.76,153410.03,-18274.97
ORD07082,2024-02-01,CUST0281,PROD069,2,0.24,UPI,21682,32811.8,49873.94,6509.94
ORD07083,2025-03-02,CUST0351,PROD042,3,0.23,Credit Card,35023,55630.57,128506.62,23437.62
ORD07084,2023-03-20,CUST0334,PROD069,5,0.19,Debit Card,21682,31547.11,127765.8,19355.8
ORD07085,2024-12-05,CUST1950,PROD024,2,0.2,UPI,37354,58530.81,93649.3,18941.3
ORD07086,2025-09-08,CUST1967,PROD071,2,0.26,Cash on Delivery,43519,55820.06,82613.69,-4424.31
ORD07087,2025-12-10,CUST0761,PROD071,2,0.21,UPI,43519,58342.22,92180.71,5142.71
ORD07088,2025-01-13,CUST1548,PROD055,4,0.03,Debit Card,44065,59094.2,229285.5,53025.5
ORD07089,2024-01-19,CUST1307,PROD014,3,0.19,UPI,6122,7348.93,17857.9,-508.1
ORD07090,2024-01-10,CUST1965,PROD055,2,0.05,Credit Card,44065,66467.62,126288.48,38158.48
ORD07091,2023-07-25,CUST0728,PROD015,5,0.0,Debit Card,18761,25754.72,128773.6,34968.6
ORD07092,2024-05-03,CUST1343,PROD005,2,0.06,Debit Card,14250,19532.37,36720.86,8220.86
ORD07093,2025-05-30,CUST0823,PROD004,3,0.05,Credit Card,42258,61308.37,174728.85,47954.85
ORD07094,2024-09-23,CUST1438,PROD030,4,0.03,Credit Card,27284,33475.95,129886.69,20750.69
ORD07095,2024-08-14,CUST1618,PROD084,2,0.06,Cash on Delivery,6252,9469.09,17801.89,5297.89
ORD07096,2025-12-01,CUST0014,PROD053,5,0.17,Debit Card,45509,59828.05,248286.41,20741.41
ORD07097,2024-06-16,CUST1080,PROD090,3,0.05,UPI,39865,47273.45,134729.33,15134.33
ORD07098,2024-06-05,CUST1427,PROD073,2,0.08,Credit Card,46032,56879.27,104657.86,12593.86
ORD07099,2025-04-04,CUST0342,PROD030,4,0.25,Cash on Delivery,27284,34481.07,103443.21,-5692.79
ORD07100,2024-08-20,CUST1818,PROD086,1,0.27,Credit Card,12989,15977.45,11663.54,-1325.46
ORD07101,2023-04-23,CUST0199,PROD094,5,0.1,Credit Card,11294,14219.16,63986.22,7516.22
ORD07102,2025-01-03,CUST1884,PROD084,2,0.27,Cash on Delivery,6252,9991.53,14587.63,2083.63
ORD07103,2023-11-14,CUST0678,PROD092,2,0.18,Debit Card,4811,6696.8,10982.75,1360.75
ORD07104,2025-09-22,CUST1989,PROD061,1,0.07,UPI,13164,18710.22,17400.5,4236.5
ORD07105,2023-08-01,CUST1316,PROD071,3,0.23,Credit Card,43519,53298.24,123118.93,-7438.07
ORD07106,2023-09-10,CUST0658,PROD068,1,0.28,Debit Card,30755,35977.48,25903.79,-4851.21
ORD07107,2023-05-04,CUST1465,PROD092,3,0.2,Cash on Delivery,4811,6204.54,14890.9,457.9
ORD07108,2024-09-15,CUST0078,PROD055,2,0.06,Cash on Delivery,44065,65939.61,123966.47,35836.47
ORD07109,2025-12-24,CUST0112,PROD099,1,0.03,Cash on Delivery,42208,59152.48,57377.91,15169.91
ORD07110,2025-06-16,CUST0535,PROD097,2,0.07,Debit Card,10894,12580.96,23400.59,1612.59
ORD07111,2023-09-04,CUST1399,PROD071,1,0.1,UPI,43519,65493.75,58944.38,15425.38
ORD07112,2024-03-16,CUST1140,PROD073,2,0.1,Debit Card,46032,55091.09,99163.96,7099.96
ORD07113,2023-02-14,CUST1166,PROD098,2,0.15,Debit Card,27372,36902.15,62733.66,7989.66
ORD07114,2024-10-19,CUST0992,PROD042,2,0.15,Cash on Delivery,35023,56028.5,95248.45,25202.45
ORD07115,2025-05-29,CUST1221,PROD098,4,0.14,Credit Card,27372,32972.73,113426.19,3938.19
ORD07116,2025-10-13,CUST0790,PROD077,1,0.1,Credit Card,10916,16556.97,14901.27,3985.27
ORD07117,2024-07-07,CUST1564,PROD029,4,0.03,Cash on Delivery,23495,35469.08,137620.03,43640.03
ORD07118,2025-03-19,CUST1323,PROD035,2,0.13,Credit Card,34337,46364.17,80673.66,11999.66
ORD07119,2025-08-28,CUST1100,PROD045,5,0.3,Cash on Delivery,45004,71768.75,251190.62,26170.62
ORD07120,2024-12-30,CUST0530,PROD074,3,0.2,Debit Card,36254,46716.39,112119.34,3357.34
ORD07121,2025-10-17,CUST0100,PROD094,1,0.13,Cash on Delivery,11294,14593.0,12695.91,1401.91
ORD07122,2025-08-11,CUST1503,PROD090,1,0.03,UPI,39865,48578.6,47121.24,7256.24
ORD07123,2025-12-26,CUST0973,PROD099,3,0.06,UPI,42208,55562.17,156685.32,30061.32
ORD07124,2025-11-30,CUST1492,PROD092,4,0.17,UPI,4811,6174.37,20498.91,1254.91
ORD07125,2023-04-09,CUST1660,PROD029,3,0.15,Debit Card,23495,33410.36,85196.42,14711.42
ORD07126,2025-05-21,CUST1901,PROD070,5,0.01,Credit Card,39873,46584.81,230594.81,31229.81
ORD07127,2023-10-28,CUST1316,PROD003,2,0.03,Debit Card,7361,9492.87,18416.17,3694.17
ORD07128,2024-05-02,CUST1015,PROD093,3,0.11,Credit Card,48575,55964.13,149424.23,3699.23
ORD07129,2025-10-01,CUST0125,PROD057,3,0.04,Debit Card,43648,50319.14,144919.12,13975.12
ORD07130,2024-04-21,CUST1015,PROD066,2,0.29,Debit Card,26705,40568.5,57607.27,4197.27
ORD07131,2025-05-10,CUST0519,PROD022,1,0.01,UPI,46697,69457.92,68763.34,22066.34
ORD07132,2025-03-19,CUST0023,PROD027,5,0.29,Debit Card,33194,49288.55,174974.35,9004.35
ORD07133,2024-06-01,CUST0162,PROD022,3,0.2,UPI,46697,61132.71,146718.5,6627.5
ORD07134,2024-04-03,CUST0629,PROD074,3,0.12,Debit Card,36254,53099.77,140183.39,31421.39
ORD07135,2023-08-18,CUST0506,PROD049,1,0.16,Cash on Delivery,1602,2027.24,1702.88,100.88
ORD07136,2023-01-08,CUST0882,PROD083,5,0.12,UPI,37036,47747.94,210090.94,24910.94
ORD07137,2023-07-14,CUST1888,PROD024,2,0.17,Cash on Delivery,37354,52412.07,87004.04,12296.04
ORD07138,2025-11-08,CUST1045,PROD027,2,0.05,Debit Card,33194,48623.55,92384.74,25996.74
ORD07139,2023-12-20,CUST1788,PROD036,4,0.04,Debit Card,5763,7316.57,28095.63,5043.63
ORD07140,2025-12-08,CUST1862,PROD017,5,0.16,Cash on Delivery,28919,42096.75,176806.35,32211.35
ORD07141,2024-04-08,CUST1488,PROD056,5,0.02,Credit Card,6756,10695.57,52408.29,18628.29
ORD07142,2023-12-22,CUST0483,PROD010,3,0.09,Credit Card,38184,52397.09,143044.06,28492.06
ORD07143,2025-04-29,CUST1526,PROD054,4,0.28,Credit Card,39049,52060.06,149932.97,-6263.03
ORD07144,2025-08-31,CUST1967,PROD081,2,0.26,Debit Card,2375,2979.73,4410.0,-340.0
ORD07145,2023-03-07,CUST0309,PROD074,5,0.25,Credit Card,36254,47502.42,178134.08,-3135.92
ORD07146,2025-05-08,CUST1620,PROD074,5,0.15,Credit Card,36254,50319.44,213857.62,32587.62
ORD07147,2024-07-24,CUST0874,PROD038,1,0.01,Debit Card,41219,64913.67,64264.53,23045.53
ORD07148,2023-11-04,CUST1577,PROD081,2,0.04,Debit Card,2375,3009.93,5779.07,1029.07
ORD07149,2025-02-21,CUST0203,PROD090,1,0.28,Credit Card,39865,49997.03,35997.86,-3867.14
ORD07150,2023-05-01,CUST1440,PROD090,4,0.25,Credit Card,39865,63076.94,189230.82,29770.82
ORD07151,2025-02-04,CUST0640,PROD098,5,0.11,Cash on Delivery,27372,38940.22,173283.98,36423.98
ORD07152,2025-02-11,CUST0142,PROD004,4,0.22,Debit Card,42258,62578.67,195245.45,26213.45
ORD07153,2023-04-06,CUST1880,PROD050,1,0.26,Debit Card,1097,1671.13,1236.64,139.64
ORD07154,2025-09-13,CUST1004,PROD091,2,0.19,Cash on Delivery,15191,18028.76,29206.59,-1175.41
ORD07155,2024-06-23,CUST0615,PROD061,5,0.26,UPI,13164,18010.54,66639.0,819.0
ORD07156,2023-01-02,CUST0107,PROD021,2,0.07,UPI,22664,27492.47,51135.99,5807.99
ORD07157,2024-08-02,CUST0529,PROD036,4,0.14,Debit Card,5763,8246.51,28367.99,5315.99
ORD07158,2023-11-29,CUST1561,PROD046,3,0.17,Debit Card,11014,17393.08,43308.77,10266.77
ORD07159,2025-11-13,CUST0576,PROD095,2,0.19,Credit Card,3434,4036.03,6538.37,-329.63
ORD07160,2025-01-11,CUST0969,PROD071,2,0.3,UPI,43519,55414.79,77580.71,-9457.29
ORD07161,2024-05-20,CUST1878,PROD044,2,0.25,Credit Card,31606,50565.07,75847.6,12635.6
ORD07162,2025-09-26,CUST1911,PROD064,5,0.02,UPI,24886,28680.35,140533.72,16103.72
ORD07163,2025-01-02,CUST1773,PROD098,4,0.05,Cash on Delivery,27372,33196.77,126147.73,16659.73
ORD07164,2024-05-28,CUST0688,PROD018,4,0.2,Credit Card,34967,41483.0,132745.6,-7122.4
ORD07165,2025-06-13,CUST0291,PROD088,5,0.07,Cash on Delivery,27486,41059.37,190926.07,53496.07
ORD07166,2023-12-27,CUST0805,PROD013,2,0.05,Cash on Delivery,24204,36013.57,68425.78,20017.78
ORD07167,2023-10-01,CUST1335,PROD013,2,0.2,UPI,24204,36303.9,58086.24,9678.24
ORD07168,2023-06-26,CUST1937,PROD025,3,0.16,Debit Card,31820,47688.17,120174.19,24714.19
ORD07169,2024-06-10,CUST0668,PROD005,2,0.24,Debit Card,14250,21743.35,33049.89,4549.89
ORD07170,2025-07-01,CUST0385,PROD039,1,0.1,Cash on Delivery,46187,69178.69,62260.82,16073.82
ORD07171,2023-10-06,CUST1077,PROD029,2,0.1,Debit Card,23495,32131.67,57837.01,10847.01
ORD07172,2024-12-06,CUST1609,PROD057,3,0.05,Credit Card,43648,64837.71,184787.47,53843.47
ORD07173,2023-03-05,CUST1207,PROD046,1,0.2,UPI,11014,15628.07,12502.46,1488.46
ORD07174,2023-10-17,CUST1393,PROD033,3,0.21,Credit Card,8919,11727.91,27795.15,1038.15
ORD07175,2023-01-18,CUST0701,PROD088,3,0.04,Debit Card,27486,41956.24,120833.97,38375.97
ORD07176,2023-03-05,CUST0013,PROD010,4,0.08,Cash on Delivery,38184,57452.33,211424.57,58688.57
ORD07177,2023-11-26,CUST1583,PROD058,5,0.05,UPI,29901,36720.56,174422.66,24917.66
ORD07178,2025-02-01,CUST0960,PROD025,3,0.22,Cash on Delivery,31820,36942.79,86446.13,-9013.87
ORD07179,2025-11-06,CUST0160,PROD074,2,0.06,UPI,36254,46847.01,88072.38,15564.38
ORD07180,2024-03-18,CUST1308,PROD039,4,0.05,Credit Card,46187,61507.01,233726.64,48978.64
ORD07181,2023-05-21,CUST0565,PROD016,1,0.02,Debit Card,45432,55811.44,54695.21,9263.21
ORD07182,2024-03-19,CUST1311,PROD060,5,0.25,Credit Card,7054,10826.53,40599.49,5329.49
ORD07183,2024-05-10,CUST0008,PROD028,4,0.04,Cash on Delivery,24730,28813.2,110642.69,11722.69
ORD07184,2024-03-01,CUST0072,PROD076,3,0.01,Credit Card,19739,26995.62,80176.99,20959.99
ORD07185,2024-03-25,CUST0892,PROD044,4,0.02,Debit Card,31606,37135.94,145572.88,19148.88
ORD07186,2023-12-17,CUST0098,PROD058,2,0.11,Debit Card,29901,41606.85,74060.19,14258.19
ORD07187,2024-08-21,CUST0087,PROD032,2,0.18,Credit Card,17963,24405.29,40024.68,4098.68
ORD07188,2024-12-11,CUST1866,PROD063,2,0.12,UPI,48779,73220.62,128868.29,31310.29
ORD07189,2025-05-19,CUST0101,PROD093,5,0.14,Debit Card,48575,70936.68,305027.72,62152.72
ORD07190,2024-01-28,CUST0281,PROD045,4,0.28,Debit Card,45004,68846.22,198277.11,18261.11
ORD07191,2025-04-21,CUST0883,PROD053,4,0.23,Debit Card,45509,63483.05,195527.79,13491.79
ORD07192,2024-02-05,CUST1313,PROD061,3,0.1,Debit Card,13164,20010.55,54028.48,14536.48
ORD07193,2023-02-19,CUST0749,PROD050,1,0.05,UPI,1097,1616.55,1535.72,438.72
ORD07194,2025-01-13,CUST0196,PROD027,2,0.22,UPI,33194,49816.74,77714.11,11326.11
ORD07195,2025-06-24,CUST0391,PROD026,1,0.17,Cash on Delivery,1165,1654.65,1373.36,208.36
ORD07196,2025-11-01,CUST0609,PROD003,1,0.29,Cash on Delivery,7361,10848.71,7702.58,341.58
ORD07197,2025-09-17,CUST0450,PROD090,2,0.27,Cash on Delivery,39865,53051.22,77454.78,-2275.22
ORD07198,2025-11-04,CUST1392,PROD039,2,0.17,Credit Card,46187,54881.33,91103.01,-1270.99
ORD07199,2023-01-28,CUST1454,PROD065,3,0.02,Credit Card,5346,7150.08,21021.24,4983.24
ORD07200,2024-01-23,CUST1120,PROD035,5,0.01,Cash on Delivery,34337,42166.87,208726.01,37041.01
ORD07201,2025-04-12,CUST1285,PROD053,2,0.25,Debit Card,45509,65224.44,97836.66,6818.66
ORD07202,2023-09-07,CUST1536,PROD091,1,0.21,Cash on Delivery,15191,19269.16,15222.64,31.64
ORD07203,2023-04-08,CUST0121,PROD046,3,0.17,Credit Card,11014,17414.94,43363.2,10321.2
ORD07204,2025-11-28,CUST1390,PROD068,4,0.21,UPI,30755,39121.5,123623.94,603.94
ORD07205,2025-11-27,CUST1809,PROD083,3,0.16,Debit Card,37036,44226.9,111451.79,343.79
ORD07206,2023-06-28,CUST0332,PROD022,2,0.17,Debit Card,46697,72206.66,119863.06,26469.06
ORD07207,2025-06-10,CUST1076,PROD060,2,0.07,Debit Card,7054,9427.57,17535.28,3427.28
ORD07208,2025-01-19,CUST1420,PROD006,5,0.14,Credit Card,17488,22911.1,98517.73,11077.73
ORD07209,2024-03-28,CUST0318,PROD052,3,0.0,Debit Card,20157,31211.6,93634.8,33163.8
ORD07210,2023-04-07,CUST0675,PROD073,2,0.2,Debit Card,46032,66472.72,106356.35,14292.35
ORD07211,2023-11-05,CUST0702,PROD075,1,0.1,UPI,900,1250.53,1125.48,225.48
ORD07212,2023-09-19,CUST1301,PROD086,1,0.2,Debit Card,12989,16849.43,13479.54,490.54
ORD07213,2023-10-20,CUST1621,PROD073,3,0.28,Credit Card,46032,58995.64,127430.58,-10665.42
ORD07214,2023-09-06,CUST1218,PROD029,5,0.18,Debit Card,23495,33146.28,135899.75,18424.75
ORD07215,2023-09-02,CUST0693,PROD043,3,0.1,Credit Card,1019,1401.76,3784.75,727.75
ORD07216,2023-09-08,CUST1017,PROD074,5,0.06,UPI,36254,46194.89,217115.98,35845.98
ORD07217,2023-05-03,CUST0021,PROD034,1,0.08,UPI,48452,59732.67,54954.06,6502.06
ORD07218,2023-11-21,CUST0399,PROD031,2,0.3,Debit Card,15105,22930.97,32103.36,1893.36
ORD07219,2025-09-12,CUST1739,PROD086,4,0.18,Cash on Delivery,12989,18957.27,62179.85,10223.85
ORD07220,2024-05-15,CUST0202,PROD046,2,0.13,UPI,11014,17589.16,30605.14,8577.14
ORD07221,2024-11-17,CUST0466,PROD004,1,0.07,Debit Card,42258,58405.21,54316.85,12058.85
ORD07222,2025-12-25,CUST1175,PROD002,1,0.23,UPI,8668,13846.91,10662.12,1994.12
ORD07223,2025-04-15,CUST0896,PROD005,2,0.12,UPI,14250,19342.55,34042.89,5542.89
ORD07224,2023-02-28,CUST1183,PROD046,2,0.09,Credit Card,11014,15317.51,27877.87,5849.87
ORD07225,2024-12-31,CUST0310,PROD079,1,0.07,Cash on Delivery,16940,21075.02,19599.77,2659.77
ORD07226,2023-09-23,CUST1975,PROD019,2,0.06,Credit Card,26105,31777.07,59740.89,7530.89
ORD07227,2023-08-24,CUST0504,PROD038,4,0.08,Debit Card,41219,64841.56,238616.94,73740.94
ORD07228,2025-06-16,CUST0026,PROD059,4,0.19,Debit Card,42048,66921.37,216825.24,48633.24
ORD07229,2023-08-06,CUST1845,PROD079,3,0.07,Credit Card,16940,23655.05,65997.59,15177.59
ORD07230,2025-09-01,CUST0066,PROD072,4,0.02,Cash on Delivery,16543,21051.2,82520.7,16348.7
ORD07231,2024-08-11,CUST1959,PROD020,1,0.11,Cash on Delivery,29671,46824.73,41674.01,12003.01
ORD07232,2025-07-05,CUST0263,PROD076,1,0.18,Cash on Delivery,19739,29777.0,24417.14,4678.14
ORD07233,2025-07-06,CUST0472,PROD068,3,0.02,UPI,30755,37856.75,111298.84,19033.84
ORD07234,2023-12-19,CUST0167,PROD053,5,0.14,Debit Card,45509,58445.08,251313.84,23768.84
ORD07235,2023-04-01,CUST0800,PROD055,3,0.02,UPI,44065,50758.16,149228.99,17033.99
ORD07236,2024-12-02,CUST1178,PROD039,5,0.23,Credit Card,46187,65211.48,251064.2,20129.2
ORD07237,2023-03-14,CUST0343,PROD036,5,0.26,Cash on Delivery,5763,7992.58,29572.55,757.55
ORD07238,2024-11-15,CUST0718,PROD058,2,0.29,UPI,29901,36591.35,51959.72,-7842.28
ORD07239,2024-12-22,CUST0413,PROD015,4,0.21,Cash on Delivery,18761,24439.9,77230.08,2186.08
ORD07240,2025-08-15,CUST1689,PROD001,5,0.19,UPI,19397,30504.68,123543.95,26558.95
ORD07241,2025-11-21,CUST1208,PROD095,2,0.21,Debit Card,3434,4951.99,7824.14,956.14
ORD07242,2024-10-09,CUST1695,PROD009,3,0.26,Cash on Delivery,7565,11637.62,25835.52,3140.52
ORD07243,2025-01-29,CUST1218,PROD023,3,0.24,UPI,14296,21833.43,49780.22,6892.22
ORD07244,2025-05-20,CUST1026,PROD052,5,0.13,Credit Card,20157,31531.53,137162.16,36377.16
ORD07245,2023-05-23,CUST1239,PROD026,2,0.2,UPI,1165,1361.53,2178.45,-151.55
ORD07246,2025-08-06,CUST0687,PROD060,1,0.05,Credit Card,7054,8945.26,8498.0,1444.0
ORD07247,2023-02-13,CUST1611,PROD018,4,0.21,Credit Card,34967,46751.15,147733.63,7865.63
ORD07248,2023-02-01,CUST0797,PROD097,5,0.22,Cash on Delivery,10894,15666.05,61097.6,6627.6
ORD07249,2023-01-28,CUST1663,PROD078,1,0.24,Debit Card,3912,5569.35,4232.71,320.71
ORD07250,2025-10-16,CUST0483,PROD058,4,0.25,Credit Card,29901,37697.62,113092.86,-6511.14
ORD07251,2024-02-27,CUST1585,PROD065,1,0.13,Credit Card,5346,6611.73,5752.21,406.21
ORD07252,2024-05-05,CUST1993,PROD077,2,0.27,Debit Card,10916,14702.05,21464.99,-367.01
ORD07253,2023-06-09,CUST1056,PROD079,5,0.29,Debit Card,16940,21391.47,75939.72,-8760.28
ORD07254,2025-04-24,CUST1694,PROD069,1,0.29,Debit Card,21682,34350.8,24389.07,2707.07
ORD07255,2023-01-18,CUST0015,PROD014,1,0.18,Credit Card,6122,9700.04,7954.03,1832.03
ORD07256,2024-11-02,CUST1342,PROD078,1,0.17,Debit Card,3912,4698.35,3899.63,-12.37
ORD07257,2023-08-20,CUST1870,PROD046,5,0.14,Credit Card,11014,16160.76,69491.27,14421.27
ORD07258,2024-02-28,CUST1267,PROD069,2,0.09,Credit Card,21682,27161.1,49433.2,6069.2
ORD07259,2025-06-22,CUST0017,PROD075,2,0.1,Credit Card,900,1325.56,2386.01,586.01
ORD07260,2025-01-24,CUST0534,PROD032,1,0.06,Debit Card,17963,26858.24,25246.75,7283.75
ORD07261,2025-04-16,CUST1780,PROD051,2,0.29,Credit Card,47215,55320.64,78555.31,-15874.69
ORD07262,2025-06-12,CUST1950,PROD069,4,0.19,Cash on Delivery,21682,31718.74,102768.72,16040.72
ORD07263,2023-08-27,CUST0081,PROD100,2,0.28,Credit Card,41593,64617.16,93048.71,9862.71
ORD07264,2023-05-29,CUST0656,PROD015,1,0.12,Debit Card,18761,23401.27,20593.12,1832.12
ORD07265,2024-09-14,CUST0436,PROD053,4,0.09,Debit Card,45509,54702.07,199115.53,17079.53
ORD07266,2023-01-17,CUST1032,PROD071,5,0.04,Credit Card,43519,61147.29,293506.99,75911.99
ORD07267,2025-07-02,CUST1984,PROD069,3,0.09,Credit Card,21682,29983.1,81853.86,16807.86
ORD07268,2023-08-14,CUST1019,PROD094,2,0.27,Credit Card,11294,17489.85,25535.18,2947.18
ORD07269,2024-10-13,CUST0679,PROD015,4,0.17,Cash on Delivery,18761,25383.42,84272.95,9228.95
ORD07270,2023-09-17,CUST1311,PROD030,3,0.14,Debit Card,27284,36454.08,94051.53,12199.53
ORD07271,2024-11-04,CUST0780,PROD078,5,0.17,Cash on Delivery,3912,5755.67,23886.03,4326.03
ORD07272,2023-06-23,CUST1825,PROD024,3,0.27,Debit Card,37354,44258.61,96926.36,-15135.64
ORD07273,2023-07-24,CUST0186,PROD088,5,0.06,UPI,27486,32314.45,151877.91,14447.91
ORD07274,2024-02-19,CUST1548,PROD035,1,0.29,Debit Card,34337,47289.36,33575.45,-761.55
ORD07275,2025-03-02,CUST1817,PROD069,1,0.2,Credit Card,21682,25802.97,20642.38,-1039.62
ORD07276,2025-12-24,CUST0422,PROD012,5,0.26,Debit Card,33865,53256.41,197048.72,27723.72
ORD07277,2024-06-01,CUST1840,PROD084,3,0.16,Debit Card,6252,9030.44,22756.71,4000.71
ORD07278,2025-12-26,CUST0466,PROD046,2,0.07,UPI,11014,16401.41,30506.62,8478.62
ORD07279,2025-09-05,CUST0083,PROD069,3,0.17,UPI,21682,27167.39,67646.8,2600.8
ORD07280,2025-10-06,CUST0567,PROD036,3,0.02,Cash on Delivery,5763,7908.63,23251.37,5962.37
ORD07281,2024-08-12,CUST0643,PROD085,2,0.26,Cash on Delivery,21717,26282.58,38898.22,-4535.78
ORD07282,2023-03-08,CUST1661,PROD048,3,0.19,Credit Card,7733,9599.72,23327.32,128.32
ORD07283,2024-11-14,CUST1507,PROD067,3,0.08,Cash on Delivery,26070,36646.44,101144.17,22934.17
ORD07284,2023-03-04,CUST0325,PROD093,4,0.08,Cash on Delivery,48575,61979.79,228085.63,33785.63
ORD07285,2025-03-24,CUST1443,PROD054,5,0.27,UPI,39049,61022.17,222730.92,27485.92
ORD07286,2024-02-07,CUST0051,PROD089,1,0.25,Credit Card,21871,34946.78,26210.08,4339.08
ORD07287,2023-07-11,CUST1051,PROD091,5,0.23,Credit Card,15191,17496.49,67361.49,-8593.51
ORD07288,2023-03-12,CUST0677,PROD036,3,0.12,Cash on Delivery,5763,8596.06,22693.6,5404.6
ORD07289,2025-05-27,CUST0981,PROD052,2,0.26,Credit Card,20157,24226.72,35855.55,-4458.45
ORD07290,2025-01-10,CUST1936,PROD022,2,0.07,Credit Card,46697,65776.48,122344.25,28950.25
ORD07291,2025-08-03,CUST0793,PROD038,1,0.01,UPI,41219,51639.89,51123.49,9904.49
ORD07292,2025-12-22,CUST1569,PROD099,1,0.13,Cash on Delivery,42208,66865.63,58173.1,15965.1
ORD07293,2023-09-02,CUST1086,PROD062,1,0.28,Credit Card,42867,66191.5,47657.88,4790.88
ORD07294,2024-06-02,CUST0657,PROD065,2,0.17,Cash on Delivery,5346,7580.25,12583.22,1891.22
ORD07295,2024-01-28,CUST1195,PROD003,3,0.07,Cash on Delivery,7361,9048.2,25244.48,3161.48
ORD07296,2025-02-10,CUST1310,PROD088,1,0.2,Credit Card,27486,41289.65,33031.72,5545.72
ORD07297,2025-06-29,CUST1833,PROD008,1,0.22,Debit Card,24024,33252.44,25936.9,1912.9
ORD07298,2023-07-03,CUST0117,PROD039,2,0.17,Credit Card,46187,65825.87,109270.94,16896.94
ORD07299,2023-09-04,CUST1028,PROD018,3,0.25,Debit Card,34967,51508.99,115895.23,10994.23
ORD07300,2023-11-20,CUST1090,PROD003,1,0.18,UPI,7361,9844.23,8072.27,711.27
ORD07301,2023-06-09,CUST1084,PROD018,3,0.03,Cash on Delivery,34967,40333.82,117371.42,12470.42
ORD07302,2024-12-06,CUST0905,PROD080,4,0.24,Debit Card,24906,32723.43,99479.23,-144.77
ORD07303,2024-09-13,CUST0502,PROD096,1,0.04,Cash on Delivery,16906,22588.64,21685.09,4779.09
ORD07304,2025-07-13,CUST0799,PROD001,1,0.26,UPI,19397,25509.31,18876.89,-520.11
ORD07305,2023-03-07,CUST0857,PROD026,2,0.16,UPI,1165,1775.43,2982.72,652.72
ORD07306,2025-07-18,CUST1253,PROD052,4,0.22,Debit Card,20157,26195.2,81729.02,1101.02
ORD07307,2023-09-11,CUST1124,PROD012,4,0.29,UPI,33865,45289.42,128621.95,-6838.05
ORD07308,2023-10-10,CUST1143,PROD038,4,0.13,Cash on Delivery,41219,48544.5,168934.86,4058.86
ORD07309,2025-12-19,CUST0069,PROD085,5,0.14,UPI,21717,31980.15,137514.64,28929.64
ORD07310,2023-04-28,CUST0664,PROD041,2,0.25,UPI,37776,47104.35,70656.52,-4895.48
ORD07311,2024-02-27,CUST0792,PROD053,2,0.03,Debit Card,45509,57148.16,110867.43,19849.43
ORD07312,2024-07-09,CUST0221,PROD013,1,0.01,UPI,24204,34226.5,33884.24,9680.24
ORD07313,2023-02-05,CUST1010,PROD076,2,0.18,Credit Card,19739,31436.31,51555.55,12077.55
ORD07314,2024-06-14,CUST1965,PROD013,1,0.05,Cash on Delivery,24204,32301.81,30686.72,6482.72
ORD07315,2023-04-01,CUST0223,PROD018,1,0.08,Debit Card,34967,45359.92,41731.13,6764.13
ORD07316,2023-04-08,CUST0677,PROD019,5,0.29,Credit Card,26105,30446.07,108083.55,-22441.45
ORD07317,2024-06-14,CUST1978,PROD019,2,0.2,Debit Card,26105,39270.23,62832.37,10622.37
ORD07318,2024-06-21,CUST1528,PROD070,2,0.26,Credit Card,39873,50542.19,74802.44,-4943.56
ORD07319,2025-11-17,CUST0211,PROD048,5,0.27,UPI,7733,11568.4,42224.66,3559.66
ORD07320,2023-03-21,CUST1815,PROD071,5,0.04,Credit Card,43519,55574.61,266758.13,49163.13
ORD07321,2024-07-16,CUST0931,PROD071,2,0.28,Credit Card,43519,50632.18,72910.34,-14127.66
ORD07322,2024-09-05,CUST1599,PROD028,2,0.26,Credit Card,24730,33983.85,50296.1,836.1
ORD07323,2023-06-25,CUST0886,PROD092,1,0.01,Cash on Delivery,4811,7494.22,7419.28,2608.28
ORD07324,2024-06-05,CUST0882,PROD019,3,0.29,Debit Card,26105,32494.62,69213.54,-9101.46
ORD07325,2024-02-27,CUST0262,PROD080,1,0.14,UPI,24906,30366.99,26115.61,1209.61
ORD07326,2024-07-29,CUST0518,PROD081,4,0.29,UPI,2375,2928.74,8317.62,-1182.38
ORD07327,2024-06-14,CUST1272,PROD086,4,0.25,Cash on Delivery,12989,18972.05,56916.15,4960.15
ORD07328,2023-11-28,CUST1765,PROD083,3,0.13,Cash on Delivery,37036,48714.51,127144.87,16036.87
ORD07329,2024-10-14,CUST0798,PROD048,5,0.15,Cash on Delivery,7733,9784.0,41582.0,2917.0
ORD07330,2025-01-09,CUST1281,PROD029,4,0.08,Credit Card,23495,30589.64,112569.88,18589.88
ORD07331,2024-05-25,CUST1087,PROD048,5,0.15,Cash on Delivery,7733,9968.56,42366.38,3701.38
ORD07332,2023-02-11,CUST1416,PROD019,5,0.03,Cash on Delivery,26105,36408.64,176581.9,46056.9
ORD07333,2025-06-03,CUST0540,PROD099,1,0.27,Credit Card,42208,51071.68,37282.33,-4925.67
ORD07334,2023-03-22,CUST1881,PROD047,5,0.21,Debit Card,47956,66127.71,261204.45,21424.45
ORD07335,2024-02-06,CUST0417,PROD089,3,0.24,Cash on Delivery,21871,28219.86,64341.28,-1271.72
ORD07336,2023-04-17,CUST0053,PROD060,1,0.16,Cash on Delivery,7054,11072.55,9300.94,2246.94
ORD07337,2024-05-20,CUST1788,PROD048,3,0.04,Credit Card,7733,10360.81,29839.13,6640.13
ORD07338,2024-12-20,CUST0038,PROD020,5,0.16,Credit Card,29671,35456.97,148919.27,564.27
ORD07339,2023-09-14,CUST0308,PROD019,4,0.1,Credit Card,26105,40988.09,147557.12,43137.12
ORD07340,2025-08-11,CUST0846,PROD042,5,0.0,Debit Card,35023,55051.78,275258.9,100143.9
ORD07341,2025-07-21,CUST1675,PROD077,3,0.18,Cash on Delivery,10916,13415.46,33002.03,254.03
ORD07342,2025-12-07,CUST0898,PROD076,2,0.26,Cash on Delivery,19739,29951.78,44328.63,4850.63
ORD07343,2025-06-15,CUST0053,PROD049,2,0.21,Credit Card,1602,2463.67,3892.6,688.6
ORD07344,2023-01-19,CUST0606,PROD015,4,0.07,Credit Card,18761,24577.26,91427.41,16383.41
ORD07345,2025-12-05,CUST1630,PROD060,3,0.25,Cash on Delivery,7054,8618.4,19391.4,-1770.6
ORD07346,2024-03-26,CUST0452,PROD068,4,0.09,Cash on Delivery,30755,46418.58,168963.63,45943.63
ORD07347,2025-06-16,CUST0461,PROD079,1,0.07,Cash on Delivery,16940,19696.78,18318.01,1378.01
ORD07348,2025-12-15,CUST0775,PROD081,5,0.29,Credit Card,2375,3393.24,12046.0,171.0
ORD07349,2025-01-10,CUST1510,PROD027,1,0.0,Debit Card,33194,43281.28,43281.28,10087.28
ORD07350,2023-03-23,CUST1859,PROD075,2,0.05,Debit Card,900,1276.39,2425.14,625.14
ORD07351,2025-01-06,CUST1161,PROD055,5,0.14,Cash on Delivery,44065,66317.0,285163.1,64838.1
ORD07352,2023-03-20,CUST1998,PROD087,1,0.05,UPI,1853,2821.99,2680.89,827.89
ORD07353,2023-10-10,CUST1396,PROD015,2,0.05,Debit Card,18761,30004.66,57008.85,19486.85
ORD07354,2025-09-23,CUST1983,PROD052,1,0.19,UPI,20157,28987.81,23480.13,3323.13
ORD07355,2023-06-09,CUST1280,PROD031,5,0.25,UPI,15105,18889.69,70836.34,-4688.66
ORD07356,2025-06-06,CUST0395,PROD090,1,0.2,Cash on Delivery,39865,50797.82,40638.26,773.26
ORD07357,2024-04-12,CUST1061,PROD007,5,0.03,Credit Card,3479,4683.66,22715.75,5320.75
ORD07358,2025-05-02,CUST1678,PROD013,1,0.27,UPI,24204,37075.97,27065.46,2861.46
ORD07359,2024-04-06,CUST1171,PROD054,4,0.28,Cash on Delivery,39049,51352.74,147895.89,-8300.11
ORD07360,2025-05-03,CUST1032,PROD013,1,0.08,Credit Card,24204,35331.1,32504.61,8300.61
ORD07361,2023-04-27,CUST1275,PROD020,1,0.17,Debit Card,29671,34723.66,28820.64,-850.36
ORD07362,2023-12-30,CUST0647,PROD098,4,0.15,Cash on Delivery,27372,36775.0,125035.0,15547.0
ORD07363,2024-04-10,CUST1595,PROD010,2,0.2,Debit Card,38184,46781.58,74850.53,-1517.47
ORD07364,2023-07-03,CUST1659,PROD052,5,0.29,Cash on Delivery,20157,31692.84,112509.58,11724.58
ORD07365,2024-10-21,CUST1471,PROD037,3,0.3,UPI,49377,74368.97,156174.84,8043.84
ORD07366,2023-03-16,CUST0263,PROD052,2,0.15,Credit Card,20157,24439.02,41546.33,1232.33
ORD07367,2025-04-05,CUST0632,PROD027,5,0.03,UPI,33194,44175.67,214252.0,48282.0
ORD07368,2024-05-17,CUST1463,PROD034,1,0.1,Cash on Delivery,48452,57476.97,51729.27,3277.27
ORD07369,2025-03-05,CUST1283,PROD100,2,0.12,Cash on Delivery,41593,61805.18,108777.12,25591.12
ORD07370,2024-08-09,CUST1347,PROD062,1,0.16,UPI,42867,52988.52,44510.36,1643.36
ORD07371,2024-10-17,CUST0530,PROD016,2,0.29,Cash on Delivery,45432,68690.93,97541.12,6677.12
ORD07372,2024-11-30,CUST0301,PROD059,2,0.08,Debit Card,42048,49755.83,91550.73,7454.73
ORD07373,2024-09-26,CUST1889,PROD021,3,0.16,UPI,22664,31907.08,80405.84,12413.84
ORD07374,2025-04-23,CUST0485,PROD016,4,0.09,Credit Card,45432,64681.11,235439.24,53711.24
ORD07375,2025-04-14,CUST0092,PROD081,2,0.28,Debit Card,2375,3088.57,4447.54,-302.46
ORD07376,2025-02-02,CUST1188,PROD079,1,0.3,Debit Card,16940,20732.76,14512.93,-2427.07
ORD07377,2023-12-24,CUST1680,PROD013,3,0.26,Cash on Delivery,24204,31361.68,69622.93,-2989.07
ORD07378,2024-11-22,CUST1359,PROD033,2,0.1,UPI,8919,12245.61,22042.1,4204.1
ORD07379,2024-09-13,CUST1949,PROD054,4,0.08,Cash on Delivery,39049,61935.56,227922.86,71726.86
ORD07380,2024-04-26,CUST0315,PROD069,1,0.13,UPI,21682,29295.07,25486.71,3804.71
ORD07381,2025-09-06,CUST1938,PROD027,3,0.22,UPI,33194,41001.95,95944.56,-3637.44
ORD07382,2025-09-04,CUST0945,PROD052,5,0.0,Credit Card,20157,23415.35,117076.75,16291.75
ORD07383,2023-10-17,CUST0238,PROD065,4,0.3,Cash on Delivery,5346,6167.7,17269.56,-4114.44
ORD07384,2025-01-21,CUST1710,PROD044,5,0.27,UPI,31606,42274.04,154300.25,-3729.75
ORD07385,2023-01-23,CUST0083,PROD030,5,0.01,Credit Card,27284,35014.63,173322.42,36902.42
ORD07386,2025-03-16,CUST0669,PROD023,3,0.11,UPI,14296,17180.75,45872.6,2984.6
ORD07387,2023-06-21,CUST1990,PROD079,3,0.21,Cash on Delivery,16940,20793.49,49280.57,-1539.43
ORD07388,2025-04-14,CUST1133,PROD100,3,0.07,UPI,41593,54381.09,151723.24,26944.24
ORD07389,2023-11-14,CUST0178,PROD083,5,0.04,Debit Card,37036,54034.92,259367.62,74187.62
ORD07390,2025-06-26,CUST0250,PROD094,1,0.19,Cash on Delivery,11294,16086.21,13029.83,1735.83
ORD07391,2025-03-08,CUST0765,PROD016,3,0.27,Debit Card,45432,53881.44,118000.35,-18295.65
ORD07392,2025-09-17,CUST1591,PROD055,4,0.29,Credit Card,44065,53510.86,151970.84,-24289.16
ORD07393,2025-05-04,CUST0667,PROD018,3,0.0,UPI,34967,54505.91,163517.73,58616.73
ORD07394,2024-11-11,CUST0903,PROD090,3,0.26,Cash on Delivery,39865,47119.89,104606.16,-14988.84
ORD07395,2025-07-04,CUST0091,PROD017,3,0.17,Credit Card,28919,35844.89,89253.78,2496.78
ORD07396,2025-10-26,CUST0339,PROD075,5,0.07,Debit Card,900,1163.77,5411.53,911.53
ORD07397,2025-04-22,CUST1662,PROD052,1,0.19,Debit Card,20157,25267.88,20466.98,309.98
ORD07398,2024-04-27,CUST1873,PROD045,3,0.3,Debit Card,45004,57644.6,121053.66,-13958.34
ORD07399,2023-05-12,CUST0169,PROD056,5,0.08,Debit Card,6756,9981.88,45916.65,12136.65
ORD07400,2025-05-10,CUST1163,PROD093,4,0.08,Credit Card,48575,57938.12,213212.28,18912.28
ORD07401,2023-10-21,CUST1541,PROD054,1,0.21,UPI,39049,51095.81,40365.69,1316.69
ORD07402,2024-10-02,CUST0578,PROD009,5,0.01,Credit Card,7565,10782.23,53372.04,15547.04
ORD07403,2025-09-26,CUST1647,PROD017,2,0.25,UPI,28919,33892.44,50838.66,-6999.34
ORD07404,2024-01-27,CUST1208,PROD027,4,0.2,Cash on Delivery,33194,38834.74,124271.17,-8504.83
ORD07405,2023-09-06,CUST0780,PROD037,4,0.25,Debit Card,49377,67861.55,203584.65,6076.65
ORD07406,2024-12-03,CUST0170,PROD022,2,0.07,Credit Card,46697,72610.15,135054.88,41660.88
ORD07407,2023-10-14,CUST0362,PROD072,5,0.25,Cash on Delivery,16543,22335.46,83757.97,1042.97
ORD07408,2023-10-04,CUST0244,PROD067,5,0.13,UPI,26070,34751.05,151167.07,20817.07
ORD07409,2024-01-22,CUST1867,PROD038,4,0.04,Cash on Delivery,41219,47590.26,182746.6,17870.6
ORD07410,2024-03-25,CUST0138,PROD099,5,0.27,Cash on Delivery,42208,62456.03,227964.51,16924.51
ORD07411,2023-10-18,CUST1052,PROD096,2,0.21,UPI,16906,20690.21,32690.53,-1121.47
ORD07412,2024-03-18,CUST0519,PROD072,5,0.05,Cash on Delivery,16543,24224.28,115065.33,32350.33
ORD07413,2024-10-17,CUST1422,PROD044,4,0.07,Debit Card,31606,41303.6,153649.39,27225.39
ORD07414,2025-12-04,CUST0333,PROD091,5,0.08,UPI,15191,17777.19,81775.07,5820.07
ORD07415,2025-04-06,CUST0965,PROD096,1,0.29,UPI,16906,21936.47,15574.89,-1331.11
ORD07416,2024-04-20,CUST1341,PROD036,2,0.27,Credit Card,5763,8337.92,12173.36,647.36
ORD07417,2023-09-10,CUST0563,PROD098,2,0.1,Cash on Delivery,27372,40941.73,73695.11,18951.11
ORD07418,2023-10-16,CUST0426,PROD025,3,0.14,Debit Card,31820,45693.36,117888.87,22428.87
ORD07419,2025-09-26,CUST1160,PROD095,5,0.09,Debit Card,3434,5047.9,22967.94,5797.94
ORD07420,2023-01-21,CUST1714,PROD042,2,0.22,UPI,35023,43994.54,68631.48,-1414.52
ORD07421,2023-11-12,CUST0641,PROD013,5,0.05,Cash on Delivery,24204,38347.89,182152.48,61132.48
ORD07422,2024-07-17,CUST0709,PROD056,1,0.1,UPI,6756,8459.25,7613.32,857.32
ORD07423,2023-05-03,CUST1291,PROD079,4,0.18,Debit Card,16940,20777.67,68150.76,390.76
ORD07424,2025-05-23,CUST0107,PROD051,4,0.26,Debit Card,47215,59604.94,176430.62,-12429.38
ORD07425,2025-08-17,CUST0560,PROD050,3,0.19,Debit Card,1097,1741.41,4231.63,940.63
ORD07426,2023-08-02,CUST0138,PROD077,3,0.28,UPI,10916,12872.47,27804.54,-4943.46
ORD07427,2025-04-18,CUST1935,PROD052,2,0.28,Cash on Delivery,20157,30196.2,43482.53,3168.53
ORD07428,2024-10-08,CUST0615,PROD033,2,0.22,Cash on Delivery,8919,10679.42,16659.9,-1178.1
ORD07429,2025-08-25,CUST0047,PROD095,2,0.08,UPI,3434,5144.07,9465.09,2597.09
ORD07430,2024-12-30,CUST1689,PROD025,1,0.2,Debit Card,31820,40559.71,32447.77,627.77
ORD07431,2024-08-22,CUST0368,PROD058,3,0.06,Cash on Delivery,29901,44163.19,124540.2,34837.2
ORD07432,2025-03-02,CUST0006,PROD040,3,0.1,Debit Card,34631,40589.27,109591.03,5698.03
ORD07433,2023-02-09,CUST0523,PROD087,4,0.23,UPI,1853,2409.95,7422.65,10.65
ORD07434,2025-01-21,CUST0529,PROD038,3,0.26,Cash on Delivery,41219,56019.96,124364.31,707.31
ORD07435,2025-07-31,CUST1679,PROD003,3,0.13,Cash on Delivery,7361,8533.64,22272.8,189.8
ORD07436,2024-10-09,CUST1296,PROD016,1,0.16,UPI,45432,55944.14,46993.08,1561.08
ORD07437,2023-07-01,CUST1848,PROD002,2,0.12,UPI,8668,10626.61,18702.83,1366.83
ORD07438,2023-09-22,CUST0066,PROD023,1,0.14,Cash on Delivery,14296,19537.35,16802.12,2506.12
ORD07439,2025-02-09,CUST0420,PROD098,5,0.15,Credit Card,27372,33118.15,140752.14,3892.14
ORD07440,2025-05-12,CUST1363,PROD030,4,0.21,Debit Card,27284,43374.1,137062.16,27926.16
ORD07441,2024-03-07,CUST0934,PROD010,4,0.23,Credit Card,38184,59151.54,182186.74,29450.74
ORD07442,2024-05-23,CUST0498,PROD065,4,0.29,Cash on Delivery,5346,6687.59,18992.76,-2391.24
ORD07443,2024-03-22,CUST1493,PROD022,2,0.13,Credit Card,46697,58623.16,102004.3,8610.3
ORD07444,2024-06-11,CUST0331,PROD052,2,0.02,UPI,20157,31774.33,62277.69,21963.69
ORD07445,2025-05-24,CUST0768,PROD056,2,0.21,Debit Card,6756,8680.07,13714.51,202.51
ORD07446,2024-10-30,CUST1001,PROD033,4,0.15,UPI,8919,11955.74,40649.52,4973.52
ORD07447,2025-04-26,CUST1663,PROD089,4,0.25,UPI,21871,32055.57,96166.71,8682.71
ORD07448,2023-03-11,CUST1155,PROD086,4,0.04,UPI,12989,16948.26,65081.32,13125.32
ORD07449,2025-03-26,CUST0530,PROD080,5,0.19,UPI,24906,38756.36,156963.26,32433.26
ORD07450,2025-11-04,CUST1743,PROD030,5,0.14,Debit Card,27284,38608.67,166017.28,29597.28
ORD07451,2025-12-19,CUST1625,PROD082,4,0.13,Cash on Delivery,37566,52789.85,183708.68,33444.68
ORD07452,2024-03-21,CUST1462,PROD024,2,0.17,Cash on Delivery,37354,52274.42,86775.54,12067.54
ORD07453,2025-10-22,CUST0243,PROD005,2,0.21,Debit Card,14250,17106.0,27027.48,-1472.52
ORD07454,2023-01-19,CUST1487,PROD053,5,0.26,UPI,45509,68522.85,253534.54,25989.54
ORD07455,2024-07-14,CUST0350,PROD055,5,0.07,Credit Card,44065,62019.33,288389.88,68064.88
ORD07456,2024-04-16,CUST1041,PROD023,4,0.09,Cash on Delivery,14296,16784.7,61096.31,3912.31
ORD07457,2023-01-28,CUST1490,PROD091,4,0.16,UPI,15191,23282.67,78229.77,17465.77
ORD07458,2024-07-13,CUST0735,PROD076,2,0.1,Credit Card,19739,29179.3,52522.74,13044.74
ORD07459,2024-08-30,CUST0882,PROD010,3,0.17,Credit Card,38184,48875.53,121700.07,7148.07
ORD07460,2024-04-02,CUST0363,PROD098,2,0.06,UPI,27372,35001.06,65801.99,11057.99
ORD07461,2025-08-02,CUST1234,PROD033,2,0.09,Debit Card,8919,12282.55,22354.24,4516.24
ORD07462,2025-09-10,CUST1015,PROD080,4,0.1,UPI,24906,28722.95,103402.62,3778.62
ORD07463,2025-05-17,CUST1635,PROD093,3,0.3,Debit Card,48575,73558.55,154472.96,8747.96
ORD07464,2025-10-12,CUST0525,PROD062,3,0.26,Credit Card,42867,67469.25,149781.73,21180.73
ORD07465,2023-01-29,CUST0831,PROD082,4,0.25,Cash on Delivery,37566,50750.58,152251.74,1987.74
ORD07466,2024-10-30,CUST0782,PROD027,1,0.15,Debit Card,33194,46188.07,39259.86,6065.86
ORD07467,2025-04-05,CUST1723,PROD007,4,0.14,Debit Card,3479,5268.61,18124.02,4208.02
ORD07468,2025-03-26,CUST0420,PROD100,5,0.02,Debit Card,41593,53027.73,259835.88,51870.88
ORD07469,2023-10-06,CUST0786,PROD027,3,0.06,Cash on Delivery,33194,45518.23,128361.41,28779.41
ORD07470,2023-10-10,CUST0133,PROD074,4,0.27,UPI,36254,43502.89,127028.44,-17987.56
ORD07471,2025-09-29,CUST0014,PROD010,2,0.16,Credit Card,38184,55972.34,94033.53,17665.53
ORD07472,2023-11-01,CUST1817,PROD075,2,0.3,Credit Card,900,1356.11,1898.55,98.55
ORD07473,2024-11-24,CUST1068,PROD057,2,0.18,Debit Card,43648,51509.33,84475.3,-2820.7
ORD07474,2023-04-19,CUST1401,PROD030,4,0.11,Credit Card,27284,42210.77,150270.34,41134.34
ORD07475,2023-11-20,CUST0295,PROD003,1,0.08,Debit Card,7361,9705.73,8929.27,1568.27
ORD07476,2024-04-02,CUST1420,PROD029,5,0.28,Cash on Delivery,23495,36769.51,132370.24,14895.24
ORD07477,2024-04-26,CUST1128,PROD014,2,0.11,Debit Card,6122,9520.19,16945.94,4701.94
ORD07478,2025-07-10,CUST0445,PROD077,4,0.04,Cash on Delivery,10916,16438.46,63123.69,19459.69
ORD07479,2024-06-03,CUST1086,PROD083,1,0.08,Debit Card,37036,56426.84,51912.69,14876.69
ORD07480,2025-12-12,CUST1589,PROD025,3,0.19,Debit Card,31820,40736.54,98989.79,3529.79
ORD07481,2024-01-26,CUST1845,PROD010,3,0.04,Cash on Delivery,38184,50222.61,144641.12,30089.12
ORD07482,2025-02-09,CUST0412,PROD079,5,0.03,UPI,16940,21310.99,103358.3,18658.3
ORD07483,2025-07-01,CUST1955,PROD092,4,0.14,Cash on Delivery,4811,6300.13,21672.45,2428.45
ORD07484,2023-03-27,CUST0630,PROD049,4,0.03,Debit Card,1602,2247.38,8719.83,2311.83
ORD07485,2024-07-11,CUST0321,PROD038,2,0.12,Credit Card,41219,63428.36,111633.91,29195.91
ORD07486,2025-05-07,CUST1155,PROD071,1,0.1,UPI,43519,60762.64,54686.38,11167.38
ORD07487,2024-10-27,CUST1835,PROD014,5,0.12,Credit Card,6122,8959.6,39422.24,8812.24
ORD07488,2025-04-22,CUST0818,PROD030,1,0.15,UPI,27284,33043.81,28087.24,803.24
ORD07489,2023-10-22,CUST1223,PROD040,5,0.06,Debit Card,34631,54467.83,255998.8,82843.8
ORD07490,2023-09-26,CUST0905,PROD012,4,0.13,UPI,33865,47831.93,166455.12,30995.12
ORD07491,2024-10-06,CUST0036,PROD092,4,0.11,Credit Card,4811,7212.24,25675.57,6431.57
ORD07492,2024-06-18,CUST0791,PROD014,5,0.24,Cash on Delivery,6122,9791.25,37206.75,6596.75
ORD07493,2023-03-29,CUST1240,PROD001,1,0.21,UPI,19397,29810.79,23550.52,4153.52
ORD07494,2025-07-13,CUST0586,PROD068,3,0.26,UPI,30755,42348.59,94013.87,1748.87
ORD07495,2023-04-21,CUST0306,PROD049,3,0.2,Debit Card,1602,2468.07,5923.37,1117.37
ORD07496,2024-08-06,CUST1591,PROD018,2,0.04,Debit Card,34967,50580.34,97114.25,27180.25
ORD07497,2025-02-07,CUST1008,PROD036,2,0.15,UPI,5763,8520.64,14485.09,2959.09
ORD07498,2023-08-26,CUST0893,PROD064,1,0.22,Debit Card,24886,35755.77,27889.5,3003.5
ORD07499,2023-11-30,CUST0012,PROD096,4,0.25,Debit Card,16906,21630.13,64890.39,-2733.61
ORD07500,2023-04-16,CUST0083,PROD028,1,0.05,Cash on Delivery,24730,32161.73,30553.64,5823.64
ORD07501,2024-01-17,CUST1056,PROD092,5,0.07,UPI,4811,6741.43,31347.65,7292.65
ORD07502,2024-11-19,CUST1432,PROD032,3,0.26,Credit Card,17963,27722.91,61544.86,7655.86
ORD07503,2023-09-18,CUST1110,PROD072,2,0.15,Cash on Delivery,16543,22393.34,38068.68,4982.68
ORD07504,2024-10-16,CUST1987,PROD025,1,0.14,Debit Card,31820,44333.39,38126.72,6306.72
ORD07505,2025-03-30,CUST1768,PROD047,1,0.15,Cash on Delivery,47956,63114.58,53647.39,5691.39
ORD07506,2024-12-09,CUST1435,PROD020,5,0.05,UPI,29671,34363.79,163228.0,14873.0
ORD07507,2024-04-20,CUST0957,PROD033,4,0.19,UPI,8919,12839.73,41600.73,5924.73
ORD07508,2025-06-25,CUST1811,PROD030,4,0.24,UPI,27284,38325.05,116508.15,7372.15
ORD07509,2024-07-08,CUST0713,PROD037,3,0.25,Credit Card,49377,78520.06,176670.14,28539.14
ORD07510,2024-10-24,CUST1587,PROD080,2,0.01,Credit Card,24906,34335.04,67983.38,18171.38
ORD07511,2024-07-28,CUST1856,PROD053,4,0.21,Credit Card,45509,63290.57,199998.2,17962.2
ORD07512,2024-10-03,CUST1280,PROD089,4,0.03,Debit Card,21871,27929.66,108367.08,20883.08
ORD07513,2024-04-07,CUST0241,PROD074,4,0.29,UPI,36254,43316.99,123020.25,-21995.75
ORD07514,2025-05-04,CUST1741,PROD069,1,0.14,UPI,21682,31838.02,27380.7,5698.7
ORD07515,2024-08-07,CUST0898,PROD008,4,0.23,Credit Card,24024,36367.22,112011.04,15915.04
ORD07516,2025-07-31,CUST1956,PROD097,5,0.19,Cash on Delivery,10894,16791.62,68006.06,13536.06
ORD07517,2024-09-07,CUST0896,PROD001,3,0.29,Cash on Delivery,19397,25835.3,55029.19,-3161.81
ORD07518,2023-06-07,CUST0907,PROD095,4,0.29,Debit Card,3434,5036.32,14303.15,567.15
ORD07519,2023-09-29,CUST1732,PROD007,2,0.08,Cash on Delivery,3479,4412.11,8118.28,1160.28
ORD07520,2024-10-31,CUST1476,PROD062,1,0.14,Debit Card,42867,54173.43,46589.15,3722.15
ORD07521,2024-09-12,CUST0756,PROD087,5,0.15,Cash on Delivery,1853,2961.24,12585.27,3320.27
ORD07522,2024-06-04,CUST1856,PROD058,3,0.05,Cash on Delivery,29901,45815.74,130574.86,40871.86
ORD07523,2023-02-28,CUST1025,PROD088,1,0.27,Cash on Delivery,27486,34777.92,25387.88,-2098.12
ORD07524,2024-12-04,CUST0601,PROD078,5,0.1,UPI,3912,5261.76,23677.92,4117.92
ORD07525,2024-10-09,CUST0282,PROD087,1,0.03,Credit Card,1853,2602.05,2523.99,670.99
ORD07526,2025-06-09,CUST0651,PROD073,3,0.05,UPI,46032,53205.5,151635.67,13539.67
ORD07527,2024-03-11,CUST0599,PROD008,3,0.15,Credit Card,24024,37998.12,96895.21,24823.21
ORD07528,2023-05-26,CUST1538,PROD064,4,0.26,Cash on Delivery,24886,29837.0,88317.52,-11226.48
ORD07529,2025-05-08,CUST0979,PROD008,2,0.19,Credit Card,24024,36462.61,59069.43,11021.43
ORD07530,2025-09-04,CUST1885,PROD003,4,0.06,UPI,7361,11697.87,43983.99,14539.99
ORD07531,2023-09-02,CUST1704,PROD058,1,0.09,Credit Card,29901,43861.87,39914.3,10013.3
ORD07532,2023-10-28,CUST1143,PROD032,4,0.29,Credit Card,17963,28471.55,80859.2,9007.2
ORD07533,2024-03-13,CUST1012,PROD068,3,0.02,Credit Card,30755,35640.75,104783.8,12518.8
ORD07534,2025-05-17,CUST0900,PROD049,3,0.3,Cash on Delivery,1602,2097.89,4405.57,-400.43
ORD07535,2023-04-10,CUST1529,PROD038,3,0.27,Credit Card,41219,56239.34,123164.15,-492.85
ORD07536,2024-12-25,CUST1104,PROD002,4,0.2,Cash on Delivery,8668,13022.14,41670.85,6998.85
ORD07537,2025-03-24,CUST1647,PROD009,5,0.28,Cash on Delivery,7565,10927.94,39340.58,1515.58
ORD07538,2024-04-24,CUST1701,PROD046,4,0.05,Debit Card,11014,16313.98,61993.12,17937.12
ORD07539,2024-02-19,CUST0894,PROD065,4,0.28,Credit Card,5346,6495.91,18708.22,-2675.78
ORD07540,2023-06-14,CUST0957,PROD049,4,0.06,Cash on Delivery,1602,2451.29,9216.85,2808.85
ORD07541,2025-08-31,CUST0219,PROD075,4,0.16,Credit Card,900,1368.0,4596.48,996.48
ORD07542,2023-03-29,CUST1541,PROD029,3,0.15,Credit Card,23495,35148.77,89629.36,19144.36
ORD07543,2024-07-26,CUST1935,PROD090,2,0.15,UPI,39865,60518.16,102880.87,23150.87
ORD07544,2025-03-24,CUST0727,PROD091,4,0.08,Debit Card,15191,18929.77,69661.55,8897.55
ORD07545,2023-06-28,CUST1009,PROD029,4,0.23,Credit Card,23495,28502.26,87786.96,-6193.04
ORD07546,2023-06-12,CUST1731,PROD033,2,0.22,Credit Card,8919,13849.22,21604.78,3766.78
ORD07547,2024-08-15,CUST1490,PROD028,4,0.29,Cash on Delivery,24730,39089.59,111014.44,12094.44
ORD07548,2025-10-02,CUST1818,PROD095,2,0.15,Cash on Delivery,3434,4604.72,7828.02,960.02
ORD07549,2023-10-28,CUST0518,PROD083,3,0.16,UPI,37036,50041.19,126103.8,14995.8
ORD07550,2024-01-09,CUST1915,PROD026,5,0.27,Debit Card,1165,1728.21,6307.97,482.97
ORD07551,2024-12-08,CUST0812,PROD029,4,0.28,Debit Card,23495,32252.75,92887.92,-1092.08
ORD07552,2023-07-22,CUST0502,PROD011,5,0.19,Debit Card,23684,30578.41,123842.56,5422.56
ORD07553,2023-02-16,CUST0058,PROD096,4,0.25,Credit Card,16906,20888.09,62664.27,-4959.73
ORD07554,2024-04-07,CUST1361,PROD085,1,0.15,Debit Card,21717,25195.91,21416.52,-300.48
ORD07555,2024-02-12,CUST1534,PROD034,1,0.12,UPI,48452,68533.63,60309.59,11857.59
ORD07556,2024-03-02,CUST0814,PROD086,3,0.26,UPI,12989,15768.25,35005.52,-3961.48
ORD07557,2025-07-18,CUST0614,PROD048,5,0.23,Credit Card,7733,11879.88,45737.54,7072.54
ORD07558,2023-11-13,CUST0426,PROD027,5,0.07,Credit Card,33194,52854.5,245773.42,79803.42
ORD07559,2024-02-25,CUST1584,PROD072,2,0.01,Credit Card,16543,22432.03,44415.42,11329.42
ORD07560,2023-09-20,CUST1394,PROD040,2,0.17,Cash on Delivery,34631,41626.69,69100.31,-161.69
ORD07561,2023-06-15,CUST1435,PROD031,4,0.25,Credit Card,15105,21333.67,64001.01,3581.01
ORD07562,2024-03-03,CUST1812,PROD065,2,0.07,UPI,5346,7528.48,14002.97,3310.97
ORD07563,2024-02-01,CUST1990,PROD039,2,0.23,Credit Card,46187,55886.69,86065.5,-6308.5
ORD07564,2025-03-06,CUST0883,PROD098,5,0.12,Cash on Delivery,27372,39446.3,173563.72,36703.72
ORD07565,2023-04-17,CUST1699,PROD024,1,0.1,Credit Card,37354,48269.9,43442.91,6088.91
ORD07566,2023-04-08,CUST1868,PROD092,5,0.05,Cash on Delivery,4811,7363.1,34974.72,10919.72
ORD07567,2023-02-12,CUST0432,PROD068,2,0.28,Cash on Delivery,30755,43504.89,62647.04,1137.04
ORD07568,2023-08-30,CUST1987,PROD082,4,0.07,Cash on Delivery,37566,50519.81,187933.69,37669.69
ORD07569,2023-04-05,CUST1220,PROD093,1,0.08,Credit Card,48575,76918.18,70764.73,22189.73
ORD07570,2023-07-07,CUST1401,PROD023,2,0.1,Credit Card,14296,19600.54,35280.97,6688.97
ORD07571,2024-01-20,CUST0948,PROD061,2,0.09,UPI,13164,20394.75,37118.44,10790.44
ORD07572,2025-03-29,CUST1389,PROD027,4,0.05,Debit Card,33194,42121.18,160060.48,27284.48
ORD07573,2023-03-28,CUST1860,PROD016,4,0.11,Credit Card,45432,61278.63,218151.92,36423.92
ORD07574,2024-05-03,CUST1668,PROD045,2,0.14,UPI,45004,53453.49,91940.0,1932.0
ORD07575,2023-08-14,CUST0935,PROD027,2,0.17,Debit Card,33194,44487.96,73850.01,7462.01
ORD07576,2023-12-11,CUST0405,PROD073,5,0.05,UPI,46032,71465.68,339461.98,109301.98
ORD07577,2024-06-01,CUST0492,PROD005,3,0.23,Debit Card,14250,21706.43,50141.85,7391.85
ORD07578,2025-11-20,CUST0066,PROD059,4,0.09,UPI,42048,66817.12,243214.32,75022.32
ORD07579,2023-10-23,CUST0912,PROD072,4,0.28,Credit Card,16543,24605.73,70864.5,4692.5
ORD07580,2024-02-18,CUST0391,PROD082,5,0.1,Debit Card,37566,47790.33,215056.48,27226.48
ORD07581,2023-05-15,CUST0083,PROD035,1,0.26,Cash on Delivery,34337,41972.66,31059.77,-3277.23
ORD07582,2024-06-08,CUST1003,PROD070,1,0.11,UPI,39873,49074.99,43676.74,3803.74
ORD07583,2025-10-05,CUST0481,PROD087,1,0.15,Credit Card,1853,2682.44,2280.07,427.07
ORD07584,2023-01-04,CUST0777,PROD046,4,0.11,Credit Card,11014,14560.63,51835.84,7779.84
ORD07585,2023-06-27,CUST1253,PROD090,3,0.12,Debit Card,39865,53272.27,140638.79,21043.79
ORD07586,2025-01-15,CUST0785,PROD056,3,0.19,UPI,6756,10385.72,25237.3,4969.3
ORD07587,2023-09-16,CUST1755,PROD024,5,0.21,Credit Card,37354,55171.83,217928.73,31158.73
ORD07588,2024-10-13,CUST1249,PROD010,1,0.26,Cash on Delivery,38184,47507.51,35155.56,-3028.44
ORD07589,2025-12-24,CUST1137,PROD079,1,0.17,UPI,16940,20785.31,17251.81,311.81
ORD07590,2025-11-06,CUST0652,PROD038,2,0.07,Credit Card,41219,62647.51,116524.37,34086.37
ORD07591,2024-06-27,CUST1209,PROD084,5,0.3,Credit Card,6252,9872.68,34554.38,3294.38
ORD07592,2024-03-10,CUST1536,PROD093,5,0.21,Cash on Delivery,48575,59908.23,236637.51,-6237.49
ORD07593,2023-10-17,CUST1197,PROD070,4,0.11,Credit Card,39873,62931.26,224035.29,64543.29
ORD07594,2025-03-13,CUST1912,PROD048,4,0.29,Debit Card,7733,10388.37,29502.97,-1429.03
ORD07595,2024-04-27,CUST0523,PROD009,5,0.29,UPI,7565,11782.84,41829.08,4004.08
ORD07596,2023-08-22,CUST1933,PROD050,3,0.02,Debit Card,1097,1632.21,4798.7,1507.7
ORD07597,2024-02-12,CUST1695,PROD069,5,0.01,Debit Card,21682,33765.37,167138.58,58728.58
ORD07598,2024-11-24,CUST0205,PROD048,3,0.01,Cash on Delivery,7733,11137.97,33079.77,9880.77
ORD07599,2024-07-15,CUST0742,PROD039,4,0.21,Debit Card,46187,56378.37,178155.65,-6592.35
ORD07600,2024-03-05,CUST1562,PROD083,5,0.21,Debit Card,37036,43597.47,172210.01,-12969.99
ORD07601,2024-03-07,CUST0319,PROD005,3,0.22,Debit Card,14250,20408.86,47756.73,5006.73
ORD07602,2024-05-11,CUST1183,PROD084,2,0.19,Credit Card,6252,7353.98,11913.45,-590.55
ORD07603,2025-09-09,CUST0278,PROD011,2,0.09,Cash on Delivery,23684,29751.7,54148.09,6780.09
ORD07604,2025-09-23,CUST0902,PROD060,5,0.05,Credit Card,7054,8766.74,41642.01,6372.01
ORD07605,2025-06-15,CUST0148,PROD027,1,0.28,Credit Card,33194,44552.88,32078.07,-1115.93
ORD07606,2025-04-06,CUST0778,PROD093,5,0.27,Debit Card,48575,68919.24,251555.23,8680.23
ORD07607,2025-02-16,CUST1107,PROD007,4,0.07,Credit Card,3479,5427.32,20189.63,6273.63
ORD07608,2023-08-11,CUST0419,PROD060,4,0.05,Credit Card,7054,11083.85,42118.63,13902.63
ORD07609,2024-04-12,CUST0538,PROD050,2,0.11,Credit Card,1097,1746.5,3108.77,914.77
ORD07610,2024-07-22,CUST1607,PROD067,3,0.01,Debit Card,26070,38941.29,115655.63,37445.63
ORD07611,2024-01-10,CUST1573,PROD069,2,0.05,UPI,21682,33923.3,64454.27,21090.27
ORD07612,2024-06-10,CUST0392,PROD055,3,0.11,UPI,44065,66352.26,177160.53,44965.53
ORD07613,2024-02-16,CUST1157,PROD077,5,0.07,Credit Card,10916,17026.46,79173.04,24593.04
ORD07614,2023-09-26,CUST0940,PROD016,1,0.22,Debit Card,45432,54376.6,42413.75,-3018.25
ORD07615,2024-09-17,CUST1662,PROD012,4,0.27,Cash on Delivery,33865,53598.43,156507.42,21047.42
ORD07616,2025-10-08,CUST1651,PROD027,5,0.27,UPI,33194,41676.84,152120.47,-13849.53
ORD07617,2024-03-25,CUST1628,PROD033,2,0.18,Credit Card,8919,12538.43,20563.03,2725.03
ORD07618,2025-03-12,CUST0242,PROD079,5,0.21,Debit Card,16940,23420.78,92512.08,7812.08
ORD07619,2025-04-01,CUST1475,PROD085,1,0.15,UPI,21717,30490.84,25917.21,4200.21
ORD07620,2023-09-12,CUST0999,PROD081,3,0.04,UPI,2375,3481.54,10026.84,2901.84
ORD07621,2023-05-06,CUST1224,PROD055,1,0.19,Debit Card,44065,61374.56,49713.39,5648.39
ORD07622,2025-01-31,CUST1743,PROD052,2,0.1,UPI,20157,29427.94,52970.29,12656.29
ORD07623,2025-03-09,CUST1141,PROD037,1,0.0,Credit Card,49377,68657.48,68657.48,19280.48
ORD07624,2024-07-18,CUST1243,PROD015,4,0.17,Credit Card,18761,21676.82,71967.04,-3076.96
ORD07625,2024-03-31,CUST1329,PROD084,1,0.06,Debit Card,6252,8954.83,8417.54,2165.54
ORD07626,2025-12-26,CUST0243,PROD083,5,0.27,Debit Card,37036,51844.5,189232.42,4052.42
ORD07627,2025-12-25,CUST1316,PROD065,3,0.28,Cash on Delivery,5346,7557.27,16323.7,285.7
ORD07628,2025-06-30,CUST0976,PROD068,4,0.05,Cash on Delivery,30755,35389.85,134481.43,11461.43
ORD07629,2025-05-11,CUST1818,PROD003,4,0.01,Credit Card,7361,10017.85,39670.69,10226.69
ORD07630,2024-09-08,CUST1325,PROD072,4,0.0,Debit Card,16543,25538.09,102152.36,35980.36
ORD07631,2024-02-04,CUST1853,PROD005,2,0.27,Cash on Delivery,14250,18520.01,27039.21,-1460.79
ORD07632,2023-10-14,CUST0684,PROD009,2,0.05,Cash on Delivery,7565,10214.24,19407.06,4277.06
ORD07633,2023-07-05,CUST1412,PROD001,5,0.13,UPI,19397,23375.32,101682.64,4697.64
ORD07634,2023-10-11,CUST0588,PROD030,3,0.02,UPI,27284,36904.49,108499.2,26647.2
ORD07635,2024-10-11,CUST1233,PROD071,1,0.11,Cash on Delivery,43519,57797.6,51439.86,7920.86
ORD07636,2024-11-21,CUST1338,PROD086,5,0.24,UPI,12989,20098.77,76375.33,11430.33
ORD07637,2023-08-25,CUST0617,PROD020,2,0.12,Cash on Delivery,29671,34594.85,60886.94,1544.94
ORD07638,2025-11-07,CUST0026,PROD093,5,0.23,UPI,48575,76653.65,295116.55,52241.55
ORD07639,2025-03-25,CUST0863,PROD027,3,0.21,Debit Card,33194,46783.01,110875.73,11293.73
ORD07640,2025-07-16,CUST0079,PROD089,5,0.16,UPI,21871,30364.29,127530.02,18175.02
ORD07641,2024-02-18,CUST1012,PROD099,4,0.22,Debit Card,42208,65371.37,203958.67,35126.67
ORD07642,2023-01-09,CUST0128,PROD091,1,0.26,Credit Card,15191,18775.38,13893.78,-1297.22
ORD07643,2024-02-24,CUST0413,PROD063,2,0.24,UPI,48779,60683.81,92239.39,-5318.61
ORD07644,2023-01-29,CUST0137,PROD075,2,0.21,Debit Card,900,1389.14,2194.84,394.84
ORD07645,2023-12-14,CUST1358,PROD081,3,0.21,Cash on Delivery,2375,3724.59,8827.28,1702.28
ORD07646,2024-10-22,CUST0548,PROD031,3,0.05,Credit Card,15105,23065.56,65736.85,20421.85
ORD07647,2024-07-29,CUST0388,PROD082,3,0.29,UPI,37566,43898.47,93503.74,-19194.26
ORD07648,2024-03-25,CUST0571,PROD019,2,0.06,Cash on Delivery,26105,37680.77,70839.85,18629.85
ORD07649,2024-01-15,CUST1254,PROD093,4,0.1,Cash on Delivery,48575,65722.55,236601.18,42301.18
ORD07650,2024-11-29,CUST1016,PROD079,1,0.16,UPI,16940,25639.05,21536.8,4596.8
ORD07651,2024-01-01,CUST0421,PROD062,3,0.04,UPI,42867,52347.48,150760.74,22159.74
ORD07652,2024-02-16,CUST1148,PROD007,2,0.18,Debit Card,3479,5441.68,8924.36,1966.36
ORD07653,2025-08-08,CUST1112,PROD037,4,0.05,Debit Card,49377,64236.04,244096.95,46588.95
ORD07654,2023-12-22,CUST1873,PROD071,3,0.28,Credit Card,43519,56376.83,121773.95,-8783.05
ORD07655,2023-09-11,CUST0141,PROD086,3,0.27,UPI,12989,15980.27,34996.79,-3970.21
ORD07656,2024-12-27,CUST1940,PROD076,1,0.16,Credit Card,19739,22761.59,19119.74,-619.26
ORD07657,2024-11-11,CUST1809,PROD008,1,0.13,Debit Card,24024,31008.6,26977.48,2953.48
ORD07658,2025-12-05,CUST0051,PROD057,5,0.03,UPI,43648,53108.52,257576.32,39336.32
ORD07659,2025-12-08,CUST0987,PROD082,3,0.25,Cash on Delivery,37566,55678.93,125277.59,12579.59
ORD07660,2025-03-20,CUST1591,PROD028,5,0.11,Credit Card,24730,36859.74,164025.84,40375.84
ORD07661,2024-04-17,CUST0929,PROD082,2,0.07,UPI,37566,57196.85,106386.14,31254.14
ORD07662,2024-02-20,CUST1429,PROD095,1,0.3,Cash on Delivery,3434,3957.51,2770.26,-663.74
ORD07663,2025-09-05,CUST1361,PROD017,4,0.2,Debit Card,28919,37830.9,121058.88,5382.88
ORD07664,2024-08-22,CUST0662,PROD087,3,0.02,Cash on Delivery,1853,2135.79,6279.22,720.22
ORD07665,2025-10-23,CUST1689,PROD011,3,0.24,Credit Card,23684,32647.73,74436.82,3384.82
ORD07666,2024-04-04,CUST1987,PROD015,5,0.23,UPI,18761,29249.4,112610.19,18805.19
ORD07667,2023-03-20,CUST1755,PROD030,1,0.12,Cash on Delivery,27284,36384.6,32018.45,4734.45
ORD07668,2025-02-13,CUST1755,PROD095,5,0.04,UPI,3434,5299.17,25436.02,8266.02
ORD07669,2025-12-30,CUST0366,PROD006,3,0.15,Cash on Delivery,17488,27568.27,70299.09,17835.09
ORD07670,2025-06-14,CUST0908,PROD012,1,0.23,UPI,33865,42569.66,32778.64,-1086.36
ORD07671,2023-02-27,CUST1935,PROD087,3,0.02,Credit Card,1853,2139.42,6289.89,730.89
ORD07672,2024-09-15,CUST0998,PROD061,1,0.05,Debit Card,13164,19519.66,18543.68,5379.68
ORD07673,2023-02-17,CUST0854,PROD036,3,0.19,Debit Card,5763,8129.03,19753.54,2464.54
ORD07674,2025-04-18,CUST0258,PROD035,4,0.17,Cash on Delivery,34337,44851.57,148907.21,11559.21
ORD07675,2023-06-14,CUST1412,PROD067,5,0.27,Credit Card,26070,34293.04,125169.6,-5180.4
ORD07676,2023-11-26,CUST0045,PROD092,1,0.24,UPI,4811,5707.96,4338.05,-472.95
ORD07677,2023-08-01,CUST0269,PROD079,5,0.28,Credit Card,16940,26121.15,94036.14,9336.14
ORD07678,2024-05-21,CUST1335,PROD077,1,0.14,Credit Card,10916,13742.47,11818.52,902.52
ORD07679,2025-07-04,CUST0672,PROD063,1,0.24,Cash on Delivery,48779,58227.35,44252.79,-4526.21
ORD07680,2025-03-11,CUST1019,PROD083,1,0.01,Debit Card,37036,55583.27,55027.44,17991.44
ORD07681,2023-06-17,CUST1302,PROD040,3,0.09,Credit Card,34631,47385.03,129361.13,25468.13
ORD07682,2025-09-21,CUST0857,PROD082,2,0.19,Cash on Delivery,37566,56097.44,90877.85,15745.85
ORD07683,2025-04-09,CUST1499,PROD031,3,0.23,UPI,15105,23501.02,54287.36,8972.36
ORD07684,2025-09-22,CUST1591,PROD037,2,0.17,Debit Card,49377,65274.28,108355.3,9601.3
ORD07685,2025-09-13,CUST0145,PROD085,3,0.14,Debit Card,21717,25506.88,65807.75,656.75
ORD07686,2025-02-25,CUST1990,PROD005,2,0.07,UPI,14250,18011.4,33501.2,5001.2
ORD07687,2024-03-02,CUST0235,PROD081,1,0.05,Credit Card,2375,2785.83,2646.54,271.54
ORD07688,2025-10-12,CUST0691,PROD083,1,0.26,Debit Card,37036,45077.24,33357.16,-3678.84
ORD07689,2025-10-30,CUST0720,PROD004,2,0.04,Credit Card,42258,64740.36,124301.49,39785.49
ORD07690,2025-02-11,CUST1160,PROD026,2,0.13,Cash on Delivery,1165,1833.29,3189.92,859.92
ORD07691,2025-12-17,CUST1469,PROD024,5,0.27,UPI,37354,54335.53,198324.68,11554.68
ORD07692,2024-12-17,CUST0353,PROD039,1,0.04,Debit Card,46187,68325.35,65592.34,19405.34
ORD07693,2023-03-27,CUST1418,PROD056,3,0.04,UPI,6756,9993.26,28780.59,8512.59
ORD07694,2023-04-14,CUST0994,PROD054,5,0.21,Debit Card,39049,47073.96,185942.14,-9302.86
ORD07695,2023-05-23,CUST0275,PROD038,2,0.1,UPI,41219,48275.72,86896.3,4458.3
ORD07696,2023-07-24,CUST1408,PROD054,3,0.13,Cash on Delivery,39049,57178.66,149236.3,32089.3
ORD07697,2024-10-02,CUST0910,PROD019,4,0.19,Cash on Delivery,26105,30460.29,98691.34,-5728.66
ORD07698,2025-11-27,CUST1347,PROD094,4,0.11,Credit Card,11294,17113.68,60924.7,15748.7
ORD07699,2025-12-11,CUST1207,PROD026,4,0.24,Cash on Delivery,1165,1649.65,5014.94,354.94
ORD07700,2023-01-01,CUST1597,PROD052,3,0.29,UPI,20157,24210.16,51567.64,-8903.36
ORD07701,2023-01-11,CUST0440,PROD075,2,0.28,UPI,900,1302.01,1874.89,74.89
ORD07702,2025-01-16,CUST1087,PROD061,3,0.16,Cash on Delivery,13164,18730.24,47200.2,7708.2
ORD07703,2025-08-13,CUST1897,PROD067,5,0.11,UPI,26070,34395.18,153058.55,22708.55
ORD07704,2025-01-24,CUST1751,PROD022,5,0.13,UPI,46697,70884.83,308349.01,74864.01
ORD07705,2024-06-01,CUST0872,PROD017,4,0.1,UPI,28919,37220.89,133995.2,18319.2
ORD07706,2025-10-28,CUST0651,PROD011,2,0.13,Credit Card,23684,31264.29,54399.86,7031.86
ORD07707,2023-01-05,CUST0943,PROD039,5,0.0,Credit Card,46187,67593.77,337968.85,107033.85
ORD07708,2024-11-24,CUST1670,PROD061,1,0.02,Debit Card,13164,19593.48,19201.61,6037.61
ORD07709,2023-04-22,CUST0034,PROD091,1,0.23,UPI,15191,19339.7,14891.57,-299.43
ORD07710,2025-09-30,CUST0705,PROD049,4,0.1,Credit Card,1602,1854.4,6675.84,267.84
ORD07711,2023-09-30,CUST0867,PROD093,4,0.24,Cash on Delivery,48575,59715.03,181533.69,-12766.31
ORD07712,2024-02-26,CUST0985,PROD061,4,0.14,UPI,13164,16697.72,57440.16,4784.16
ORD07713,2023-09-22,CUST0832,PROD012,5,0.24,UPI,33865,52736.38,200398.24,31073.24
ORD07714,2023-07-31,CUST1501,PROD013,2,0.2,Debit Card,24204,37567.63,60108.21,11700.21
ORD07715,2025-02-20,CUST1111,PROD058,4,0.06,Cash on Delivery,29901,43276.13,162718.25,43114.25
ORD07716,2024-10-27,CUST1234,PROD011,3,0.13,Cash on Delivery,23684,34796.39,90818.58,19766.58
ORD07717,2024-01-04,CUST0462,PROD064,4,0.21,UPI,24886,35576.12,112420.54,12876.54
ORD07718,2025-08-15,CUST0081,PROD031,5,0.1,Credit Card,15105,22667.07,102001.82,26476.82
ORD07719,2023-12-13,CUST0322,PROD011,2,0.06,Debit Card,23684,30979.62,58241.69,10873.69
ORD07720,2023-01-25,CUST0415,PROD043,4,0.16,Debit Card,1019,1422.54,4779.73,703.73
ORD07721,2025-09-02,CUST1875,PROD036,1,0.08,Debit Card,5763,8366.7,7697.36,1934.36
ORD07722,2024-02-21,CUST0992,PROD002,4,0.18,UPI,8668,11795.35,38688.75,4016.75
ORD07723,2024-05-29,CUST0190,PROD087,4,0.08,Debit Card,1853,2775.24,10212.88,2800.88
ORD07724,2023-08-03,CUST1974,PROD061,2,0.27,Credit Card,13164,20663.06,30168.07,3840.07
ORD07725,2025-08-11,CUST1884,PROD036,3,0.1,Cash on Delivery,5763,8348.92,22542.08,5253.08
ORD07726,2025-07-02,CUST1257,PROD078,4,0.27,Credit Card,3912,4630.25,13520.33,-2127.67
ORD07727,2024-03-03,CUST0392,PROD049,4,0.08,Debit Card,1602,2282.22,8398.57,1990.57
ORD07728,2025-01-02,CUST1962,PROD027,5,0.18,Cash on Delivery,33194,48574.17,199154.1,33184.1
ORD07729,2024-11-29,CUST1193,PROD012,2,0.04,Debit Card,33865,43261.29,83061.68,15331.68
ORD07730,2023-08-04,CUST1467,PROD058,5,0.23,Debit Card,29901,38715.68,149055.37,-449.63
ORD07731,2024-02-17,CUST1787,PROD093,4,0.06,UPI,48575,68875.6,258972.26,64672.26
ORD07732,2024-01-15,CUST0168,PROD006,4,0.26,Cash on Delivery,17488,25675.9,76000.66,6048.66
ORD07733,2023-08-20,CUST1255,PROD044,1,0.14,Debit Card,31606,48740.99,41917.25,10311.25
ORD07734,2025-04-14,CUST1174,PROD047,5,0.03,Debit Card,47956,71604.78,347283.18,107503.18
ORD07735,2023-09-15,CUST0664,PROD023,2,0.11,UPI,14296,17302.26,30798.02,2206.02
ORD07736,2024-02-07,CUST1574,PROD074,4,0.23,Cash on Delivery,36254,47370.97,145902.59,886.59
ORD07737,2024-02-28,CUST1410,PROD098,1,0.02,Debit Card,27372,33310.21,32644.01,5272.01
ORD07738,2025-02-08,CUST0381,PROD076,1,0.19,Debit Card,19739,29423.42,23832.97,4093.97
ORD07739,2023-03-06,CUST1833,PROD096,3,0.15,Credit Card,16906,21468.96,54745.85,4027.85
ORD07740,2023-07-09,CUST1299,PROD026,2,0.09,Credit Card,1165,1404.5,2556.19,226.19
ORD07741,2025-08-07,CUST1641,PROD007,1,0.23,Credit Card,3479,4151.5,3196.66,-282.34
ORD07742,2023-06-22,CUST0898,PROD032,2,0.02,UPI,17963,21582.96,42302.6,6376.6
ORD07743,2025-01-28,CUST1884,PROD033,4,0.15,Credit Card,8919,11248.67,38245.48,2569.48
ORD07744,2024-09-19,CUST0864,PROD082,3,0.15,Credit Card,37566,56426.37,143887.24,31189.24
ORD07745,2024-07-14,CUST0062,PROD099,2,0.03,Debit Card,42208,53054.51,102925.75,18509.75
ORD07746,2025-09-27,CUST1491,PROD020,3,0.04,UPI,29671,37878.42,109089.85,20076.85
ORD07747,2024-02-05,CUST0528,PROD095,2,0.12,Cash on Delivery,3434,5310.04,9345.67,2477.67
ORD07748,2024-09-29,CUST0862,PROD069,2,0.16,Debit Card,21682,29249.92,49139.87,5775.87
ORD07749,2025-08-06,CUST0150,PROD096,5,0.02,Debit Card,16906,23312.91,114233.26,29703.26
ORD07750,2023-08-01,CUST1166,PROD052,3,0.0,UPI,20157,23205.24,69615.72,9144.72
ORD07751,2023-02-22,CUST0116,PROD042,2,0.06,UPI,35023,41570.49,78152.52,8106.52
ORD07752,2024-09-15,CUST0824,PROD083,5,0.15,Debit Card,37036,54934.33,233470.9,48290.9
ORD07753,2025-01-21,CUST0065,PROD001,5,0.01,Debit Card,19397,25217.23,124825.29,27840.29
ORD07754,2024-10-23,CUST1453,PROD063,3,0.22,Debit Card,48779,59378.3,138945.22,-7391.78
ORD07755,2023-05-19,CUST0310,PROD007,4,0.05,UPI,3479,4672.17,17754.25,3838.25
ORD07756,2024-02-22,CUST0706,PROD058,3,0.23,Debit Card,29901,34992.96,80833.74,-8869.26
ORD07757,2023-05-23,CUST0854,PROD086,2,0.06,Debit Card,12989,19083.69,35877.34,9899.34
ORD07758,2024-05-23,CUST1454,PROD050,4,0.1,Cash on Delivery,1097,1301.14,4684.1,296.1
ORD07759,2024-10-11,CUST1024,PROD034,3,0.14,Credit Card,48452,56916.25,146843.92,1487.92
ORD07760,2024-04-30,CUST1185,PROD051,3,0.1,Credit Card,47215,63214.53,170679.23,29034.23
ORD07761,2025-09-18,CUST1999,PROD010,3,0.01,Credit Card,38184,53999.18,160377.56,45825.56
ORD07762,2024-06-26,CUST0306,PROD026,3,0.27,Credit Card,1165,1740.22,3811.08,316.08
ORD07763,2023-10-20,CUST1385,PROD032,4,0.09,Credit Card,17963,21231.05,77281.02,5429.02
ORD07764,2024-11-01,CUST1302,PROD042,2,0.04,Debit Card,35023,45553.33,87462.39,17416.39
ORD07765,2025-04-17,CUST1320,PROD091,5,0.04,Debit Card,15191,19305.55,92666.64,16711.64
ORD07766,2025-11-03,CUST1575,PROD062,3,0.29,Cash on Delivery,42867,63644.26,135562.27,6961.27
ORD07767,2024-09-25,CUST0873,PROD012,5,0.04,UPI,33865,44574.52,213957.7,44632.7
ORD07768,2023-09-29,CUST0169,PROD040,5,0.1,Cash on Delivery,34631,49610.09,223245.4,50090.4
ORD07769,2025-11-14,CUST1483,PROD087,5,0.02,UPI,1853,2539.02,12441.2,3176.2
ORD07770,2023-11-18,CUST1604,PROD078,3,0.22,UPI,3912,5501.63,12873.81,1137.81
ORD07771,2025-03-16,CUST1031,PROD034,3,0.18,Cash on Delivery,48452,63691.72,156681.63,11325.63
ORD07772,2025-06-01,CUST1621,PROD081,3,0.16,Debit Card,2375,2986.96,7527.14,402.14
ORD07773,2025-11-29,CUST1735,PROD070,3,0.26,Cash on Delivery,39873,46925.86,104175.41,-15443.59
ORD07774,2023-08-23,CUST1156,PROD027,1,0.17,Credit Card,33194,40764.26,33834.34,640.34
ORD07775,2025-04-11,CUST0588,PROD008,2,0.29,Cash on Delivery,24024,29493.55,41880.84,-6167.16
ORD07776,2023-05-24,CUST0762,PROD097,1,0.19,Debit Card,10894,17110.97,13859.89,2965.89
ORD07777,2024-08-11,CUST0347,PROD099,4,0.11,Debit Card,42208,66343.43,236182.61,67350.61
ORD07778,2023-08-17,CUST0955,PROD047,1,0.01,UPI,47956,60669.64,60062.94,12106.94
ORD07779,2023-10-01,CUST1745,PROD081,1,0.22,UPI,2375,2844.15,2218.44,-156.56
ORD07780,2024-08-12,CUST1620,PROD026,1,0.11,Cash on Delivery,1165,1487.44,1323.82,158.82
ORD07781,2024-10-14,CUST0735,PROD057,2,0.18,UPI,43648,65838.7,107975.47,20679.47
ORD07782,2024-08-05,CUST1277,PROD007,5,0.26,Cash on Delivery,3479,5364.08,19847.1,2452.1
ORD07783,2025-08-25,CUST0410,PROD088,4,0.0,UPI,27486,37806.88,151227.52,41283.52
ORD07784,2024-01-07,CUST0543,PROD089,4,0.23,Debit Card,21871,30467.47,93839.81,6355.81
ORD07785,2025-03-29,CUST0355,PROD099,2,0.13,UPI,42208,57251.63,99617.84,15201.84
ORD07786,2024-07-25,CUST0713,PROD026,1,0.04,Credit Card,1165,1435.59,1378.17,213.17
ORD07787,2024-06-28,CUST1989,PROD059,5,0.17,Debit Card,42048,49297.0,204582.55,-5657.45
ORD07788,2023-05-07,CUST1588,PROD069,3,0.16,Credit Card,21682,30997.21,78112.97,13066.97
ORD07789,2025-01-02,CUST1392,PROD047,2,0.25,Debit Card,47956,72386.15,108579.22,12667.22
ORD07790,2024-02-21,CUST0584,PROD035,5,0.16,Cash on Delivery,34337,51066.2,214478.04,42793.04
ORD07791,2024-09-29,CUST0511,PROD030,2,0.25,Debit Card,27284,42430.25,63645.38,9077.38
ORD07792,2023-02-10,CUST0533,PROD050,2,0.16,UPI,1097,1663.21,2794.19,600.19
ORD07793,2025-02-25,CUST0528,PROD089,3,0.13,Credit Card,21871,27981.96,73032.92,7419.92
ORD07794,2023-10-24,CUST0947,PROD024,5,0.11,Debit Card,37354,44920.66,199896.94,13126.94
ORD07795,2023-02-11,CUST1552,PROD030,1,0.05,Cash on Delivery,27284,36665.06,34831.81,7547.81
ORD07796,2024-09-23,CUST1426,PROD084,5,0.18,Credit Card,6252,8169.73,33495.89,2235.89
ORD07797,2023-02-02,CUST1199,PROD054,5,0.16,Debit Card,39049,57709.04,242377.97,47132.97
ORD07798,2024-10-26,CUST0824,PROD067,1,0.29,Cash on Delivery,26070,30777.93,21852.33,-4217.67
ORD07799,2024-09-07,CUST1948,PROD032,3,0.12,Debit Card,17963,28280.13,74659.54,20770.54
ORD07800,2025-08-05,CUST1874,PROD008,5,0.13,Debit Card,24024,37975.35,165192.77,45072.77
ORD07801,2023-06-09,CUST0078,PROD050,1,0.05,Credit Card,1097,1305.16,1239.9,142.9
ORD07802,2024-04-02,CUST0440,PROD047,2,0.18,Debit Card,47956,64514.42,105803.65,9891.65
ORD07803,2024-02-03,CUST1776,PROD087,2,0.25,Credit Card,1853,2880.7,4321.05,615.05
ORD07804,2024-08-03,CUST0549,PROD046,1,0.07,Credit Card,11014,13594.32,12642.72,1628.72
ORD07805,2023-08-08,CUST1256,PROD080,2,0.0,UPI,24906,36400.03,72800.06,22988.06
ORD07806,2024-01-14,CUST0400,PROD035,5,0.21,Credit Card,34337,50476.98,199384.07,27699.07
ORD07807,2025-07-18,CUST1237,PROD061,1,0.01,Debit Card,13164,16522.38,16357.16,3193.16
ORD07808,2025-08-21,CUST1217,PROD089,5,0.12,Debit Card,21871,25212.34,110934.3,1579.3
ORD07809,2023-08-21,CUST1596,PROD079,4,0.18,Debit Card,16940,24546.25,80511.7,12751.7
ORD07810,2025-07-10,CUST0701,PROD051,3,0.12,Debit Card,47215,67411.95,177967.55,36322.55
ORD07811,2023-08-22,CUST1291,PROD063,3,0.08,Credit Card,48779,70357.32,194186.2,47849.2
ORD07812,2024-12-26,CUST0126,PROD008,3,0.24,UPI,24024,29318.88,66847.05,-5224.95
ORD07813,2024-01-02,CUST1739,PROD034,1,0.09,Credit Card,48452,68883.26,62683.77,14231.77
ORD07814,2024-04-25,CUST0834,PROD025,4,0.05,Debit Card,31820,44349.24,168527.11,41247.11
ORD07815,2024-08-12,CUST1406,PROD044,3,0.12,Credit Card,31606,42783.46,112948.33,18130.33
ORD07816,2023-08-04,CUST0544,PROD083,5,0.04,UPI,37036,55539.75,266590.8,81410.8
ORD07817,2024-12-25,CUST0502,PROD043,3,0.21,Cash on Delivery,1019,1349.9,3199.26,142.26
ORD07818,2024-12-12,CUST1427,PROD050,4,0.21,UPI,1097,1435.94,4537.57,149.57
ORD07819,2025-09-11,CUST0824,PROD013,5,0.0,UPI,24204,33727.12,168635.6,47615.6
ORD07820,2024-01-26,CUST1285,PROD046,5,0.21,Cash on Delivery,11014,17345.8,68515.91,13445.91
ORD07821,2025-12-06,CUST0387,PROD076,1,0.09,UPI,19739,25757.73,23439.53,3700.53
ORD07822,2024-01-27,CUST0412,PROD079,1,0.2,UPI,16940,22875.75,18300.6,1360.6
ORD07823,2024-12-18,CUST1370,PROD087,2,0.21,Credit Card,1853,2353.02,3717.77,11.77
ORD07824,2024-01-20,CUST1118,PROD053,4,0.08,UPI,45509,66253.17,243811.67,61775.67
ORD07825,2024-01-16,CUST0328,PROD063,5,0.06,UPI,48779,64087.72,301212.28,57317.28
ORD07826,2024-08-26,CUST0100,PROD002,4,0.25,Debit Card,8668,12670.13,38010.39,3338.39
ORD07827,2025-07-22,CUST1821,PROD040,3,0.22,UPI,34631,42096.39,98505.55,-5387.45
ORD07828,2024-02-03,CUST0461,PROD023,3,0.25,Credit Card,14296,18137.25,40808.81,-2079.19
ORD07829,2023-04-10,CUST1339,PROD059,2,0.13,Cash on Delivery,42048,52258.85,90930.4,6834.4
ORD07830,2024-01-18,CUST0025,PROD069,5,0.14,Debit Card,21682,32519.34,139833.16,31423.16
ORD07831,2024-12-07,CUST1942,PROD034,5,0.1,Credit Card,48452,57672.68,259527.06,17267.06
ORD07832,2023-01-10,CUST0494,PROD074,2,0.15,Debit Card,36254,45802.42,77864.11,5356.11
ORD07833,2023-09-21,CUST0353,PROD027,3,0.19,UPI,33194,45752.14,111177.7,11595.7
ORD07834,2025-04-11,CUST0869,PROD055,5,0.24,Credit Card,44065,52416.25,199181.75,-21143.25
ORD07835,2024-09-21,CUST1141,PROD004,4,0.05,Debit Card,42258,48806.93,185466.33,16434.33
ORD07836,2025-01-31,CUST0199,PROD068,5,0.12,Credit Card,30755,44933.49,197707.36,43932.36
ORD07837,2023-07-14,CUST1303,PROD072,3,0.14,Debit Card,16543,23592.15,60867.75,11238.75
ORD07838,2024-07-15,CUST1606,PROD070,5,0.15,UPI,39873,46004.94,195521.0,-3844.0
ORD07839,2023-04-07,CUST0847,PROD089,5,0.16,Cash on Delivery,21871,25629.34,107643.23,-1711.77
ORD07840,2024-04-06,CUST1103,PROD027,1,0.24,Cash on Delivery,33194,41449.91,31501.93,-1692.07
ORD07841,2025-01-27,CUST1448,PROD047,5,0.27,Credit Card,47956,74704.92,272672.96,32892.96
ORD07842,2023-03-28,CUST1378,PROD040,2,0.05,Cash on Delivery,34631,49997.71,94995.65,25733.65
ORD07843,2025-09-17,CUST0526,PROD084,2,0.21,Credit Card,6252,9454.59,14938.25,2434.25
ORD07844,2023-03-18,CUST0541,PROD027,4,0.14,Credit Card,33194,49517.65,170340.72,37564.72
ORD07845,2024-10-22,CUST1680,PROD007,5,0.13,UPI,3479,5539.82,24098.22,6703.22
ORD07846,2025-02-03,CUST0477,PROD023,4,0.03,UPI,14296,22552.95,87505.45,30321.45
ORD07847,2024-11-08,CUST1879,PROD084,3,0.02,Debit Card,6252,7379.16,21694.73,2938.73
ORD07848,2025-03-01,CUST0010,PROD064,3,0.29,Credit Card,24886,28872.98,61499.45,-13158.55
ORD07849,2024-08-05,CUST1583,PROD098,1,0.19,Debit Card,27372,37600.39,30456.32,3084.32
ORD07850,2024-11-01,CUST1527,PROD029,1,0.14,Debit Card,23495,29892.13,25707.23,2212.23
ORD07851,2024-06-21,CUST1284,PROD061,5,0.23,UPI,13164,18127.55,69791.07,3971.07
ORD07852,2024-03-05,CUST0524,PROD044,5,0.03,Credit Card,31606,37636.52,182537.12,24507.12
ORD07853,2025-12-28,CUST0810,PROD069,4,0.18,UPI,21682,33801.98,110870.49,24142.49
ORD07854,2023-05-13,CUST1762,PROD027,4,0.2,Credit Card,33194,49736.06,159155.39,26379.39
ORD07855,2023-07-08,CUST0772,PROD012,5,0.14,Cash on Delivery,33865,47358.59,203641.94,34316.94
ORD07856,2024-07-26,CUST1620,PROD017,5,0.08,Cash on Delivery,28919,39309.07,180821.72,36226.72
ORD07857,2023-10-06,CUST1884,PROD037,1,0.29,Debit Card,49377,67193.32,47707.26,-1669.74
ORD07858,2024-06-25,CUST0860,PROD034,1,0.09,UPI,48452,69160.9,62936.42,14484.42
ORD07859,2025-01-15,CUST1030,PROD094,1,0.04,UPI,11294,15759.69,15129.3,3835.3
ORD07860,2025-06-17,CUST1934,PROD036,5,0.19,Credit Card,5763,7878.06,31906.14,3091.14
ORD07861,2024-03-28,CUST1783,PROD006,4,0.17,Debit Card,17488,25456.68,84516.18,14564.18
ORD07862,2025-06-07,CUST1059,PROD096,2,0.23,UPI,16906,25261.65,38902.94,5090.94
ORD07863,2025-04-30,CUST0175,PROD032,2,0.23,Debit Card,17963,25854.67,39816.19,3890.19
ORD07864,2023-06-19,CUST0442,PROD073,4,0.19,UPI,46032,61044.15,197783.05,13655.05
ORD07865,2025-04-09,CUST1601,PROD022,4,0.06,Cash on Delivery,46697,62408.01,234654.12,47866.12
ORD07866,2024-11-28,CUST1171,PROD010,4,0.27,UPI,38184,45604.65,133165.58,-19570.42
ORD07867,2025-12-16,CUST1593,PROD029,1,0.07,UPI,23495,31402.13,29203.98,5708.98
ORD07868,2025-02-07,CUST1217,PROD011,3,0.03,Cash on Delivery,23684,35611.42,103629.23,32577.23
ORD07869,2023-12-24,CUST1037,PROD092,5,0.09,Debit Card,4811,5676.56,25828.35,1773.35
ORD07870,2023-07-20,CUST1928,PROD066,1,0.14,Debit Card,26705,32820.01,28225.21,1520.21
ORD07871,2024-03-19,CUST1554,PROD056,2,0.06,Debit Card,6756,10331.12,19422.51,5910.51
ORD07872,2025-04-06,CUST0246,PROD085,5,0.1,Cash on Delivery,21717,30524.9,137362.05,28777.05
ORD07873,2023-04-11,CUST0675,PROD095,4,0.15,Cash on Delivery,3434,4986.3,16953.42,3217.42
ORD07874,2025-07-26,CUST1879,PROD058,2,0.1,Cash on Delivery,29901,38712.87,69683.17,9881.17
ORD07875,2023-01-29,CUST0114,PROD052,4,0.03,Debit Card,20157,27614.28,107143.41,26515.41
ORD07876,2024-10-26,CUST1012,PROD061,4,0.06,Debit Card,13164,19650.03,73884.11,21228.11
ORD07877,2023-03-14,CUST0794,PROD017,4,0.24,Debit Card,28919,44657.28,135758.13,20082.13
ORD07878,2023-09-11,CUST0233,PROD091,5,0.29,Debit Card,15191,24129.28,85658.94,9703.94
ORD07879,2024-05-30,CUST1702,PROD030,2,0.04,Credit Card,27284,41825.32,80304.61,25736.61
ORD07880,2025-01-18,CUST0980,PROD072,2,0.2,Cash on Delivery,16543,19526.82,31242.91,-1843.09
ORD07881,2025-11-09,CUST1346,PROD037,4,0.27,Cash on Delivery,49377,64412.82,188085.43,-9422.57
ORD07882,2024-06-18,CUST1562,PROD005,1,0.09,Cash on Delivery,14250,21189.75,19282.67,5032.67
ORD07883,2024-02-25,CUST0126,PROD026,3,0.25,Debit Card,1165,1558.86,3507.44,12.44
ORD07884,2024-03-21,CUST1337,PROD070,1,0.27,Debit Card,39873,53683.69,39189.09,-683.91
ORD07885,2025-05-28,CUST0511,PROD080,5,0.09,Credit Card,24906,37544.33,170826.7,46296.7
ORD07886,2023-05-16,CUST1508,PROD001,3,0.02,Credit Card,19397,29581.17,86968.64,28777.64
ORD07887,2023-02-02,CUST0281,PROD009,1,0.28,Debit Card,7565,11393.9,8203.61,638.61
ORD07888,2024-10-08,CUST0798,PROD085,2,0.1,Debit Card,21717,28440.17,51192.31,7758.31
ORD07889,2023-10-05,CUST0978,PROD071,1,0.0,Debit Card,43519,54512.17,54512.17,10993.17
ORD07890,2023-05-13,CUST0903,PROD064,4,0.14,Cash on Delivery,24886,32636.35,112269.04,12725.04
ORD07891,2025-01-19,CUST1307,PROD079,5,0.03,Credit Card,16940,24827.65,120414.1,35714.1
ORD07892,2023-05-06,CUST0651,PROD024,1,0.27,Cash on Delivery,37354,49087.7,35834.02,-1519.98
ORD07893,2023-12-11,CUST1637,PROD005,1,0.05,UPI,14250,16742.64,15905.51,1655.51
ORD07894,2023-01-17,CUST0392,PROD051,3,0.09,UPI,47215,71310.73,194678.29,53033.29
ORD07895,2025-04-03,CUST1547,PROD038,4,0.24,UPI,41219,48578.33,147678.12,-17197.88
ORD07896,2024-07-15,CUST0382,PROD029,3,0.24,UPI,23495,37551.12,85616.55,15131.55
ORD07897,2024-10-08,CUST0216,PROD046,5,0.27,Cash on Delivery,11014,16936.29,61817.46,6747.46
ORD07898,2024-09-21,CUST0542,PROD052,5,0.15,UPI,20157,31855.15,135384.39,34599.39
ORD07899,2025-03-28,CUST0606,PROD046,4,0.3,Debit Card,11014,16795.97,47028.72,2972.72
ORD07900,2023-03-01,CUST0116,PROD075,3,0.15,UPI,900,1075.93,2743.62,43.62
ORD07901,2024-04-11,CUST0509,PROD068,4,0.24,Debit Card,30755,41163.72,125137.71,2117.71
ORD07902,2024-09-19,CUST1524,PROD059,3,0.11,Cash on Delivery,42048,65534.78,174977.86,48833.86
ORD07903,2024-01-26,CUST0271,PROD010,2,0.28,Credit Card,38184,45473.16,65481.35,-10886.65
ORD07904,2025-07-24,CUST1464,PROD098,4,0.21,Credit Card,27372,35237.63,111350.91,1862.91
ORD07905,2024-11-15,CUST1315,PROD004,5,0.02,UPI,42258,57479.1,281647.59,70357.59
ORD07906,2024-05-12,CUST1063,PROD052,3,0.03,Credit Card,20157,27261.57,79331.17,18860.17
ORD07907,2024-08-22,CUST1048,PROD074,2,0.27,Debit Card,36254,57091.19,83353.14,10845.14
ORD07908,2024-03-24,CUST0776,PROD097,5,0.24,UPI,10894,14465.09,54967.34,497.34
ORD07909,2024-11-10,CUST1067,PROD018,3,0.1,UPI,34967,43972.14,118724.78,13823.78
ORD07910,2023-05-10,CUST1194,PROD076,2,0.16,Debit Card,19739,26652.0,44775.36,5297.36
ORD07911,2023-05-29,CUST0340,PROD051,5,0.26,Debit Card,47215,62710.83,232030.07,-4044.93
ORD07912,2025-03-28,CUST0169,PROD023,5,0.03,Cash on Delivery,14296,20450.23,99183.62,27703.62
ORD07913,2025-08-05,CUST1839,PROD025,2,0.04,Debit Card,31820,50828.19,97590.12,33950.12
ORD07914,2024-05-14,CUST1562,PROD060,5,0.21,Cash on Delivery,7054,9862.46,38956.72,3686.72
ORD07915,2024-10-19,CUST1716,PROD037,3,0.02,UPI,49377,67054.07,197138.97,49007.97
ORD07916,2025-11-19,CUST1496,PROD068,3,0.11,Credit Card,30755,43587.01,116377.32,24112.32
ORD07917,2024-07-30,CUST0662,PROD077,5,0.08,Credit Card,10916,17366.37,79885.3,25305.3
ORD07918,2025-11-13,CUST1669,PROD018,1,0.23,Cash on Delivery,34967,50043.37,38533.39,3566.39
ORD07919,2025-09-10,CUST0143,PROD029,2,0.0,Credit Card,23495,28319.01,56638.02,9648.02
ORD07920,2024-12-23,CUST1700,PROD030,1,0.03,Credit Card,27284,42582.4,41304.93,14020.93
ORD07921,2023-08-10,CUST1125,PROD092,3,0.03,UPI,4811,6811.75,19822.19,5389.19
ORD07922,2024-08-24,CUST0575,PROD007,5,0.1,Cash on Delivery,3479,4248.37,19117.66,1722.66
ORD07923,2024-11-14,CUST1629,PROD088,4,0.07,Debit Card,27486,34459.79,128190.42,18246.42
ORD07924,2025-01-11,CUST1743,PROD041,4,0.07,Credit Card,37776,45491.41,169228.05,18124.05
ORD07925,2025-07-13,CUST0475,PROD074,1,0.11,UPI,36254,57366.23,51055.94,14801.94
ORD07926,2024-08-02,CUST1969,PROD037,1,0.06,UPI,49377,58357.81,54856.34,5479.34
ORD07927,2024-02-05,CUST0311,PROD027,1,0.03,Credit Card,33194,49591.58,48103.83,14909.83
ORD07928,2025-06-19,CUST1608,PROD021,3,0.17,Debit Card,22664,29507.31,73473.2,5481.2
ORD07929,2024-05-26,CUST1084,PROD100,3,0.29,Debit Card,41593,49350.12,105115.76,-19663.24
ORD07930,2023-03-29,CUST1977,PROD043,5,0.18,Cash on Delivery,1019,1370.79,5620.24,525.24
ORD07931,2023-02-19,CUST1053,PROD051,3,0.23,Cash on Delivery,47215,54302.98,125439.88,-16205.12
ORD07932,2023-04-13,CUST0531,PROD093,5,0.29,Cash on Delivery,48575,73725.81,261726.63,18851.63
ORD07933,2024-01-03,CUST0991,PROD071,5,0.05,UPI,43519,60659.46,288132.44,70537.44
ORD07934,2025-07-24,CUST0073,PROD013,1,0.14,Debit Card,24204,32754.93,28169.24,3965.24
ORD07935,2025-06-16,CUST1418,PROD053,4,0.17,Cash on Delivery,45509,69317.14,230132.9,48096.9
ORD07936,2025-06-27,CUST0869,PROD087,1,0.1,UPI,1853,2563.99,2307.59,454.59
ORD07937,2023-09-15,CUST0394,PROD063,3,0.18,Debit Card,48779,69162.97,170140.91,23803.91
ORD07938,2024-01-25,CUST1782,PROD057,2,0.19,Credit Card,43648,66199.52,107243.22,19947.22
ORD07939,2025-02-11,CUST0481,PROD025,3,0.25,Cash on Delivery,31820,46910.85,105549.41,10089.41
ORD07940,2025-01-23,CUST0473,PROD013,4,0.25,Cash on Delivery,24204,35012.72,105038.16,8222.16
ORD07941,2024-01-29,CUST0313,PROD037,3,0.04,Debit Card,49377,72429.32,208596.44,60465.44
ORD07942,2024-11-13,CUST1462,PROD030,4,0.05,Credit Card,27284,34605.29,131500.1,22364.1
ORD07943,2023-09-27,CUST0952,PROD090,2,0.07,Credit Card,39865,47948.09,89183.45,9453.45
ORD07944,2023-05-29,CUST0324,PROD012,2,0.08,UPI,33865,48433.73,89118.06,21388.06
ORD07945,2025-03-21,CUST1013,PROD065,5,0.17,Cash on Delivery,5346,6686.82,27750.3,1020.3
ORD07946,2023-01-28,CUST0965,PROD018,3,0.1,Credit Card,34967,40961.36,110595.67,5694.67
ORD07947,2023-10-07,CUST0087,PROD085,5,0.29,UPI,21717,27459.95,97482.82,-11102.18
ORD07948,2023-06-15,CUST0359,PROD062,1,0.04,Cash on Delivery,42867,63191.16,60663.51,17796.51
ORD07949,2023-01-17,CUST0695,PROD024,1,0.07,Cash on Delivery,37354,54865.17,51024.61,13670.61
ORD07950,2023-12-05,CUST0197,PROD060,1,0.26,Cash on Delivery,7054,10979.32,8124.7,1070.7
ORD07951,2025-12-04,CUST0756,PROD017,1,0.18,Cash on Delivery,28919,42043.96,34476.05,5557.05
ORD07952,2025-04-21,CUST1864,PROD060,1,0.16,Credit Card,7054,9507.92,7986.65,932.65
ORD07953,2023-07-08,CUST0977,PROD009,3,0.18,Credit Card,7565,9586.55,23582.91,887.91
ORD07954,2024-10-12,CUST1409,PROD052,5,0.08,Credit Card,20157,30059.73,138274.76,37489.76
ORD07955,2025-12-20,CUST1142,PROD092,5,0.23,Debit Card,4811,6424.55,24734.52,679.52
ORD07956,2023-10-21,CUST0498,PROD015,4,0.15,Debit Card,18761,28459.87,96763.56,21719.56
ORD07957,2025-11-22,CUST0908,PROD077,1,0.01,Cash on Delivery,10916,16736.75,16569.38,5653.38
ORD07958,2024-02-19,CUST0931,PROD028,2,0.05,Credit Card,24730,32351.92,61468.65,12008.65
ORD07959,2025-03-13,CUST1908,PROD081,4,0.24,UPI,2375,3098.71,9420.08,-79.92
ORD07960,2024-03-06,CUST0462,PROD009,4,0.1,Credit Card,7565,11809.99,42515.96,12255.96
ORD07961,2025-11-12,CUST1520,PROD056,3,0.23,UPI,6756,8977.15,20737.22,469.22
ORD07962,2024-05-01,CUST1618,PROD085,4,0.2,Cash on Delivery,21717,31881.91,102022.11,15154.11
ORD07963,2023-03-30,CUST0970,PROD094,2,0.09,Cash on Delivery,11294,14908.28,27133.07,4545.07
ORD07964,2023-09-28,CUST1271,PROD075,5,0.04,Cash on Delivery,900,1331.17,6389.62,1889.62
ORD07965,2025-06-18,CUST1999,PROD094,4,0.24,Credit Card,11294,13870.39,42165.99,-3010.01
ORD07966,2023-10-05,CUST0234,PROD036,3,0.19,Credit Card,5763,8795.19,21372.31,4083.31
ORD07967,2023-07-25,CUST0417,PROD056,1,0.09,UPI,6756,10758.4,9790.14,3034.14
ORD07968,2025-07-01,CUST1491,PROD089,2,0.16,UPI,21871,32688.35,54916.43,11174.43
ORD07969,2023-11-24,CUST1506,PROD071,1,0.18,Debit Card,43519,57079.79,46805.43,3286.43
ORD07970,2025-05-07,CUST1389,PROD020,4,0.0,Cash on Delivery,29671,41534.7,166138.8,47454.8
ORD07971,2025-05-26,CUST0153,PROD055,5,0.2,UPI,44065,63952.42,255809.68,35484.68
ORD07972,2025-05-11,CUST0272,PROD060,3,0.2,Credit Card,7054,8724.34,20938.42,-223.58
ORD07973,2023-12-02,CUST0392,PROD035,2,0.02,UPI,34337,43858.86,85963.37,17289.37
ORD07974,2024-08-28,CUST0547,PROD074,5,0.24,Debit Card,36254,54772.43,208135.23,26865.23
ORD07975,2024-08-14,CUST0725,PROD099,2,0.25,Credit Card,42208,66493.57,99740.36,15324.36
ORD07976,2025-11-27,CUST1747,PROD001,3,0.09,Credit Card,19397,24683.21,67385.16,9194.16
ORD07977,2025-10-10,CUST1454,PROD078,3,0.05,Credit Card,3912,4758.61,13562.04,1826.04
ORD07978,2024-12-08,CUST1675,PROD045,4,0.21,UPI,45004,71634.21,226364.1,46348.1
ORD07979,2025-09-04,CUST0189,PROD069,2,0.04,Cash on Delivery,21682,28056.2,53867.9,10503.9
ORD07980,2024-02-29,CUST0812,PROD040,4,0.26,Cash on Delivery,34631,51957.37,153793.82,15269.82
ORD07981,2024-08-09,CUST1931,PROD038,2,0.14,Cash on Delivery,41219,54431.96,93622.97,11184.97
ORD07982,2025-03-16,CUST1276,PROD098,2,0.27,Cash on Delivery,27372,43167.97,63025.24,8281.24
ORD07983,2024-12-20,CUST0395,PROD024,1,0.19,Cash on Delivery,37354,53034.89,42958.26,5604.26
ORD07984,2025-08-06,CUST0662,PROD004,4,0.09,Credit Card,42258,56490.55,205625.6,36593.6
ORD07985,2024-10-16,CUST0853,PROD091,2,0.14,Credit Card,15191,18688.73,32144.62,1762.62
ORD07986,2024-04-18,CUST1243,PROD069,2,0.16,UPI,21682,27427.98,46079.01,2715.01
ORD07987,2024-07-21,CUST0594,PROD013,3,0.24,Credit Card,24204,37168.54,84744.27,12132.27
ORD07988,2023-07-30,CUST0190,PROD021,1,0.26,UPI,22664,26644.38,19716.84,-2947.16
ORD07989,2025-12-17,CUST0234,PROD032,3,0.2,UPI,17963,21925.27,52620.65,-1268.35
ORD07990,2023-08-03,CUST1712,PROD038,4,0.09,Debit Card,41219,50974.84,185548.42,20672.42
ORD07991,2025-06-18,CUST0232,PROD095,4,0.16,Credit Card,3434,4058.32,13635.96,-100.04
ORD07992,2024-04-11,CUST0358,PROD032,2,0.04,UPI,17963,26199.72,50303.46,14377.46
ORD07993,2023-12-20,CUST0478,PROD079,5,0.07,Cash on Delivery,16940,26961.24,125369.77,40669.77
ORD07994,2025-11-08,CUST1599,PROD057,3,0.09,Cash on Delivery,43648,52929.31,144497.02,13553.02
ORD07995,2024-09-16,CUST1971,PROD048,4,0.02,Debit Card,7733,11673.12,45758.63,14826.63
ORD07996,2024-01-07,CUST1453,PROD030,2,0.27,UPI,27284,33543.7,48973.8,-5594.2
ORD07997,2023-07-03,CUST0237,PROD071,2,0.04,Credit Card,43519,69116.93,132704.51,45666.51
ORD07998,2024-11-04,CUST1057,PROD038,3,0.21,Cash on Delivery,41219,56806.91,134632.38,10975.38
ORD07999,2025-01-24,CUST0213,PROD095,2,0.15,Cash on Delivery,3434,5258.77,8939.91,2071.91
ORD08000,2023-11-18,CUST1596,PROD044,1,0.25,Debit Card,31606,38772.67,29079.5,-2526.5
ORD08001,2024-03-10,CUST0379,PROD026,5,0.22,Cash on Delivery,1165,1803.85,7035.02,1210.02
ORD08002,2025-12-02,CUST1026,PROD100,3,0.23,UPI,41593,49359.98,114021.55,-10757.45
ORD08003,2023-10-20,CUST0909,PROD090,3,0.13,Debit Card,39865,46255.42,120726.65,1131.65
ORD08004,2024-11-18,CUST0450,PROD002,3,0.25,Cash on Delivery,8668,12733.57,28650.53,2646.53
ORD08005,2025-06-06,CUST0569,PROD043,2,0.03,Credit Card,1019,1220.7,2368.16,330.16
ORD08006,2023-03-10,CUST1451,PROD043,2,0.13,UPI,1019,1568.86,2729.82,691.82
ORD08007,2023-02-25,CUST0813,PROD063,3,0.3,Cash on Delivery,48779,69733.16,146439.64,102.64
ORD08008,2024-09-22,CUST1823,PROD073,3,0.28,Credit Card,46032,59792.89,129152.64,-8943.36
ORD08009,2024-02-24,CUST1674,PROD058,1,0.02,UPI,29901,38117.01,37354.67,7453.67
ORD08010,2024-07-20,CUST0279,PROD048,4,0.17,Cash on Delivery,7733,9178.05,30471.13,-460.87
ORD08011,2024-07-03,CUST0214,PROD005,1,0.09,Debit Card,14250,20791.07,18919.87,4669.87
ORD08012,2023-08-31,CUST1775,PROD091,3,0.22,Credit Card,15191,23738.4,55547.86,9974.86
ORD08013,2025-01-17,CUST1309,PROD076,2,0.22,Cash on Delivery,19739,29421.91,45898.18,6420.18
ORD08014,2024-06-10,CUST1567,PROD035,2,0.0,Debit Card,34337,49058.22,98116.44,29442.44
ORD08015,2023-03-18,CUST0718,PROD093,3,0.25,UPI,48575,58456.06,131526.14,-14198.86
ORD08016,2024-03-15,CUST0970,PROD016,4,0.07,UPI,45432,69167.18,257301.91,75573.91
ORD08017,2025-12-14,CUST1298,PROD083,5,0.29,Credit Card,37036,58680.68,208316.41,23136.41
ORD08018,2024-05-30,CUST1035,PROD049,5,0.27,Credit Card,1602,2031.77,7415.96,-594.04
ORD08019,2024-09-06,CUST0871,PROD060,1,0.06,UPI,7054,9446.46,8879.67,1825.67
ORD08020,2025-10-27,CUST1071,PROD051,4,0.19,Debit Card,47215,54595.79,176890.36,-11969.64
ORD08021,2024-11-06,CUST1539,PROD091,5,0.09,UPI,15191,23156.51,105362.12,29407.12
ORD08022,2024-02-24,CUST1666,PROD082,4,0.03,Cash on Delivery,37566,43551.6,168980.21,18716.21
ORD08023,2023-10-03,CUST0438,PROD059,2,0.26,Cash on Delivery,42048,57560.72,85189.87,1093.87
ORD08024,2024-08-30,CUST1608,PROD064,2,0.05,Debit Card,24886,35074.61,66641.76,16869.76
ORD08025,2024-07-24,CUST0671,PROD013,4,0.13,Cash on Delivery,24204,28439.55,98969.63,2153.63
ORD08026,2023-03-31,CUST0904,PROD094,3,0.28,Cash on Delivery,11294,13880.9,29982.74,-3899.26
ORD08027,2023-10-09,CUST1451,PROD026,5,0.02,Credit Card,1165,1754.34,8596.27,2771.27
ORD08028,2024-09-29,CUST1456,PROD070,5,0.17,Cash on Delivery,39873,50385.12,209098.25,9733.25
ORD08029,2025-03-21,CUST1154,PROD003,2,0.17,Debit Card,7361,10865.76,18037.16,3315.16
ORD08030,2025-05-17,CUST1046,PROD087,1,0.23,UPI,1853,2755.66,2121.86,268.86
ORD08031,2024-04-06,CUST0892,PROD012,5,0.25,Debit Card,33865,45151.98,169319.92,-5.08
ORD08032,2025-01-19,CUST0389,PROD041,2,0.13,Credit Card,37776,44526.12,77475.45,1923.45
ORD08033,2023-10-28,CUST0135,PROD079,2,0.22,Debit Card,16940,19563.38,30518.87,-3361.13
ORD08034,2024-08-22,CUST0532,PROD065,4,0.27,UPI,5346,7332.74,21411.6,27.6
ORD08035,2024-06-12,CUST0220,PROD063,4,0.27,UPI,48779,57664.31,168379.79,-26736.21
ORD08036,2023-05-20,CUST0333,PROD050,4,0.15,Debit Card,1097,1620.17,5508.58,1120.58
ORD08037,2023-10-05,CUST1154,PROD047,1,0.18,UPI,47956,63367.66,51961.48,4005.48
ORD08038,2024-10-24,CUST1056,PROD008,5,0.2,Credit Card,24024,35014.51,140058.04,19938.04
ORD08039,2024-05-25,CUST1626,PROD031,1,0.25,Debit Card,15105,20145.13,15108.85,3.85
ORD08040,2023-04-24,CUST1795,PROD011,1,0.15,Cash on Delivery,23684,33933.28,28843.29,5159.29
ORD08041,2024-08-02,CUST1449,PROD017,4,0.03,Debit Card,28919,44097.37,171097.8,55421.8
ORD08042,2024-11-21,CUST1322,PROD027,2,0.12,Cash on Delivery,33194,51384.44,90436.61,24048.61
ORD08043,2024-09-28,CUST1528,PROD095,3,0.22,Cash on Delivery,3434,3975.19,9301.94,-1000.06
ORD08044,2025-04-02,CUST1869,PROD027,2,0.19,Debit Card,33194,47815.21,77460.64,11072.64
ORD08045,2025-05-24,CUST1785,PROD078,2,0.23,UPI,3912,5491.9,8457.53,633.53
ORD08046,2025-07-28,CUST1709,PROD087,2,0.15,Cash on Delivery,1853,2662.14,4525.64,819.64
ORD08047,2025-07-30,CUST0357,PROD056,2,0.05,Cash on Delivery,6756,7946.02,15097.44,1585.44
ORD08048,2023-12-24,CUST1479,PROD069,1,0.03,Debit Card,21682,25616.27,24847.78,3165.78
ORD08049,2023-01-03,CUST0401,PROD094,4,0.14,Cash on Delivery,11294,15513.9,53367.82,8191.82
ORD08050,2024-02-08,CUST0896,PROD098,4,0.06,Debit Card,27372,32181.31,121001.73,11513.73
ORD08051,2023-01-25,CUST1583,PROD047,2,0.29,Cash on Delivery,47956,71904.5,102104.39,6192.39
ORD08052,2024-05-23,CUST0990,PROD019,3,0.06,Cash on Delivery,26105,39095.23,110248.55,31933.55
ORD08053,2024-11-26,CUST0709,PROD057,5,0.17,Debit Card,43648,52499.63,217873.46,-366.54
ORD08054,2023-03-02,CUST1944,PROD031,2,0.0,Debit Card,15105,20463.89,40927.78,10717.78
ORD08055,2023-05-03,CUST1479,PROD016,2,0.08,Credit Card,45432,64410.83,118515.93,27651.93
ORD08056,2023-02-24,CUST1915,PROD045,3,0.08,UPI,45004,69159.92,190881.38,55869.38
ORD08057,2025-08-31,CUST1058,PROD027,1,0.22,Credit Card,33194,52937.57,41291.3,8097.3
ORD08058,2025-11-28,CUST1790,PROD061,2,0.15,Debit Card,13164,15240.62,25909.05,-418.95
ORD08059,2024-06-29,CUST0248,PROD026,3,0.0,Cash on Delivery,1165,1589.47,4768.41,1273.41
ORD08060,2023-04-23,CUST0946,PROD029,1,0.11,UPI,23495,35512.18,31605.84,8110.84
ORD08061,2024-02-29,CUST0042,PROD044,1,0.19,Debit Card,31606,47666.25,38609.66,7003.66
ORD08062,2025-07-06,CUST0801,PROD029,2,0.19,Credit Card,23495,32747.92,53051.63,6061.63
ORD08063,2023-08-18,CUST0123,PROD095,1,0.02,Cash on Delivery,3434,4230.74,4146.13,712.13
ORD08064,2025-07-05,CUST0027,PROD002,2,0.28,Cash on Delivery,8668,12149.01,17494.57,158.57
ORD08065,2023-06-04,CUST1486,PROD006,2,0.07,Debit Card,17488,23192.58,43138.2,8162.2
ORD08066,2023-06-14,CUST0571,PROD009,4,0.27,Cash on Delivery,7565,10092.49,29470.07,-789.93
ORD08067,2025-08-19,CUST1171,PROD015,5,0.06,Credit Card,18761,24349.92,114444.62,20639.62
ORD08068,2024-10-10,CUST0496,PROD084,5,0.17,Cash on Delivery,6252,7596.3,31524.64,264.64
ORD08069,2025-07-26,CUST1651,PROD058,4,0.12,Credit Card,29901,44319.49,156004.6,36400.6
ORD08070,2024-05-26,CUST0486,PROD002,2,0.17,Cash on Delivery,8668,12731.73,21134.67,3798.67
ORD08071,2025-07-20,CUST1484,PROD003,3,0.15,UPI,7361,10263.25,26171.29,4088.29
ORD08072,2023-09-23,CUST0899,PROD052,1,0.0,Debit Card,20157,26398.78,26398.78,6241.78
ORD08073,2023-07-06,CUST0711,PROD055,4,0.11,Debit Card,44065,66987.98,238477.21,62217.21
ORD08074,2025-11-29,CUST1152,PROD053,4,0.0,Cash on Delivery,45509,55609.96,222439.84,40403.84
ORD08075,2024-01-26,CUST0376,PROD094,4,0.21,Debit Card,11294,15196.72,48021.64,2845.64
ORD08076,2024-10-16,CUST0665,PROD072,4,0.26,UPI,16543,23889.42,70712.68,4540.68
ORD08077,2023-06-25,CUST1905,PROD040,5,0.12,Credit Card,34631,52627.84,231562.5,58407.5
ORD08078,2025-02-12,CUST0783,PROD085,2,0.16,UPI,21717,31322.96,52622.57,9188.57
ORD08079,2025-02-02,CUST0851,PROD039,4,0.02,UPI,46187,55561.43,217800.81,33052.81
ORD08080,2025-07-19,CUST1980,PROD043,4,0.12,Credit Card,1019,1218.3,4288.42,212.42
ORD08081,2024-12-11,CUST1107,PROD013,4,0.04,Debit Card,24204,28383.9,108994.18,12178.18
ORD08082,2025-04-05,CUST1559,PROD037,3,0.02,Credit Card,49377,69226.04,203524.56,55393.56
ORD08083,2024-08-11,CUST1547,PROD055,3,0.05,Credit Card,44065,55492.06,158152.37,25957.37
ORD08084,2024-06-14,CUST1723,PROD032,1,0.26,Credit Card,17963,21946.99,16240.77,-1722.23
ORD08085,2025-12-21,CUST1652,PROD014,2,0.29,Debit Card,6122,7274.39,10329.63,-1914.37
ORD08086,2023-10-08,CUST0674,PROD065,4,0.26,Credit Card,5346,7691.85,22767.88,1383.88
ORD08087,2023-08-15,CUST1127,PROD027,1,0.29,UPI,33194,49427.07,35093.22,1899.22
ORD08088,2024-09-30,CUST1779,PROD024,1,0.22,Credit Card,37354,57375.53,44752.91,7398.91
ORD08089,2025-12-17,CUST1543,PROD022,2,0.05,Credit Card,46697,66213.35,125805.36,32411.36
ORD08090,2025-07-09,CUST0362,PROD078,3,0.17,Cash on Delivery,3912,5122.4,12754.78,1018.78
ORD08091,2024-04-21,CUST0684,PROD045,2,0.22,Cash on Delivery,45004,61281.33,95598.87,5590.87
ORD08092,2024-12-16,CUST1280,PROD008,1,0.15,UPI,24024,34504.9,29329.16,5305.16
ORD08093,2023-08-31,CUST0247,PROD091,2,0.17,Debit Card,15191,22343.7,37090.54,6708.54
ORD08094,2024-01-02,CUST1216,PROD067,3,0.18,Cash on Delivery,26070,37545.45,92361.81,14151.81
ORD08095,2025-07-24,CUST1650,PROD064,1,0.14,UPI,24886,39390.98,33876.24,8990.24
ORD08096,2025-04-17,CUST0535,PROD097,2,0.09,Cash on Delivery,10894,16205.85,29494.65,7706.65
ORD08097,2025-06-24,CUST1894,PROD047,4,0.19,Cash on Delivery,47956,71347.95,231167.36,39343.36
ORD08098,2024-01-11,CUST0314,PROD021,4,0.02,Debit Card,22664,34424.63,134944.55,44288.55
ORD08099,2024-12-11,CUST1300,PROD032,2,0.05,Debit Card,17963,24378.85,46319.81,10393.81
ORD08100,2023-12-09,CUST1947,PROD045,2,0.28,Cash on Delivery,45004,57099.99,82223.99,-7784.01
ORD08101,2023-08-28,CUST1397,PROD044,3,0.15,Cash on Delivery,31606,47956.02,122287.85,27469.85
ORD08102,2023-05-19,CUST0444,PROD041,1,0.25,Debit Card,37776,51333.09,38499.82,723.82
ORD08103,2024-02-24,CUST1672,PROD096,2,0.22,Debit Card,16906,24061.11,37535.33,3723.33
ORD08104,2023-10-31,CUST0869,PROD052,1,0.1,UPI,20157,27077.22,24369.5,4212.5
ORD08105,2023-04-25,CUST1219,PROD088,4,0.24,Cash on Delivery,27486,36507.63,110983.2,1039.2
ORD08106,2023-12-09,CUST1282,PROD011,1,0.03,Debit Card,23684,34390.76,33359.04,9675.04
ORD08107,2023-01-07,CUST1814,PROD085,5,0.26,Cash on Delivery,21717,31476.72,116463.86,7878.86
ORD08108,2024-12-31,CUST0582,PROD018,3,0.2,UPI,34967,45074.59,108179.02,3278.02
ORD08109,2023-06-28,CUST0871,PROD011,3,0.28,Credit Card,23684,29250.76,63181.64,-7870.36
ORD08110,2024-02-20,CUST1384,PROD027,1,0.27,Cash on Delivery,33194,40134.73,29298.35,-3895.65
ORD08111,2024-10-27,CUST0548,PROD043,3,0.11,UPI,1019,1224.02,3268.13,211.13
ORD08112,2023-05-30,CUST1132,PROD065,1,0.26,Credit Card,5346,8115.04,6005.13,659.13
ORD08113,2024-02-01,CUST1048,PROD054,1,0.17,Cash on Delivery,39049,49934.59,41445.71,2396.71
ORD08114,2024-01-16,CUST1676,PROD029,4,0.05,UPI,23495,34193.3,129934.54,35954.54
ORD08115,2025-04-18,CUST0465,PROD021,1,0.25,Credit Card,22664,28994.98,21746.24,-917.76
ORD08116,2023-01-01,CUST1046,PROD029,3,0.27,UPI,23495,34068.7,74610.45,4125.45
ORD08117,2023-09-01,CUST0502,PROD009,5,0.03,UPI,7565,12050.01,58442.55,20617.55
ORD08118,2025-05-28,CUST0851,PROD061,2,0.28,UPI,13164,15529.32,22362.22,-3965.78
ORD08119,2025-01-29,CUST1865,PROD062,3,0.18,UPI,42867,61908.1,152293.93,23692.93
ORD08120,2025-08-11,CUST0716,PROD071,5,0.01,Credit Card,43519,55580.82,275125.06,57530.06
ORD08121,2025-09-03,CUST0892,PROD095,3,0.16,Debit Card,3434,4077.2,10274.54,-27.46
ORD08122,2023-01-01,CUST1760,PROD091,5,0.24,UPI,15191,18009.53,68436.21,-7518.79
ORD08123,2024-07-06,CUST0501,PROD096,3,0.16,Credit Card,16906,22269.41,56118.91,5400.91
ORD08124,2024-04-26,CUST0735,PROD005,2,0.21,UPI,14250,19854.17,31369.59,2869.59
ORD08125,2024-08-22,CUST0593,PROD097,4,0.26,Cash on Delivery,10894,15701.33,46475.94,2899.94
ORD08126,2025-02-01,CUST0407,PROD015,4,0.26,Cash on Delivery,18761,26366.47,78044.75,3000.75
ORD08127,2023-12-01,CUST1354,PROD057,2,0.05,Debit Card,43648,67832.48,128881.71,41585.71
ORD08128,2024-04-09,CUST0703,PROD005,3,0.13,Credit Card,14250,17372.04,45341.02,2591.02
ORD08129,2024-08-05,CUST0286,PROD020,5,0.03,Cash on Delivery,29671,45190.5,219173.92,70818.92
ORD08130,2023-05-17,CUST0147,PROD081,1,0.18,Credit Card,2375,3295.79,2702.55,327.55
ORD08131,2025-09-30,CUST0794,PROD004,3,0.29,Cash on Delivery,42258,64961.27,138367.51,11593.51
ORD08132,2025-08-07,CUST0384,PROD056,2,0.05,Credit Card,6756,9066.54,17226.43,3714.43
ORD08133,2024-11-17,CUST0011,PROD085,4,0.12,UPI,21717,29683.01,104484.2,17616.2
ORD08134,2023-06-16,CUST0276,PROD034,4,0.29,UPI,48452,64927.75,184394.81,-9413.19
ORD08135,2025-06-28,CUST0886,PROD040,3,0.23,Cash on Delivery,34631,41328.97,95469.92,-8423.08
ORD08136,2025-05-29,CUST1592,PROD069,5,0.02,Debit Card,21682,26349.11,129110.64,20700.64
ORD08137,2025-04-21,CUST1709,PROD068,2,0.13,Cash on Delivery,30755,42530.73,74003.47,12493.47
ORD08138,2023-03-06,CUST0964,PROD022,2,0.3,Cash on Delivery,46697,64906.22,90868.71,-2525.29
ORD08139,2025-12-26,CUST0303,PROD014,5,0.14,Debit Card,6122,8329.04,35814.87,5204.87
ORD08140,2024-03-08,CUST0204,PROD068,5,0.19,UPI,30755,35546.02,143961.38,-9813.62
ORD08141,2025-12-09,CUST0345,PROD008,3,0.21,UPI,24024,33093.3,78431.12,6359.12
ORD08142,2023-04-25,CUST1784,PROD067,3,0.2,Cash on Delivery,26070,31549.29,75718.3,-2491.7
ORD08143,2024-07-22,CUST0826,PROD046,4,0.16,Credit Card,11014,15473.22,51990.02,7934.02
ORD08144,2024-10-03,CUST1290,PROD029,4,0.04,Cash on Delivery,23495,30067.09,115457.63,21477.63
ORD08145,2024-05-09,CUST0022,PROD090,5,0.21,UPI,39865,63631.49,251344.39,52019.39
ORD08146,2025-07-29,CUST0839,PROD094,1,0.28,Credit Card,11294,14813.91,10666.02,-627.98
ORD08147,2025-08-25,CUST0536,PROD012,1,0.28,Debit Card,33865,51453.23,37046.33,3181.33
ORD08148,2025-04-01,CUST1730,PROD079,1,0.18,UPI,16940,21353.17,17509.6,569.6
ORD08149,2023-07-21,CUST1120,PROD052,2,0.15,Debit Card,20157,24899.3,42328.81,2014.81
ORD08150,2024-10-10,CUST0981,PROD058,3,0.1,UPI,29901,37360.99,100874.67,11171.67
ORD08151,2024-07-13,CUST1469,PROD002,5,0.03,UPI,8668,11267.56,54647.67,11307.67
ORD08152,2025-11-07,CUST0263,PROD001,4,0.26,Credit Card,19397,29716.01,87959.39,10371.39
ORD08153,2024-04-22,CUST0584,PROD055,1,0.04,UPI,44065,65823.51,63190.57,19125.57
ORD08154,2024-05-02,CUST1013,PROD092,4,0.09,Cash on Delivery,4811,6475.33,23570.2,4326.2
ORD08155,2025-09-09,CUST1779,PROD099,3,0.22,Debit Card,42208,52111.69,121941.35,-4682.65
ORD08156,2025-02-17,CUST0383,PROD034,5,0.21,UPI,48452,56781.78,224288.03,-17971.97
ORD08157,2023-12-06,CUST1574,PROD064,1,0.2,Cash on Delivery,24886,35545.76,28436.61,3550.61
ORD08158,2024-09-03,CUST0917,PROD068,1,0.22,Debit Card,30755,45149.52,35216.63,4461.63
ORD08159,2023-04-26,CUST0392,PROD082,5,0.16,Cash on Delivery,37566,53447.49,224479.46,36649.46
ORD08160,2023-03-15,CUST0889,PROD012,4,0.05,UPI,33865,46583.49,177017.26,41557.26
ORD08161,2023-04-26,CUST1625,PROD050,3,0.3,Cash on Delivery,1097,1741.8,3657.78,366.78
ORD08162,2023-05-06,CUST0540,PROD021,3,0.27,Debit Card,22664,26315.14,57630.16,-10361.84
ORD08163,2024-10-18,CUST1116,PROD010,3,0.13,Debit Card,38184,60895.22,158936.52,44384.52
ORD08164,2024-10-25,CUST0566,PROD085,4,0.16,Debit Card,21717,27674.88,92987.6,6119.6
ORD08165,2025-09-17,CUST1183,PROD089,4,0.12,UPI,21871,28922.54,101807.34,14323.34
ORD08166,2025-10-14,CUST0884,PROD081,1,0.19,Credit Card,2375,3535.52,2863.77,488.77
ORD08167,2025-05-08,CUST0228,PROD070,4,0.22,Cash on Delivery,39873,49929.04,155778.6,-3713.4
ORD08168,2023-03-26,CUST0473,PROD014,2,0.07,Debit Card,6122,8995.86,16732.3,4488.3
ORD08169,2024-09-24,CUST0372,PROD040,5,0.13,Debit Card,34631,45008.11,195785.28,22630.28
ORD08170,2024-03-26,CUST1400,PROD082,4,0.19,Credit Card,37566,59100.75,191486.43,41222.43
ORD08171,2024-06-01,CUST1577,PROD030,3,0.3,Debit Card,27284,33484.79,70318.06,-11533.94
ORD08172,2025-04-25,CUST0037,PROD073,4,0.1,Debit Card,46032,72238.15,260057.34,75929.34
ORD08173,2024-11-25,CUST1661,PROD014,1,0.22,UPI,6122,9219.63,7191.31,1069.31
ORD08174,2024-07-03,CUST1958,PROD052,5,0.1,Credit Card,20157,24724.7,111261.15,10476.15
ORD08175,2025-07-17,CUST0691,PROD017,5,0.03,Debit Card,28919,38301.29,185761.26,41166.26
ORD08176,2023-04-26,CUST0844,PROD062,3,0.23,UPI,42867,51308.94,118523.65,-10077.35
ORD08177,2025-10-28,CUST1061,PROD098,5,0.19,UPI,27372,38864.8,157402.44,20542.44
ORD08178,2024-02-08,CUST0101,PROD022,2,0.15,UPI,46697,73885.75,125605.78,32211.78
ORD08179,2023-10-31,CUST1567,PROD053,5,0.2,UPI,45509,53957.92,215831.68,-11713.32
ORD08180,2025-01-09,CUST1214,PROD032,3,0.26,Credit Card,17963,22743.87,50491.39,-3397.61
ORD08181,2023-03-29,CUST1536,PROD076,5,0.23,Credit Card,19739,29409.34,113225.96,14530.96
ORD08182,2025-10-30,CUST0658,PROD055,4,0.26,UPI,44065,59762.8,176897.89,637.89
ORD08183,2023-11-04,CUST0090,PROD080,1,0.09,Credit Card,24906,32440.81,29521.14,4615.14
ORD08184,2024-03-09,CUST1030,PROD022,4,0.24,Cash on Delivery,46697,66334.76,201657.67,14869.67
ORD08185,2025-03-12,CUST0905,PROD038,2,0.11,Cash on Delivery,41219,52854.59,94081.17,11643.17
ORD08186,2023-06-13,CUST1163,PROD050,2,0.01,UPI,1097,1423.89,2819.3,625.3
ORD08187,2025-09-22,CUST0095,PROD066,1,0.01,Debit Card,26705,40397.99,39994.01,13289.01
ORD08188,2024-10-17,CUST1655,PROD045,1,0.22,Debit Card,45004,59684.88,46554.21,1550.21
ORD08189,2023-01-18,CUST1902,PROD008,1,0.08,Cash on Delivery,24024,35201.19,32385.09,8361.09
ORD08190,2025-12-30,CUST0632,PROD065,1,0.09,UPI,5346,6510.59,5924.64,578.64
ORD08191,2025-03-21,CUST1410,PROD040,5,0.19,Cash on Delivery,34631,46040.86,186465.48,13310.48
ORD08192,2023-12-05,CUST0123,PROD005,4,0.22,Cash on Delivery,14250,19926.69,62171.27,5171.27
ORD08193,2023-09-05,CUST1309,PROD045,2,0.17,Debit Card,45004,57167.85,94898.63,4890.63
ORD08194,2023-11-02,CUST0366,PROD046,5,0.21,Cash on Delivery,11014,14755.68,58284.94,3214.94
ORD08195,2023-07-23,CUST1913,PROD036,1,0.28,UPI,5763,8597.94,6190.52,427.52
ORD08196,2025-05-02,CUST0691,PROD017,3,0.26,Debit Card,28919,35358.6,78496.09,-8260.91
ORD08197,2024-03-22,CUST1514,PROD041,3,0.07,Debit Card,37776,51954.77,144953.81,31625.81
ORD08198,2024-12-13,CUST0325,PROD030,4,0.27,Cash on Delivery,27284,34590.71,101004.87,-8131.13
ORD08199,2024-03-08,CUST0407,PROD052,2,0.09,Credit Card,20157,26901.68,48961.06,8647.06
ORD08200,2025-04-01,CUST0996,PROD079,2,0.2,Cash on Delivery,16940,22342.58,35748.13,1868.13
ORD08201,2025-12-06,CUST0519,PROD020,4,0.26,UPI,29671,42871.72,126900.29,8216.29
ORD08202,2024-05-19,CUST0896,PROD036,1,0.19,Credit Card,5763,8616.98,6979.75,1216.75
ORD08203,2023-04-25,CUST1848,PROD066,1,0.24,UPI,26705,36716.22,27904.33,1199.33
ORD08204,2025-09-21,CUST1663,PROD045,2,0.28,Debit Card,45004,55128.26,79384.69,-10623.31
ORD08205,2023-08-11,CUST0077,PROD004,2,0.29,UPI,42258,65114.55,92462.66,7946.66
ORD08206,2024-09-27,CUST0234,PROD050,2,0.12,UPI,1097,1353.47,2382.11,188.11
ORD08207,2024-11-02,CUST0830,PROD088,1,0.3,UPI,27486,38763.58,27134.51,-351.49
ORD08208,2025-08-15,CUST0586,PROD055,3,0.08,Cash on Delivery,44065,61130.75,168720.87,36525.87
ORD08209,2025-07-21,CUST0484,PROD059,4,0.14,Cash on Delivery,42048,53779.28,185000.72,16808.72
ORD08210,2023-04-06,CUST1488,PROD042,4,0.23,UPI,35023,55295.22,170309.28,30217.28
ORD08211,2023-04-17,CUST0271,PROD002,5,0.29,Cash on Delivery,8668,12607.6,44756.98,1416.98
ORD08212,2024-09-23,CUST1845,PROD046,5,0.02,Debit Card,11014,14995.47,73477.8,18407.8
ORD08213,2024-11-28,CUST0939,PROD002,3,0.28,Debit Card,8668,11698.06,25267.81,-736.19
ORD08214,2023-02-01,CUST1491,PROD050,2,0.3,Credit Card,1097,1307.19,1830.07,-363.93
ORD08215,2023-03-07,CUST0469,PROD001,3,0.27,Cash on Delivery,19397,29120.84,63774.64,5583.64
ORD08216,2025-02-17,CUST0632,PROD013,5,0.03,Cash on Delivery,24204,28745.63,139416.31,18396.31
ORD08217,2025-07-04,CUST0547,PROD070,5,0.25,UPI,39873,49455.45,185457.94,-13907.06
ORD08218,2024-07-02,CUST0719,PROD022,4,0.19,Credit Card,46697,57158.19,185192.54,-1595.46
ORD08219,2023-07-20,CUST1008,PROD017,3,0.0,Debit Card,28919,34143.8,102431.4,15674.4
ORD08220,2023-02-18,CUST0270,PROD059,1,0.3,Debit Card,42048,64052.27,44836.59,2788.59
ORD08221,2025-02-25,CUST0605,PROD086,5,0.05,UPI,12989,20234.69,96114.78,31169.78
ORD08222,2025-08-08,CUST0965,PROD070,4,0.12,Cash on Delivery,39873,57077.52,200912.87,41420.87
ORD08223,2023-09-20,CUST0378,PROD003,2,0.01,UPI,7361,11372.67,22517.89,7795.89
ORD08224,2023-12-10,CUST0177,PROD070,3,0.09,Credit Card,39873,57966.51,158248.57,38629.57
ORD08225,2023-01-11,CUST0274,PROD081,5,0.17,Debit Card,2375,3463.35,14372.9,2497.9
ORD08226,2023-07-20,CUST1715,PROD099,1,0.28,Credit Card,42208,65433.46,47112.09,4904.09
ORD08227,2025-08-02,CUST1665,PROD049,5,0.3,Debit Card,1602,1908.57,6680.0,-1330.0
ORD08228,2025-07-14,CUST0637,PROD050,1,0.13,Debit Card,1097,1288.57,1121.06,24.06
ORD08229,2023-01-03,CUST0027,PROD035,3,0.13,Credit Card,34337,40315.63,105223.79,2212.79
ORD08230,2025-03-18,CUST0576,PROD023,1,0.05,Debit Card,14296,19128.87,18172.43,3876.43
ORD08231,2024-07-13,CUST0060,PROD072,1,0.15,Debit Card,16543,26069.74,22159.28,5616.28
ORD08232,2023-07-18,CUST0731,PROD007,4,0.28,Credit Card,3479,5362.77,15444.78,1528.78
ORD08233,2023-04-19,CUST1241,PROD050,3,0.05,Debit Card,1097,1647.57,4695.57,1404.57
ORD08234,2023-04-18,CUST1705,PROD010,5,0.08,Credit Card,38184,50851.99,233919.15,42999.15
ORD08235,2024-07-05,CUST0661,PROD090,2,0.27,UPI,39865,60629.97,88519.76,8789.76
ORD08236,2025-08-30,CUST0270,PROD055,3,0.19,Cash on Delivery,44065,55007.25,133667.62,1472.62
ORD08237,2023-02-21,CUST1140,PROD074,3,0.1,Cash on Delivery,36254,51241.7,138352.59,29590.59
ORD08238,2023-04-22,CUST0245,PROD019,2,0.24,Cash on Delivery,26105,38783.29,58950.6,6740.6
ORD08239,2023-10-22,CUST0660,PROD023,5,0.03,Debit Card,14296,17035.09,82620.19,11140.19
ORD08240,2023-03-06,CUST1628,PROD095,4,0.26,Credit Card,3434,5299.9,15687.7,1951.7
ORD08241,2024-07-27,CUST0085,PROD064,5,0.16,Cash on Delivery,24886,36763.93,154408.51,29978.51
ORD08242,2024-04-09,CUST1623,PROD033,2,0.23,Debit Card,8919,12397.19,19091.67,1253.67
ORD08243,2023-09-15,CUST0907,PROD066,5,0.16,Debit Card,26705,31460.73,132135.07,-1389.93
ORD08244,2025-09-30,CUST1656,PROD092,3,0.07,Credit Card,4811,7036.25,19631.14,5198.14
ORD08245,2024-09-25,CUST1474,PROD096,4,0.19,UPI,16906,22844.45,74016.02,6392.02
ORD08246,2023-07-29,CUST1876,PROD097,1,0.05,Credit Card,10894,16139.51,15332.53,4438.53
ORD08247,2023-03-30,CUST0536,PROD009,5,0.07,Debit Card,7565,8823.56,41029.55,3204.55
ORD08248,2023-01-28,CUST1911,PROD029,1,0.16,UPI,23495,33096.04,27800.67,4305.67
ORD08249,2023-08-26,CUST0089,PROD079,4,0.12,UPI,16940,22888.64,80568.01,12808.01
ORD08250,2023-12-02,CUST0549,PROD018,1,0.22,Cash on Delivery,34967,46975.26,36640.7,1673.7
ORD08251,2023-03-04,CUST0854,PROD082,5,0.18,Debit Card,37566,51950.3,212996.23,25166.23
ORD08252,2024-05-14,CUST0895,PROD071,2,0.11,Credit Card,43519,52468.72,93394.32,6356.32
ORD08253,2025-03-01,CUST0507,PROD078,3,0.1,Credit Card,3912,6145.57,16593.04,4857.04
ORD08254,2024-08-14,CUST0408,PROD029,3,0.27,Cash on Delivery,23495,34469.89,75489.06,5004.06
ORD08255,2025-12-10,CUST1295,PROD083,1,0.01,Debit Card,37036,44005.52,43565.46,6529.46
ORD08256,2023-10-28,CUST0524,PROD061,3,0.21,Credit Card,13164,15609.3,36994.04,-2497.96
ORD08257,2023-08-17,CUST1518,PROD005,3,0.12,Credit Card,14250,17738.37,46829.3,4079.3
ORD08258,2023-05-30,CUST0607,PROD069,2,0.11,Credit Card,21682,27273.25,48546.38,5182.38
ORD08259,2024-06-10,CUST1003,PROD056,1,0.2,UPI,6756,9265.64,7412.51,656.51
ORD08260,2023-11-29,CUST0448,PROD052,2,0.26,UPI,20157,28046.55,41508.89,1194.89
ORD08261,2023-06-23,CUST0543,PROD015,2,0.22,Cash on Delivery,18761,22806.13,35577.56,-1944.44
ORD08262,2023-03-02,CUST0949,PROD090,4,0.2,Cash on Delivery,39865,63309.18,202589.38,43129.38
ORD08263,2025-12-20,CUST0350,PROD088,1,0.15,Credit Card,27486,41810.22,35538.69,8052.69
ORD08264,2025-03-29,CUST1769,PROD083,2,0.14,Debit Card,37036,53149.23,91416.68,17344.68
ORD08265,2024-06-07,CUST0852,PROD020,5,0.14,Debit Card,29671,37832.23,162678.59,14323.59
ORD08266,2023-08-04,CUST0328,PROD073,3,0.04,Cash on Delivery,46032,71793.95,206766.58,68670.58
ORD08267,2024-09-15,CUST1836,PROD092,1,0.17,Debit Card,4811,6215.14,5158.57,347.57
ORD08268,2024-07-31,CUST1310,PROD016,4,0.09,Debit Card,45432,58773.41,213935.21,32207.21
ORD08269,2024-11-24,CUST1059,PROD075,2,0.19,Credit Card,900,1177.94,1908.26,108.26
ORD08270,2024-02-27,CUST1557,PROD098,5,0.16,Credit Card,27372,32068.24,134686.61,-2173.39
ORD08271,2024-12-16,CUST0623,PROD025,3,0.28,Debit Card,31820,37478.69,80953.97,-14506.03
ORD08272,2025-01-23,CUST0488,PROD057,3,0.13,Credit Card,43648,59540.74,155401.33,24457.33
ORD08273,2025-01-16,CUST1855,PROD021,5,0.2,Debit Card,22664,35056.43,140225.72,26905.72
ORD08274,2024-11-18,CUST1884,PROD005,1,0.18,Debit Card,14250,22430.48,18392.99,4142.99
ORD08275,2024-12-23,CUST0487,PROD075,3,0.21,UPI,900,1349.17,3197.53,497.53
ORD08276,2025-01-16,CUST0145,PROD009,3,0.08,Debit Card,7565,10076.5,27811.14,5116.14
ORD08277,2023-08-30,CUST1548,PROD011,3,0.08,UPI,23684,30545.76,84306.3,13254.3
ORD08278,2024-10-26,CUST0756,PROD065,2,0.17,Cash on Delivery,5346,6666.82,11066.92,374.92
ORD08279,2024-12-08,CUST0146,PROD063,2,0.25,Debit Card,48779,67915.12,101872.68,4314.68
ORD08280,2024-03-10,CUST1021,PROD026,3,0.22,Cash on Delivery,1165,1592.68,3726.87,231.87
ORD08281,2025-02-19,CUST1775,PROD074,4,0.15,Credit Card,36254,49309.19,167651.25,22635.25
ORD08282,2024-04-28,CUST1527,PROD019,3,0.08,UPI,26105,33735.5,93109.98,14794.98
ORD08283,2024-01-19,CUST1628,PROD016,1,0.23,Cash on Delivery,45432,64143.95,49390.84,3958.84
ORD08284,2023-06-19,CUST0828,PROD056,4,0.28,Credit Card,6756,9617.63,27698.77,674.77
ORD08285,2025-10-17,CUST1859,PROD068,1,0.06,Debit Card,30755,47480.72,44631.88,13876.88
ORD08286,2025-08-07,CUST0627,PROD078,5,0.24,UPI,3912,5839.17,22188.85,2628.85
ORD08287,2025-05-18,CUST1551,PROD030,5,0.05,Debit Card,27284,35426.91,168277.82,31857.82
ORD08288,2023-11-19,CUST1296,PROD007,2,0.27,Cash on Delivery,3479,4595.03,6708.74,-249.26
ORD08289,2025-04-27,CUST0534,PROD012,2,0.19,Debit Card,33865,42594.55,69003.17,1273.17
ORD08290,2024-11-26,CUST0630,PROD024,2,0.05,Credit Card,37354,45829.01,87075.12,12367.12
ORD08291,2023-12-25,CUST0881,PROD022,5,0.01,Cash on Delivery,46697,55989.76,277149.31,43664.31
ORD08292,2023-02-01,CUST1119,PROD047,1,0.21,UPI,47956,55885.73,44149.73,-3806.27
ORD08293,2023-06-26,CUST1471,PROD030,4,0.18,Credit Card,27284,36504.81,119735.78,10599.78
ORD08294,2025-07-05,CUST0415,PROD060,2,0.18,Credit Card,7054,11156.64,18296.89,4188.89
ORD08295,2023-03-06,CUST0257,PROD039,5,0.14,UPI,46187,64297.17,276477.83,45542.83
ORD08296,2023-01-27,CUST1867,PROD020,2,0.18,Credit Card,29671,44030.89,72210.66,12868.66
ORD08297,2023-09-25,CUST1286,PROD026,3,0.26,Cash on Delivery,1165,1548.26,3437.14,-57.86
ORD08298,2024-08-19,CUST0087,PROD049,4,0.29,Debit Card,1602,2119.42,6019.15,-388.85
ORD08299,2025-10-08,CUST0905,PROD069,1,0.1,UPI,21682,26155.89,23540.3,1858.3
ORD08300,2023-03-07,CUST1460,PROD042,2,0.15,UPI,35023,45002.21,76503.76,6457.76
ORD08301,2023-05-13,CUST2000,PROD006,3,0.08,Cash on Delivery,17488,27419.48,75677.76,23213.76
ORD08302,2025-07-04,CUST1854,PROD053,3,0.12,Cash on Delivery,45509,62374.21,164667.91,28140.91
ORD08303,2023-03-23,CUST0570,PROD034,4,0.24,UPI,48452,60175.17,182932.52,-10875.48
ORD08304,2025-09-08,CUST0742,PROD069,5,0.13,UPI,21682,31410.48,136635.59,28225.59
ORD08305,2024-08-07,CUST0108,PROD010,5,0.12,UPI,38184,50878.33,223864.65,32944.65
ORD08306,2023-11-23,CUST1043,PROD028,2,0.26,UPI,24730,37646.49,55716.81,6256.81
ORD08307,2024-06-25,CUST1389,PROD003,2,0.0,Cash on Delivery,7361,8772.64,17545.28,2823.28
ORD08308,2023-07-29,CUST1677,PROD077,5,0.26,Debit Card,10916,15116.62,55931.49,1351.49
ORD08309,2023-05-13,CUST1403,PROD048,1,0.05,UPI,7733,11681.05,11097.0,3364.0
ORD08310,2023-06-06,CUST0160,PROD066,1,0.08,Credit Card,26705,40970.87,37693.2,10988.2
ORD08311,2025-05-24,CUST0100,PROD035,3,0.11,Credit Card,34337,45611.75,121783.37,18772.37
ORD08312,2024-01-17,CUST0265,PROD052,4,0.26,Credit Card,20157,29902.27,88510.72,7882.72
ORD08313,2025-11-11,CUST1774,PROD062,1,0.27,Cash on Delivery,42867,67925.74,49585.79,6718.79
ORD08314,2025-08-31,CUST0750,PROD052,2,0.2,UPI,20157,28821.84,46114.94,5800.94
ORD08315,2024-08-17,CUST1073,PROD047,1,0.13,Cash on Delivery,47956,72663.67,63217.39,15261.39
ORD08316,2024-04-16,CUST0677,PROD054,4,0.15,Credit Card,39049,54988.31,186960.25,30764.25
ORD08317,2023-08-22,CUST0799,PROD028,2,0.17,Debit Card,24730,37233.38,61807.41,12347.41
ORD08318,2024-07-25,CUST1439,PROD023,4,0.29,Credit Card,14296,22492.1,63877.56,6693.56
ORD08319,2025-02-09,CUST1083,PROD087,5,0.29,UPI,1853,2724.2,9670.91,405.91
ORD08320,2023-10-28,CUST0183,PROD035,4,0.25,Debit Card,34337,41873.73,125621.19,-11726.81
ORD08321,2023-11-02,CUST0659,PROD032,4,0.18,Debit Card,17963,21319.64,69928.42,-1923.58
ORD08322,2023-01-02,CUST1471,PROD002,4,0.12,Debit Card,8668,13135.82,46238.09,11566.09
ORD08323,2023-09-28,CUST1922,PROD016,2,0.07,Credit Card,45432,57528.95,107003.85,16139.85
ORD08324,2024-02-25,CUST1325,PROD016,4,0.16,Cash on Delivery,45432,70141.07,235674.0,53946.0
ORD08325,2024-11-30,CUST0608,PROD051,4,0.1,Credit Card,47215,58464.92,210473.71,21613.71
ORD08326,2025-05-13,CUST1579,PROD067,3,0.02,UPI,26070,40668.44,119565.21,41355.21
ORD08327,2025-08-17,CUST1378,PROD092,2,0.14,Debit Card,4811,7275.9,12514.55,2892.55
ORD08328,2025-09-20,CUST1793,PROD093,4,0.17,Cash on Delivery,48575,75124.56,249413.54,55113.54
ORD08329,2025-10-06,CUST1237,PROD054,1,0.18,Cash on Delivery,39049,48995.5,40176.31,1127.31
ORD08330,2025-05-28,CUST1213,PROD020,4,0.02,UPI,29671,45851.79,179739.02,61055.02
ORD08331,2024-11-22,CUST0643,PROD100,1,0.14,UPI,41593,58829.22,50593.13,9000.13
ORD08332,2025-05-16,CUST0347,PROD033,5,0.2,UPI,8919,10594.02,42376.08,-2218.92
ORD08333,2025-11-26,CUST0812,PROD086,5,0.29,Debit Card,12989,20379.33,72346.62,7401.62
ORD08334,2023-04-17,CUST1927,PROD008,2,0.01,Debit Card,24024,29731.83,58869.02,10821.02
ORD08335,2023-10-08,CUST0801,PROD024,2,0.2,UPI,37354,46545.87,74473.39,-234.61
ORD08336,2024-07-02,CUST1161,PROD053,5,0.02,Debit Card,45509,66753.24,327090.88,99545.88
ORD08337,2024-07-05,CUST1054,PROD064,2,0.05,Credit Card,24886,35148.46,66782.07,17010.07
ORD08338,2023-07-07,CUST0146,PROD058,1,0.05,Cash on Delivery,29901,46536.31,44209.49,14308.49
ORD08339,2025-01-21,CUST1848,PROD037,1,0.1,Debit Card,49377,63603.96,57243.56,7866.56
ORD08340,2025-05-19,CUST1492,PROD084,3,0.25,Cash on Delivery,6252,7307.18,16441.16,-2314.84
ORD08341,2023-01-19,CUST1641,PROD012,2,0.26,Credit Card,33865,54107.79,80079.53,12349.53
ORD08342,2025-05-08,CUST0503,PROD084,2,0.11,Debit Card,6252,8069.67,14364.01,1860.01
ORD08343,2025-09-11,CUST0799,PROD084,3,0.13,UPI,6252,7645.36,19954.39,1198.39
ORD08344,2024-02-14,CUST0968,PROD004,4,0.07,UPI,42258,67315.79,250414.74,81382.74
ORD08345,2024-04-28,CUST1215,PROD094,1,0.13,Credit Card,11294,15848.89,13788.53,2494.53
ORD08346,2024-09-15,CUST0471,PROD031,4,0.08,Credit Card,15105,18382.58,67647.89,7227.89
ORD08347,2024-10-17,CUST0690,PROD086,3,0.05,Debit Card,12989,19822.77,56494.89,17527.89
ORD08348,2025-02-06,CUST1369,PROD079,2,0.05,Credit Card,16940,26687.93,50707.07,16827.07
ORD08349,2023-01-18,CUST1775,PROD038,4,0.23,Cash on Delivery,41219,63748.32,196344.83,31468.83
ORD08350,2023-07-03,CUST0001,PROD037,2,0.04,UPI,49377,61196.8,117497.86,18743.86
ORD08351,2024-02-09,CUST0110,PROD092,3,0.18,Debit Card,4811,5646.72,13890.93,-542.07
ORD08352,2025-03-09,CUST1874,PROD075,5,0.05,Credit Card,900,1185.38,5630.56,1130.56
ORD08353,2024-04-23,CUST1811,PROD014,2,0.25,Cash on Delivery,6122,8017.86,12026.79,-217.21
ORD08354,2023-01-08,CUST1907,PROD075,4,0.08,UPI,900,1199.4,4413.79,813.79
ORD08355,2024-12-05,CUST0894,PROD073,4,0.01,UPI,46032,69487.2,275169.31,91041.31
ORD08356,2024-06-14,CUST1770,PROD024,3,0.14,Debit Card,37354,43119.25,111247.66,-814.34
ORD08357,2025-07-01,CUST1088,PROD010,4,0.3,Debit Card,38184,55506.78,155418.98,2682.98
ORD08358,2024-11-19,CUST0756,PROD038,1,0.24,Debit Card,41219,65675.03,49913.02,8694.02
ORD08359,2025-10-31,CUST0053,PROD043,2,0.17,Debit Card,1019,1354.88,2249.1,211.1
ORD08360,2024-07-06,CUST0262,PROD037,1,0.06,Credit Card,49377,67561.36,63507.68,14130.68
ORD08361,2024-03-21,CUST1553,PROD042,3,0.04,Debit Card,35023,50173.56,144499.85,39430.85
ORD08362,2024-12-06,CUST1326,PROD032,1,0.25,Credit Card,17963,22965.92,17224.44,-738.56
ORD08363,2023-07-15,CUST1992,PROD084,1,0.24,Cash on Delivery,6252,9211.28,7000.57,748.57
ORD08364,2025-05-09,CUST0886,PROD014,2,0.14,Cash on Delivery,6122,7599.54,13071.21,827.21
ORD08365,2024-09-19,CUST0234,PROD004,2,0.13,UPI,42258,49828.79,86702.09,2186.09
ORD08366,2025-09-07,CUST0073,PROD024,5,0.22,Cash on Delivery,37354,56426.88,220064.83,33294.83
ORD08367,2024-09-21,CUST1381,PROD096,1,0.16,Cash on Delivery,16906,20784.8,17459.23,553.23
ORD08368,2023-02-13,CUST0951,PROD010,2,0.12,Debit Card,38184,56480.71,99406.05,23038.05
ORD08369,2024-05-03,CUST1627,PROD016,1,0.08,Debit Card,45432,70060.16,64455.35,19023.35
ORD08370,2023-06-30,CUST0484,PROD039,1,0.04,Debit Card,46187,54066.44,51903.78,5716.78
ORD08371,2024-01-09,CUST1030,PROD096,3,0.18,Cash on Delivery,16906,24818.23,61052.85,10334.85
ORD08372,2024-09-19,CUST1734,PROD018,3,0.25,Debit Card,34967,50380.66,113356.49,8455.49
ORD08373,2025-08-14,CUST0877,PROD025,1,0.22,Debit Card,31820,45526.33,35510.54,3690.54
ORD08374,2023-03-08,CUST1732,PROD007,3,0.21,Debit Card,3479,4463.25,10577.9,140.9
ORD08375,2025-02-17,CUST1832,PROD056,2,0.28,Debit Card,6756,7908.12,11387.69,-2124.31
ORD08376,2024-10-12,CUST0859,PROD047,1,0.12,Credit Card,47956,57274.75,50401.78,2445.78
ORD08377,2023-12-07,CUST1858,PROD082,3,0.04,Debit Card,37566,47814.44,137705.59,25007.59
ORD08378,2025-06-21,CUST0137,PROD082,2,0.03,Cash on Delivery,37566,50067.39,97130.74,21998.74
ORD08379,2024-02-02,CUST0779,PROD003,1,0.29,Debit Card,7361,11506.3,8169.47,808.47
ORD08380,2024-12-03,CUST1428,PROD001,1,0.18,Debit Card,19397,28277.61,23187.64,3790.64
ORD08381,2023-04-07,CUST0628,PROD033,3,0.24,Credit Card,8919,10361.68,23624.63,-3132.37
ORD08382,2024-03-24,CUST0555,PROD071,2,0.16,Debit Card,43519,68058.12,114337.64,27299.64
ORD08383,2023-03-18,CUST0743,PROD074,1,0.12,Debit Card,36254,53444.11,47030.82,10776.82
ORD08384,2025-06-14,CUST0570,PROD059,1,0.06,UPI,42048,57675.48,54214.95,12166.95
ORD08385,2024-07-02,CUST1230,PROD072,5,0.26,Debit Card,16543,22471.3,83143.81,428.81
ORD08386,2025-03-08,CUST0410,PROD032,1,0.02,Cash on Delivery,17963,28200.7,27636.69,9673.69
ORD08387,2025-03-25,CUST1830,PROD087,5,0.27,UPI,1853,2589.57,9451.93,186.93
ORD08388,2025-10-18,CUST1630,PROD017,5,0.06,UPI,28919,39799.75,187058.82,42463.82
ORD08389,2023-05-15,CUST1060,PROD078,2,0.0,Cash on Delivery,3912,5862.45,11724.9,3900.9
ORD08390,2024-10-15,CUST0230,PROD017,4,0.03,Cash on Delivery,28919,40975.39,158984.51,43308.51
ORD08391,2024-10-07,CUST1251,PROD089,5,0.27,Debit Card,21871,27600.93,100743.39,-8611.61
ORD08392,2024-12-20,CUST1719,PROD021,2,0.02,Debit Card,22664,36250.97,71051.9,25723.9
ORD08393,2024-09-04,CUST0262,PROD055,3,0.11,Debit Card,44065,56242.4,150167.21,17972.21
ORD08394,2024-04-28,CUST1155,PROD006,5,0.08,UPI,17488,25487.13,117240.8,29800.8
ORD08395,2025-12-05,CUST1601,PROD084,4,0.01,Cash on Delivery,6252,8567.62,33927.78,8919.78
ORD08396,2024-10-09,CUST0892,PROD049,3,0.16,Credit Card,1602,1930.13,4863.93,57.93
ORD08397,2025-03-02,CUST0448,PROD084,5,0.3,Credit Card,6252,9887.79,34607.26,3347.26
ORD08398,2024-08-01,CUST0186,PROD026,5,0.26,Debit Card,1165,1515.76,5608.31,-216.69
ORD08399,2025-10-24,CUST1653,PROD032,4,0.05,Cash on Delivery,17963,25968.35,98679.73,26827.73
ORD08400,2023-01-01,CUST1210,PROD072,1,0.27,Debit Card,16543,24516.2,17896.83,1353.83
ORD08401,2023-04-19,CUST1298,PROD044,4,0.14,UPI,31606,41960.82,144345.22,17921.22
ORD08402,2024-04-04,CUST1687,PROD059,2,0.08,UPI,42048,53288.77,98051.34,13955.34
ORD08403,2023-09-23,CUST0352,PROD029,2,0.19,Credit Card,23495,27642.02,44780.07,-2209.93
ORD08404,2023-02-13,CUST1437,PROD017,4,0.07,Cash on Delivery,28919,45640.08,169781.1,54105.1
ORD08405,2025-06-04,CUST1175,PROD018,4,0.26,Cash on Delivery,34967,49371.18,146138.69,6270.69
ORD08406,2025-08-01,CUST0384,PROD040,4,0.19,UPI,34631,50990.17,165208.15,26684.15
ORD08407,2025-09-09,CUST1060,PROD063,4,0.04,Cash on Delivery,48779,66387.41,254927.65,59811.65
ORD08408,2023-09-19,CUST0326,PROD082,4,0.17,Credit Card,37566,47143.21,156515.46,6251.46
ORD08409,2024-12-28,CUST0465,PROD075,5,0.15,Debit Card,900,1438.14,6112.1,1612.1
ORD08410,2024-09-24,CUST0466,PROD045,3,0.14,Cash on Delivery,45004,71346.11,184072.96,49060.96
ORD08411,2023-06-01,CUST1119,PROD076,2,0.11,Cash on Delivery,19739,30338.79,54003.05,14525.05
ORD08412,2023-08-01,CUST1158,PROD079,2,0.14,Credit Card,16940,26464.65,45519.2,11639.2
ORD08413,2025-10-12,CUST0162,PROD090,3,0.18,Credit Card,39865,56160.55,138154.95,18559.95
ORD08414,2025-05-12,CUST0556,PROD003,4,0.22,Debit Card,7361,9683.43,30212.3,768.3
ORD08415,2024-09-14,CUST0300,PROD003,3,0.28,Credit Card,7361,9601.83,20739.95,-1343.05
ORD08416,2023-12-27,CUST1819,PROD038,4,0.01,UPI,41219,64721.09,256295.52,91419.52
ORD08417,2023-11-16,CUST0356,PROD099,2,0.17,UPI,42208,66751.51,110807.51,26391.51
ORD08418,2023-08-10,CUST1264,PROD073,1,0.23,Debit Card,46032,62061.18,47787.11,1755.11
ORD08419,2023-07-29,CUST0564,PROD040,2,0.03,Debit Card,34631,49286.51,95615.83,26353.83
ORD08420,2025-07-19,CUST1962,PROD068,2,0.27,Cash on Delivery,30755,46512.98,67908.95,6398.95
ORD08421,2024-05-03,CUST0793,PROD054,1,0.07,UPI,39049,57250.86,53243.3,14194.3
ORD08422,2024-08-23,CUST1023,PROD020,3,0.25,UPI,29671,45733.55,102900.49,13887.49
ORD08423,2025-02-12,CUST0586,PROD015,5,0.2,UPI,18761,26713.5,106854.0,13049.0
ORD08424,2025-05-27,CUST1831,PROD093,4,0.17,UPI,48575,68593.57,227730.65,33430.65
ORD08425,2024-11-30,CUST0750,PROD005,4,0.26,Credit Card,14250,18797.2,55639.71,-1360.29
ORD08426,2024-03-27,CUST1191,PROD039,2,0.29,UPI,46187,54638.07,77586.06,-14787.94
ORD08427,2024-02-17,CUST0140,PROD040,1,0.3,Debit Card,34631,40691.22,28483.85,-6147.15
ORD08428,2024-04-20,CUST1163,PROD007,2,0.2,Cash on Delivery,3479,4238.42,6781.47,-176.53
ORD08429,2023-09-13,CUST1905,PROD072,2,0.1,Cash on Delivery,16543,19454.53,35018.15,1932.15
ORD08430,2023-05-07,CUST0235,PROD096,3,0.26,Debit Card,16906,23513.12,52199.13,1481.13
ORD08431,2024-01-27,CUST1027,PROD100,4,0.2,UPI,41593,55385.64,177234.05,10862.05
ORD08432,2024-04-24,CUST0256,PROD033,5,0.1,Credit Card,8919,10362.31,46630.4,2035.4
ORD08433,2025-09-19,CUST0371,PROD037,1,0.28,UPI,49377,57270.01,41234.41,-8142.59
ORD08434,2025-07-11,CUST0278,PROD032,5,0.22,UPI,17963,24885.17,97052.16,7237.16
ORD08435,2024-02-06,CUST0516,PROD043,1,0.14,Debit Card,1019,1423.65,1224.34,205.34
ORD08436,2023-10-01,CUST0904,PROD063,4,0.14,Cash on Delivery,48779,56914.29,195785.16,669.16
ORD08437,2025-04-24,CUST1806,PROD036,3,0.3,Cash on Delivery,5763,8364.96,17566.42,277.42
ORD08438,2023-05-19,CUST1236,PROD098,5,0.11,Cash on Delivery,27372,33028.17,146975.36,10115.36
ORD08439,2023-04-13,CUST1240,PROD049,1,0.03,Debit Card,1602,2198.8,2132.84,530.84
ORD08440,2024-04-28,CUST0270,PROD025,2,0.16,Credit Card,31820,38867.04,65296.63,1656.63
ORD08441,2024-06-12,CUST0476,PROD096,4,0.27,Credit Card,16906,19739.07,57638.08,-9985.92
ORD08442,2023-08-12,CUST1552,PROD066,3,0.18,Cash on Delivery,26705,33262.8,81826.49,1711.49
ORD08443,2023-04-24,CUST0928,PROD009,2,0.24,Cash on Delivery,7565,10279.82,15625.33,495.33
ORD08444,2024-10-05,CUST0064,PROD093,3,0.02,Credit Card,48575,72122.18,212039.21,66314.21
ORD08445,2024-10-12,CUST1775,PROD018,1,0.2,Debit Card,34967,44390.64,35512.51,545.51
ORD08446,2024-04-02,CUST0460,PROD022,2,0.02,Credit Card,46697,68097.26,133470.63,40076.63
ORD08447,2024-01-10,CUST1040,PROD099,3,0.17,UPI,42208,64924.86,161662.9,35038.9
ORD08448,2024-09-02,CUST0564,PROD015,4,0.15,UPI,18761,23852.74,81099.32,6055.32
ORD08449,2023-07-26,CUST1043,PROD007,5,0.28,Debit Card,3479,4818.42,17346.31,-48.69
ORD08450,2025-07-05,CUST1349,PROD013,5,0.04,Cash on Delivery,24204,32294.09,155011.63,33991.63
ORD08451,2023-11-17,CUST0908,PROD036,2,0.0,UPI,5763,6698.68,13397.36,1871.36
ORD08452,2023-04-03,CUST0093,PROD016,4,0.04,Credit Card,45432,60258.41,231392.29,49664.29
ORD08453,2025-05-21,CUST0773,PROD041,4,0.05,UPI,37776,49854.5,189447.1,38343.1
ORD08454,2023-04-09,CUST0810,PROD021,3,0.08,Credit Card,22664,32406.2,89441.11,21449.11
ORD08455,2023-08-13,CUST1041,PROD028,2,0.24,Credit Card,24730,38081.58,57884.0,8424.0
ORD08456,2025-05-01,CUST1647,PROD074,4,0.11,Credit Card,36254,52653.17,187445.29,42429.29
ORD08457,2024-03-16,CUST0840,PROD083,3,0.25,UPI,37036,48514.29,109157.15,-1950.85
ORD08458,2024-12-20,CUST1896,PROD017,4,0.08,Debit Card,28919,39098.25,143881.56,28205.56
ORD08459,2024-08-07,CUST0488,PROD065,2,0.26,Credit Card,5346,8282.14,12257.57,1565.57
ORD08460,2023-03-05,CUST1118,PROD013,4,0.0,UPI,24204,34794.48,139177.92,42361.92
ORD08461,2025-02-06,CUST1034,PROD036,4,0.28,Cash on Delivery,5763,7638.44,21998.71,-1053.29
ORD08462,2024-07-13,CUST1748,PROD058,4,0.22,Debit Card,29901,42461.63,132480.29,12876.29
ORD08463,2024-10-31,CUST0749,PROD020,5,0.12,UPI,29671,42724.74,187988.86,39633.86
ORD08464,2024-01-03,CUST1790,PROD052,1,0.17,Debit Card,20157,27555.1,22870.73,2713.73
ORD08465,2025-01-13,CUST0528,PROD006,2,0.28,UPI,17488,26921.4,38766.82,3790.82
ORD08466,2024-09-09,CUST1513,PROD023,5,0.17,Credit Card,14296,21668.81,89925.56,18445.56
ORD08467,2025-10-02,CUST1168,PROD042,1,0.07,Cash on Delivery,35023,48541.35,45143.46,10120.46
ORD08468,2025-12-19,CUST0554,PROD024,4,0.17,UPI,37354,59066.36,196100.32,46684.32
ORD08469,2024-05-14,CUST0515,PROD005,4,0.26,Debit Card,14250,22499.99,66599.97,9599.97
ORD08470,2025-10-03,CUST1943,PROD032,5,0.3,Cash on Delivery,17963,28466.48,99632.68,9817.68
ORD08471,2024-02-15,CUST1494,PROD046,3,0.18,Cash on Delivery,11014,13759.0,33847.14,805.14
ORD08472,2025-10-14,CUST0377,PROD017,2,0.05,Cash on Delivery,28919,34602.12,65744.03,7906.03
ORD08473,2024-04-08,CUST1692,PROD075,1,0.23,Credit Card,900,1285.73,990.01,90.01
ORD08474,2024-12-02,CUST1518,PROD027,4,0.3,Credit Card,33194,49041.01,137314.83,4538.83
ORD08475,2023-06-12,CUST1709,PROD068,2,0.14,UPI,30755,39617.01,68141.26,6631.26
ORD08476,2023-03-01,CUST0484,PROD023,4,0.12,Credit Card,14296,19899.39,70045.85,12861.85
ORD08477,2025-11-20,CUST0452,PROD087,4,0.17,Cash on Delivery,1853,2671.17,8868.28,1456.28
ORD08478,2023-11-29,CUST1560,PROD034,4,0.05,Debit Card,48452,65822.7,250126.26,56318.26
ORD08479,2023-03-17,CUST0787,PROD021,2,0.29,Cash on Delivery,22664,31584.63,44850.17,-477.83
ORD08480,2023-11-13,CUST1099,PROD022,5,0.25,Cash on Delivery,46697,55281.66,207306.23,-26178.77
ORD08481,2023-07-09,CUST1064,PROD065,2,0.03,Credit Card,5346,8539.41,16566.46,5874.46
ORD08482,2023-10-23,CUST0302,PROD032,2,0.28,Debit Card,17963,23718.42,34154.52,-1771.48
ORD08483,2024-05-15,CUST1576,PROD062,3,0.28,Cash on Delivery,42867,53256.02,115033.0,-13568.0
ORD08484,2023-06-26,CUST1086,PROD028,3,0.09,Debit Card,24730,33781.35,92223.09,18033.09
ORD08485,2025-03-10,CUST1774,PROD082,5,0.19,Debit Card,37566,48567.52,196698.46,8868.46
ORD08486,2025-03-16,CUST1527,PROD007,3,0.03,Cash on Delivery,3479,4613.8,13426.16,2989.16
ORD08487,2025-05-09,CUST0999,PROD054,5,0.03,Credit Card,39049,54797.08,265765.84,70520.84
ORD08488,2023-08-03,CUST1269,PROD070,4,0.15,Credit Card,39873,50849.85,172889.49,13397.49
ORD08489,2024-10-14,CUST0018,PROD014,4,0.01,UPI,6122,8876.39,35150.5,10662.5
ORD08490,2024-08-19,CUST1676,PROD094,2,0.26,Cash on Delivery,11294,15182.3,22469.8,-118.2
ORD08491,2023-05-08,CUST0398,PROD055,4,0.28,Cash on Delivery,44065,52343.29,150748.68,-25511.32
ORD08492,2024-07-04,CUST1007,PROD058,3,0.02,Debit Card,29901,46320.05,136180.95,46477.95
ORD08493,2024-09-10,CUST0594,PROD044,1,0.01,Debit Card,31606,43136.63,42705.26,11099.26
ORD08494,2023-12-14,CUST0189,PROD046,2,0.07,UPI,11014,17240.43,32067.2,10039.2
ORD08495,2023-05-22,CUST1644,PROD014,5,0.28,UPI,6122,8088.93,29120.15,-1489.85
ORD08496,2025-03-02,CUST1770,PROD044,4,0.23,Debit Card,31606,44064.78,135719.52,9295.52
ORD08497,2023-09-02,CUST1804,PROD041,2,0.2,Debit Card,37776,58292.25,93267.6,17715.6
ORD08498,2024-12-03,CUST0104,PROD073,2,0.23,UPI,46032,62511.32,96267.43,4203.43
ORD08499,2023-08-02,CUST1947,PROD095,2,0.06,Credit Card,3434,4927.47,9263.64,2395.64
ORD08500,2023-07-19,CUST1670,PROD002,4,0.08,UPI,8668,10931.88,40229.32,5557.32
ORD08501,2024-02-09,CUST1368,PROD082,5,0.1,Debit Card,37566,47226.32,212518.44,24688.44
ORD08502,2024-02-25,CUST1395,PROD005,2,0.18,Cash on Delivery,14250,19867.23,32582.26,4082.26
ORD08503,2023-01-07,CUST0033,PROD090,2,0.18,Debit Card,39865,56844.88,93225.6,13495.6
ORD08504,2024-08-14,CUST0749,PROD087,2,0.06,Credit Card,1853,2677.77,5034.21,1328.21
ORD08505,2023-10-13,CUST0374,PROD012,4,0.13,Debit Card,33865,50658.23,176290.64,40830.64
ORD08506,2024-11-01,CUST1872,PROD078,3,0.21,Debit Card,3912,6122.91,14511.3,2775.3
ORD08507,2024-01-24,CUST1202,PROD077,5,0.09,UPI,10916,13733.03,62485.29,7905.29
ORD08508,2024-02-20,CUST1036,PROD099,2,0.02,Credit Card,42208,60305.05,118197.9,33781.9
ORD08509,2025-02-22,CUST1887,PROD047,2,0.06,UPI,47956,64712.17,121658.88,25746.88
ORD08510,2025-10-03,CUST1977,PROD079,2,0.05,Cash on Delivery,16940,20161.19,38306.26,4426.26
ORD08511,2025-10-11,CUST0741,PROD035,4,0.19,Cash on Delivery,34337,46495.77,150646.29,13298.29
ORD08512,2024-03-03,CUST1845,PROD019,3,0.02,Credit Card,26105,39309.2,115569.05,37254.05
ORD08513,2025-10-01,CUST1805,PROD079,2,0.27,Cash on Delivery,16940,20084.14,29322.84,-4557.16
ORD08514,2023-11-30,CUST0890,PROD063,2,0.03,Cash on Delivery,48779,69402.67,134641.18,37083.18
ORD08515,2023-09-29,CUST0456,PROD008,4,0.18,Debit Card,24024,32060.8,105159.42,9063.42
ORD08516,2025-12-02,CUST1894,PROD023,5,0.28,UPI,14296,20648.14,74333.3,2853.3
ORD08517,2023-11-15,CUST1667,PROD013,5,0.02,UPI,24204,36780.79,180225.87,59205.87
ORD08518,2024-06-10,CUST0249,PROD023,3,0.11,UPI,14296,19924.92,53199.54,10311.54
ORD08519,2025-01-29,CUST0448,PROD031,5,0.1,Credit Card,15105,19436.8,87465.6,11940.6
ORD08520,2023-11-17,CUST1018,PROD030,2,0.1,Debit Card,27284,32483.45,58470.21,3902.21
ORD08521,2025-01-08,CUST0980,PROD042,4,0.18,Debit Card,35023,44826.48,147030.85,6938.85
ORD08522,2025-12-03,CUST1594,PROD002,2,0.08,Credit Card,8668,11390.56,20958.63,3622.63
ORD08523,2024-03-29,CUST1028,PROD011,2,0.01,UPI,23684,34071.17,67460.92,20092.92
ORD08524,2025-01-15,CUST1260,PROD025,3,0.29,Debit Card,31820,42153.81,89787.62,-5672.38
ORD08525,2025-07-17,CUST0173,PROD029,5,0.22,Debit Card,23495,31276.92,121979.99,4504.99
ORD08526,2025-04-27,CUST1346,PROD022,5,0.04,UPI,46697,59805.84,287068.03,53583.03
ORD08527,2025-05-17,CUST0371,PROD019,5,0.14,Cash on Delivery,26105,34283.63,147419.61,16894.61
ORD08528,2025-02-12,CUST1572,PROD073,2,0.02,Credit Card,46032,58447.4,114556.9,22492.9
ORD08529,2023-03-24,CUST0791,PROD041,4,0.01,Debit Card,37776,55922.0,221451.12,70347.12
ORD08530,2024-06-26,CUST0749,PROD038,4,0.01,UPI,41219,65634.36,259912.07,95036.07
ORD08531,2023-11-18,CUST0787,PROD029,2,0.23,Cash on Delivery,23495,34786.48,53571.18,6581.18
ORD08532,2025-02-24,CUST1320,PROD074,1,0.13,UPI,36254,42893.3,37317.17,1063.17
ORD08533,2024-06-23,CUST0840,PROD022,2,0.25,UPI,46697,66997.07,100495.61,7101.61
ORD08534,2023-09-09,CUST0400,PROD088,5,0.09,Cash on Delivery,27486,40302.79,183377.69,45947.69
ORD08535,2025-04-15,CUST1082,PROD008,2,0.23,Credit Card,24024,36041.05,55503.22,7455.22
ORD08536,2024-03-24,CUST1899,PROD047,1,0.02,Debit Card,47956,71608.32,70176.15,22220.15
ORD08537,2024-05-04,CUST1554,PROD006,2,0.19,Credit Card,17488,24112.01,39061.46,4085.46
ORD08538,2024-04-08,CUST0548,PROD007,5,0.11,Credit Card,3479,4411.69,19632.02,2237.02
ORD08539,2023-11-10,CUST0408,PROD084,3,0.08,UPI,6252,7529.07,20780.23,2024.23
ORD08540,2024-01-20,CUST0641,PROD081,4,0.24,UPI,2375,2740.2,8330.21,-1169.79
ORD08541,2023-10-22,CUST1537,PROD036,1,0.02,UPI,5763,6631.38,6498.75,735.75
ORD08542,2025-09-12,CUST0064,PROD008,3,0.28,Credit Card,24024,37748.74,81537.28,9465.28
ORD08543,2025-01-31,CUST0574,PROD077,4,0.24,Debit Card,10916,15539.79,47240.96,3576.96
ORD08544,2025-02-07,CUST1902,PROD088,3,0.11,UPI,27486,38710.96,103358.26,20900.26
ORD08545,2023-12-10,CUST0420,PROD046,2,0.3,Cash on Delivery,11014,14532.93,20346.1,-1681.9
ORD08546,2023-05-22,CUST1867,PROD064,2,0.06,Debit Card,24886,37561.36,70615.36,20843.36
ORD08547,2024-12-18,CUST0146,PROD031,4,0.12,Debit Card,15105,18867.37,66413.14,5993.14
ORD08548,2024-02-10,CUST1296,PROD023,4,0.27,Debit Card,14296,21188.62,61870.77,4686.77
ORD08549,2023-08-16,CUST0017,PROD061,2,0.3,Cash on Delivery,13164,17287.74,24202.84,-2125.16
ORD08550,2024-02-15,CUST1816,PROD081,2,0.07,Cash on Delivery,2375,3487.67,6487.07,1737.07
ORD08551,2025-08-09,CUST0098,PROD050,4,0.22,UPI,1097,1610.26,5024.01,636.01
ORD08552,2025-06-16,CUST0452,PROD046,4,0.09,Debit Card,11014,14228.85,51793.01,7737.01
ORD08553,2024-11-21,CUST1763,PROD088,4,0.23,Credit Card,27486,43164.44,132946.48,23002.48
ORD08554,2025-05-27,CUST0975,PROD043,5,0.04,Credit Card,1019,1404.64,6742.27,1647.27
ORD08555,2025-02-25,CUST0898,PROD010,5,0.1,Credit Card,38184,48340.22,217530.99,26610.99
ORD08556,2023-03-03,CUST1016,PROD095,2,0.02,UPI,3434,4990.31,9781.01,2913.01
ORD08557,2025-05-28,CUST1267,PROD020,5,0.15,Credit Card,29671,44147.16,187625.43,39270.43
ORD08558,2023-12-22,CUST0479,PROD016,1,0.21,Debit Card,45432,71682.97,56629.55,11197.55
ORD08559,2023-03-12,CUST0201,PROD078,2,0.11,UPI,3912,4627.79,8237.47,413.47
ORD08560,2023-09-20,CUST1930,PROD003,1,0.18,UPI,7361,10253.68,8408.02,1047.02
ORD08561,2023-11-02,CUST1973,PROD030,3,0.17,Cash on Delivery,27284,37397.33,93119.35,11267.35
ORD08562,2024-07-11,CUST1497,PROD018,1,0.09,Debit Card,34967,45093.83,41035.39,6068.39
ORD08563,2025-01-31,CUST0179,PROD059,3,0.15,Credit Card,42048,62883.45,160352.8,34208.8
ORD08564,2024-08-10,CUST0508,PROD070,1,0.02,Debit Card,39873,49339.65,48352.86,8479.86
ORD08565,2023-03-15,CUST0453,PROD084,3,0.14,Debit Card,6252,8111.91,20928.73,2172.73
ORD08566,2023-05-22,CUST0270,PROD035,3,0.14,UPI,34337,51325.86,132420.72,29409.72
ORD08567,2023-04-12,CUST1258,PROD019,2,0.01,Credit Card,26105,35627.36,70542.17,18332.17
ORD08568,2025-12-24,CUST1648,PROD026,4,0.15,Credit Card,1165,1411.1,4797.74,137.74
ORD08569,2023-07-12,CUST0486,PROD035,4,0.22,Credit Card,34337,53305.4,166312.85,28964.85
ORD08570,2025-08-10,CUST0578,PROD076,2,0.14,Cash on Delivery,19739,29191.29,50209.02,10731.02
ORD08571,2025-12-21,CUST0338,PROD072,3,0.19,Debit Card,16543,23213.7,56409.29,6780.29
ORD08572,2024-02-14,CUST0861,PROD057,4,0.16,UPI,43648,62163.33,208868.79,34276.79
ORD08573,2023-10-27,CUST1973,PROD049,4,0.24,UPI,1602,2293.57,6972.45,564.45
ORD08574,2024-03-29,CUST0757,PROD010,1,0.15,UPI,38184,52490.87,44617.24,6433.24
ORD08575,2024-07-27,CUST0757,PROD085,5,0.1,Credit Card,21717,32252.64,145136.88,36551.88
ORD08576,2024-09-10,CUST1472,PROD029,2,0.25,Credit Card,23495,34582.2,51873.3,4883.3
ORD08577,2024-09-28,CUST0584,PROD095,5,0.02,UPI,3434,3953.41,19371.71,2201.71
ORD08578,2023-10-28,CUST1381,PROD071,3,0.09,Debit Card,43519,52211.83,142538.3,11981.3
ORD08579,2025-02-17,CUST1073,PROD098,1,0.18,UPI,27372,31789.57,26067.45,-1304.55
ORD08580,2025-09-15,CUST1520,PROD098,4,0.26,Debit Card,27372,33558.27,99332.48,-10155.52
ORD08581,2023-07-21,CUST0346,PROD094,1,0.02,UPI,11294,13355.46,13088.35,1794.35
ORD08582,2024-11-04,CUST0702,PROD068,2,0.03,Debit Card,30755,38050.3,73817.58,12307.58
ORD08583,2023-10-29,CUST0293,PROD094,3,0.08,UPI,11294,15724.98,43400.94,9518.94
ORD08584,2023-12-03,CUST1713,PROD089,1,0.1,Cash on Delivery,21871,31742.77,28568.49,6697.49
ORD08585,2023-02-01,CUST1988,PROD078,1,0.25,Cash on Delivery,3912,6115.87,4586.9,674.9
ORD08586,2025-02-11,CUST1697,PROD024,1,0.29,Credit Card,37354,55384.13,39322.73,1968.73
ORD08587,2025-12-07,CUST1174,PROD043,4,0.01,Credit Card,1019,1186.29,4697.71,621.71
ORD08588,2024-10-26,CUST1606,PROD095,3,0.0,Credit Card,3434,4673.4,14020.2,3718.2
ORD08589,2023-11-24,CUST1569,PROD039,4,0.26,Credit Card,46187,67157.58,198786.44,14038.44
ORD08590,2025-03-07,CUST0796,PROD092,1,0.04,UPI,4811,6214.89,5966.29,1155.29
ORD08591,2025-03-24,CUST1880,PROD025,4,0.1,Cash on Delivery,31820,41875.22,150750.79,23470.79
ORD08592,2024-10-26,CUST1022,PROD083,4,0.08,Credit Card,37036,55971.06,205973.5,57829.5
ORD08593,2025-01-15,CUST1284,PROD068,2,0.08,Debit Card,30755,36019.2,66275.33,4765.33
ORD08594,2025-11-12,CUST1346,PROD034,5,0.1,Debit Card,48452,67486.36,303688.62,61428.62
ORD08595,2025-07-18,CUST0077,PROD096,5,0.1,Credit Card,16906,25562.24,115030.08,30500.08
ORD08596,2025-08-20,CUST1134,PROD089,2,0.19,Credit Card,21871,32999.76,53459.61,9717.61
ORD08597,2024-01-08,CUST0817,PROD086,2,0.19,Credit Card,12989,15642.12,25340.23,-637.77
ORD08598,2023-10-12,CUST0896,PROD053,4,0.16,UPI,45509,69637.38,233981.6,51945.6
ORD08599,2024-06-04,CUST0651,PROD092,4,0.26,Debit Card,4811,5699.95,16871.85,-2372.15
ORD08600,2024-11-27,CUST0547,PROD055,3,0.25,Debit Card,44065,68998.26,155246.08,23051.08
ORD08601,2025-03-17,CUST1447,PROD053,5,0.07,Debit Card,45509,56764.95,263957.02,36412.02
ORD08602,2024-10-08,CUST0394,PROD018,4,0.16,Cash on Delivery,34967,42025.33,141205.11,1337.11
ORD08603,2023-05-16,CUST1259,PROD007,3,0.24,UPI,3479,4116.63,9385.92,-1051.08
ORD08604,2023-04-06,CUST1354,PROD063,5,0.26,Cash on Delivery,48779,63633.83,235445.17,-8449.83
ORD08605,2023-10-01,CUST1736,PROD075,3,0.08,UPI,900,1176.17,3246.23,546.23
ORD08606,2025-05-27,CUST0325,PROD042,3,0.15,Debit Card,35023,48568.75,123850.31,18781.31
ORD08607,2025-04-29,CUST0151,PROD011,2,0.16,Debit Card,23684,35048.2,58880.98,11512.98
ORD08608,2025-02-22,CUST1570,PROD009,1,0.21,Cash on Delivery,7565,10435.07,8243.71,678.71
ORD08609,2023-05-12,CUST1660,PROD035,1,0.1,Debit Card,34337,54613.9,49152.51,14815.51
ORD08610,2025-12-03,CUST0879,PROD087,1,0.09,Credit Card,1853,2306.33,2098.76,245.76
ORD08611,2024-01-08,CUST1056,PROD097,3,0.21,UPI,10894,13560.31,32137.93,-544.07
ORD08612,2025-03-18,CUST0272,PROD065,4,0.12,Debit Card,5346,7843.76,27610.04,6226.04
ORD08613,2025-01-13,CUST0836,PROD084,1,0.0,Credit Card,6252,8073.71,8073.71,1821.71
ORD08614,2023-02-20,CUST1846,PROD005,4,0.28,Cash on Delivery,14250,17487.9,50365.15,-6634.85
ORD08615,2023-02-25,CUST1660,PROD093,5,0.04,Debit Card,48575,73183.12,351278.98,108403.98
ORD08616,2025-01-13,CUST1948,PROD026,1,0.04,Debit Card,1165,1458.35,1400.02,235.02
ORD08617,2024-03-03,CUST0368,PROD051,3,0.25,UPI,47215,70209.3,157970.93,16325.93
ORD08618,2024-03-18,CUST1516,PROD038,2,0.1,Debit Card,41219,51235.66,92224.19,9786.19
ORD08619,2023-11-22,CUST1340,PROD003,3,0.1,UPI,7361,11576.92,31257.68,9174.68
ORD08620,2024-10-01,CUST0590,PROD085,4,0.19,Cash on Delivery,21717,27858.47,90261.44,3393.44
ORD08621,2025-04-08,CUST0588,PROD059,5,0.02,UPI,42048,62541.19,306451.83,96211.83
ORD08622,2023-03-21,CUST0572,PROD013,3,0.07,Cash on Delivery,24204,36999.39,103228.3,30616.3
ORD08623,2024-04-18,CUST1621,PROD095,2,0.02,Debit Card,3434,4138.61,8111.68,1243.68
ORD08624,2024-01-12,CUST1392,PROD081,2,0.09,Credit Card,2375,2803.96,5103.21,353.21
ORD08625,2025-07-07,CUST0080,PROD035,5,0.26,Cash on Delivery,34337,48733.06,180312.32,8627.32
ORD08626,2023-11-29,CUST1910,PROD087,1,0.27,Debit Card,1853,2648.02,1933.05,80.05
ORD08627,2024-03-16,CUST1196,PROD003,3,0.09,Cash on Delivery,7361,10527.99,28741.41,6658.41
ORD08628,2023-05-06,CUST0258,PROD053,3,0.06,Debit Card,45509,61677.32,173930.04,37403.04
ORD08629,2023-08-07,CUST0279,PROD055,2,0.04,Debit Card,44065,69209.32,132881.89,44751.89
ORD08630,2025-08-05,CUST0504,PROD045,4,0.12,Credit Card,45004,65770.9,231513.57,51497.57
ORD08631,2023-10-05,CUST1757,PROD066,3,0.25,UPI,26705,31602.63,71105.92,-9009.08
ORD08632,2024-08-17,CUST0558,PROD067,2,0.26,Credit Card,26070,39189.82,58000.93,5860.93
ORD08633,2025-07-23,CUST0491,PROD084,4,0.01,Cash on Delivery,6252,7964.87,31540.89,6532.89
ORD08634,2023-05-21,CUST1609,PROD044,1,0.06,Credit Card,31606,46630.39,43832.57,12226.57
ORD08635,2025-04-25,CUST0566,PROD073,1,0.06,Debit Card,46032,54163.29,50913.49,4881.49
ORD08636,2025-10-04,CUST1863,PROD068,2,0.25,Debit Card,30755,45979.08,68968.62,7458.62
ORD08637,2025-05-26,CUST1757,PROD062,2,0.14,Credit Card,42867,59767.09,102799.39,17065.39
ORD08638,2023-04-20,CUST1917,PROD025,1,0.11,Cash on Delivery,31820,46913.44,41752.96,9932.96
ORD08639,2025-12-11,CUST1361,PROD052,2,0.29,UPI,20157,27663.76,39282.54,-1031.46
ORD08640,2024-09-04,CUST0521,PROD050,5,0.28,UPI,1097,1657.02,5965.27,480.27
ORD08641,2024-12-13,CUST0326,PROD001,3,0.13,Debit Card,19397,30572.81,79795.03,21604.03
ORD08642,2025-03-06,CUST1196,PROD039,5,0.04,UPI,46187,68546.99,329025.55,98090.55
ORD08643,2024-12-29,CUST0084,PROD052,4,0.05,UPI,20157,29930.63,113736.39,33108.39
ORD08644,2025-12-05,CUST1866,PROD076,2,0.03,Cash on Delivery,19739,24624.68,47771.88,8293.88
ORD08645,2024-05-19,CUST0841,PROD040,2,0.2,UPI,34631,45349.66,72559.46,3297.46
ORD08646,2025-11-06,CUST1548,PROD060,4,0.17,Credit Card,7054,8509.02,28249.95,33.95
ORD08647,2023-11-11,CUST1505,PROD088,3,0.17,Cash on Delivery,27486,38194.36,95103.96,12645.96
ORD08648,2023-03-18,CUST1568,PROD073,1,0.03,Credit Card,46032,62186.98,60321.37,14289.37
ORD08649,2025-09-04,CUST1442,PROD084,5,0.24,Debit Card,6252,8018.91,30471.86,-788.14
ORD08650,2025-06-17,CUST1363,PROD069,3,0.16,Cash on Delivery,21682,25609.38,64535.64,-510.36
ORD08651,2025-11-13,CUST1825,PROD020,1,0.03,UPI,29671,46557.57,45160.84,15489.84
ORD08652,2024-12-12,CUST0320,PROD085,1,0.22,Cash on Delivery,21717,30891.03,24095.0,2378.0
ORD08653,2025-11-24,CUST0304,PROD002,2,0.29,Debit Card,8668,11235.88,15954.95,-1381.05
ORD08654,2025-05-03,CUST1296,PROD085,4,0.13,Credit Card,21717,28372.71,98737.03,11869.03
ORD08655,2024-12-09,CUST0690,PROD088,2,0.03,Debit Card,27486,36499.65,70809.32,15837.32
ORD08656,2023-09-22,CUST1138,PROD009,4,0.03,Cash on Delivery,7565,11462.74,44475.43,14215.43
ORD08657,2023-11-29,CUST0407,PROD039,2,0.01,Credit Card,46187,57488.84,113827.9,21453.9
ORD08658,2023-07-07,CUST1050,PROD030,5,0.23,Credit Card,27284,41892.16,161284.82,24864.82
ORD08659,2025-12-22,CUST1261,PROD054,2,0.21,Cash on Delivery,39049,50378.08,79597.37,1499.37
ORD08660,2025-03-30,CUST1334,PROD082,5,0.18,Debit Card,37566,57925.91,237496.23,49666.23
ORD08661,2023-10-26,CUST0684,PROD058,3,0.23,UPI,29901,46440.71,107278.04,17575.04
ORD08662,2023-07-20,CUST0233,PROD044,3,0.3,Debit Card,31606,46255.36,97136.26,2318.26
ORD08663,2023-09-29,CUST1022,PROD043,2,0.12,UPI,1019,1582.13,2784.55,746.55
ORD08664,2024-06-18,CUST0549,PROD010,3,0.21,Debit Card,38184,56748.93,134494.96,19942.96
ORD08665,2023-01-31,CUST1289,PROD048,1,0.11,Cash on Delivery,7733,9395.93,8362.38,629.38
ORD08666,2023-03-10,CUST1037,PROD085,5,0.11,Debit Card,21717,34318.83,152718.79,44133.79
ORD08667,2025-06-01,CUST0496,PROD086,4,0.26,Debit Card,12989,16048.53,47503.65,-4452.35
ORD08668,2025-08-18,CUST1340,PROD017,5,0.17,Cash on Delivery,28919,39693.72,164728.94,20133.94
ORD08669,2025-04-06,CUST0618,PROD005,2,0.04,Cash on Delivery,14250,18846.51,36185.3,7685.3
ORD08670,2025-07-12,CUST1662,PROD070,3,0.12,Credit Card,39873,52100.68,137545.8,17926.8
ORD08671,2025-09-10,CUST0848,PROD074,3,0.24,Debit Card,36254,54476.28,124205.92,15443.92
ORD08672,2024-04-25,CUST1006,PROD064,1,0.28,Cash on Delivery,24886,31877.26,22951.63,-1934.37
ORD08673,2023-10-20,CUST0384,PROD066,3,0.18,Cash on Delivery,26705,37172.15,91443.49,11328.49
ORD08674,2023-03-27,CUST1017,PROD071,2,0.12,Credit Card,43519,56638.98,99684.6,12646.6
ORD08675,2025-11-05,CUST0642,PROD004,2,0.08,Cash on Delivery,42258,65587.13,120680.32,36164.32
ORD08676,2024-12-28,CUST0316,PROD083,4,0.13,Credit Card,37036,45176.63,157214.67,9070.67
ORD08677,2024-09-19,CUST0256,PROD028,5,0.17,Cash on Delivery,24730,30392.47,126128.75,2478.75
ORD08678,2023-04-28,CUST0441,PROD084,5,0.0,Credit Card,6252,7502.72,37513.6,6253.6
ORD08679,2023-09-27,CUST1139,PROD094,5,0.08,Debit Card,11294,16839.46,77461.52,20991.52
ORD08680,2025-09-05,CUST0299,PROD038,4,0.2,Cash on Delivery,41219,50397.3,161271.36,-3604.64
ORD08681,2025-05-04,CUST0915,PROD066,4,0.2,Cash on Delivery,26705,37117.2,118775.04,11955.04
ORD08682,2023-06-11,CUST1148,PROD067,4,0.2,Debit Card,26070,38975.99,124723.17,20443.17
ORD08683,2024-11-30,CUST0256,PROD060,1,0.28,Debit Card,7054,8478.8,6104.74,-949.26
ORD08684,2023-06-16,CUST0651,PROD047,4,0.17,Debit Card,47956,75229.18,249760.88,57936.88
ORD08685,2023-10-27,CUST1742,PROD025,3,0.08,Credit Card,31820,40660.06,112221.77,16761.77
ORD08686,2023-01-28,CUST0047,PROD066,1,0.24,Cash on Delivery,26705,40232.08,30576.38,3871.38
ORD08687,2024-07-15,CUST1753,PROD079,3,0.12,Cash on Delivery,16940,25530.31,67400.02,16580.02
ORD08688,2025-06-01,CUST1855,PROD067,5,0.07,UPI,26070,34067.1,158412.01,28062.01
ORD08689,2023-06-05,CUST0903,PROD069,2,0.17,UPI,21682,30306.26,50308.39,6944.39
ORD08690,2024-10-13,CUST0463,PROD040,5,0.09,Cash on Delivery,34631,49656.59,225937.48,52782.48
ORD08691,2025-03-31,CUST1374,PROD100,4,0.12,Credit Card,41593,55609.79,195746.46,29374.46
ORD08692,2024-07-14,CUST1147,PROD050,2,0.21,Credit Card,1097,1438.22,2272.39,78.39
ORD08693,2025-12-21,CUST0031,PROD040,5,0.3,UPI,34631,53105.23,185868.3,12713.3
ORD08694,2023-11-08,CUST0055,PROD037,1,0.19,UPI,49377,61270.36,49628.99,251.99
ORD08695,2024-01-11,CUST0153,PROD091,4,0.08,UPI,15191,22903.78,84285.91,23521.91
ORD08696,2023-05-30,CUST0456,PROD069,5,0.03,UPI,21682,26922.03,130571.85,22161.85
ORD08697,2024-08-07,CUST0286,PROD017,2,0.11,UPI,28919,42367.88,75414.83,17576.83
ORD08698,2024-08-03,CUST0036,PROD062,3,0.01,Debit Card,42867,54845.52,162891.19,34290.19
ORD08699,2025-09-03,CUST0818,PROD041,5,0.14,Cash on Delivery,37776,59207.08,254590.44,65710.44
ORD08700,2023-06-26,CUST1934,PROD076,1,0.2,Cash on Delivery,19739,28077.16,22461.73,2722.73
ORD08701,2023-12-20,CUST1821,PROD042,2,0.15,UPI,35023,48684.87,82764.28,12718.28
ORD08702,2024-05-28,CUST1947,PROD031,5,0.26,Cash on Delivery,15105,19377.26,71695.86,-3829.14
ORD08703,2023-11-05,CUST1909,PROD033,3,0.15,Cash on Delivery,8919,12298.4,31360.92,4603.92
ORD08704,2023-04-29,CUST0256,PROD043,4,0.14,Debit Card,1019,1202.05,4135.05,59.05
ORD08705,2025-02-05,CUST0178,PROD093,4,0.09,Debit Card,48575,58994.64,214740.49,20440.49
ORD08706,2025-09-22,CUST1572,PROD067,4,0.25,Credit Card,26070,33441.7,100325.1,-3954.9
ORD08707,2025-08-30,CUST1278,PROD038,2,0.27,Credit Card,41219,65009.24,94913.49,12475.49
ORD08708,2025-07-04,CUST0508,PROD041,3,0.29,UPI,37776,51395.91,109473.29,-3854.71
ORD08709,2024-04-22,CUST1698,PROD063,3,0.29,Credit Card,48779,64885.29,138205.67,-8131.33
ORD08710,2024-08-09,CUST0021,PROD040,5,0.29,UPI,34631,51865.14,184121.25,10966.25
ORD08711,2023-12-17,CUST1830,PROD030,4,0.21,Credit Card,27284,39893.59,126063.74,16927.74
ORD08712,2023-07-14,CUST0075,PROD047,2,0.17,Cash on Delivery,47956,69477.65,115332.9,19420.9
ORD08713,2024-05-10,CUST0719,PROD022,4,0.05,Cash on Delivery,46697,66429.42,252431.8,65643.8
ORD08714,2024-05-29,CUST0460,PROD096,4,0.23,Credit Card,16906,20430.64,62926.37,-4697.63
ORD08715,2024-11-26,CUST1202,PROD055,5,0.22,Cash on Delivery,44065,58419.58,227836.36,7511.36
ORD08716,2023-09-30,CUST1406,PROD043,5,0.25,Cash on Delivery,1019,1585.08,5944.05,849.05
ORD08717,2025-05-29,CUST1061,PROD061,5,0.14,UPI,13164,20823.49,89541.01,23721.01
ORD08718,2023-02-21,CUST1995,PROD074,1,0.27,Cash on Delivery,36254,48750.96,35588.2,-665.8
ORD08719,2023-09-20,CUST1144,PROD032,1,0.22,Credit Card,17963,20665.98,16119.46,-1843.54
ORD08720,2023-05-13,CUST1939,PROD004,2,0.05,Cash on Delivery,42258,58091.9,110374.61,25858.61
ORD08721,2025-09-20,CUST0630,PROD093,2,0.06,UPI,48575,60827.05,114354.85,17204.85
ORD08722,2023-11-06,CUST0001,PROD045,5,0.24,Credit Card,45004,55563.35,211140.73,-13879.27
ORD08723,2023-01-16,CUST1745,PROD072,3,0.13,UPI,16543,21137.1,55167.83,5538.83
ORD08724,2023-07-14,CUST0936,PROD020,2,0.07,Cash on Delivery,29671,35758.97,66511.68,7169.68
ORD08725,2023-10-30,CUST0311,PROD071,1,0.13,Cash on Delivery,43519,50945.02,44322.17,803.17
ORD08726,2025-12-07,CUST1232,PROD065,1,0.05,Cash on Delivery,5346,7217.72,6856.83,1510.83
ORD08727,2025-04-11,CUST1178,PROD060,4,0.27,Debit Card,7054,8945.52,26120.92,-2095.08
ORD08728,2024-07-15,CUST0762,PROD089,5,0.02,UPI,21871,27673.1,135598.19,26243.19
ORD08729,2023-02-10,CUST0683,PROD026,3,0.11,Credit Card,1165,1455.9,3887.25,392.25
ORD08730,2024-06-17,CUST0315,PROD073,5,0.17,Cash on Delivery,46032,63224.43,262381.38,32221.38
ORD08731,2024-01-06,CUST0307,PROD023,1,0.26,Debit Card,14296,21157.39,15656.47,1360.47
ORD08732,2024-05-31,CUST1528,PROD040,3,0.23,Debit Card,34631,50062.85,115645.18,11752.18
ORD08733,2024-10-18,CUST0619,PROD002,2,0.01,UPI,8668,13774.94,27274.38,9938.38
ORD08734,2024-08-12,CUST1679,PROD026,4,0.25,Cash on Delivery,1165,1818.92,5456.76,796.76
ORD08735,2023-08-19,CUST1544,PROD078,1,0.19,UPI,3912,5233.48,4239.12,327.12
ORD08736,2025-03-19,CUST1630,PROD062,4,0.04,Cash on Delivery,42867,64979.56,249521.51,78053.51
ORD08737,2024-04-23,CUST1934,PROD044,5,0.19,Cash on Delivery,31606,38970.58,157830.85,-199.15
ORD08738,2024-11-05,CUST1121,PROD031,3,0.25,Cash on Delivery,15105,18813.86,42331.18,-2983.82
ORD08739,2023-10-05,CUST1514,PROD026,5,0.18,Debit Card,1165,1707.21,6999.56,1174.56
ORD08740,2023-02-22,CUST0007,PROD083,4,0.3,UPI,37036,46203.11,129368.71,-18775.29
ORD08741,2025-10-30,CUST1810,PROD005,1,0.15,UPI,14250,19280.76,16388.65,2138.65
ORD08742,2025-01-17,CUST1036,PROD070,4,0.2,UPI,39873,51632.37,165223.58,5731.58
ORD08743,2024-04-08,CUST0514,PROD035,1,0.02,Credit Card,34337,43082.19,42220.55,7883.55
ORD08744,2025-01-23,CUST1970,PROD016,4,0.24,Credit Card,45432,55404.42,168429.44,-13298.56
ORD08745,2024-08-05,CUST0349,PROD031,5,0.19,Debit Card,15105,21529.64,87195.04,11670.04
ORD08746,2023-06-07,CUST0917,PROD082,4,0.17,Debit Card,37566,44150.76,146580.52,-3683.48
ORD08747,2023-01-19,CUST1031,PROD014,2,0.21,Debit Card,6122,8975.76,14181.7,1937.7
ORD08748,2023-02-24,CUST0500,PROD025,5,0.17,UPI,31820,49404.61,205029.13,45929.13
ORD08749,2024-12-21,CUST0475,PROD079,4,0.23,UPI,16940,22099.29,68065.81,305.81
ORD08750,2025-11-10,CUST0524,PROD090,4,0.18,Cash on Delivery,39865,53257.58,174684.86,15224.86
ORD08751,2025-01-30,CUST1876,PROD100,3,0.16,UPI,41593,58885.8,148392.22,23613.22
ORD08752,2025-10-15,CUST1081,PROD075,5,0.04,Debit Card,900,1304.83,6263.18,1763.18
ORD08753,2025-03-18,CUST0590,PROD071,3,0.14,Debit Card,43519,60716.17,156647.72,26090.72
ORD08754,2024-12-23,CUST1610,PROD018,5,0.16,Cash on Delivery,34967,51074.8,214514.16,39679.16
ORD08755,2023-10-12,CUST0233,PROD050,1,0.19,Credit Card,1097,1660.7,1345.17,248.17
ORD08756,2024-05-25,CUST0791,PROD020,5,0.14,UPI,29671,47340.68,203564.92,55209.92
ORD08757,2025-10-18,CUST1054,PROD056,5,0.04,UPI,6756,8963.41,43024.37,9244.37
ORD08758,2023-04-30,CUST0367,PROD002,4,0.05,Credit Card,8668,12248.81,46545.48,11873.48
ORD08759,2023-04-07,CUST1850,PROD026,2,0.22,Debit Card,1165,1536.97,2397.67,67.67
ORD08760,2023-04-30,CUST1631,PROD023,5,0.2,Debit Card,14296,17971.04,71884.16,404.16
ORD08761,2024-01-28,CUST1844,PROD032,3,0.08,Debit Card,17963,28721.23,79270.59,25381.59
ORD08762,2025-03-04,CUST0056,PROD013,2,0.13,UPI,24204,27985.81,48695.31,287.31
ORD08763,2023-08-08,CUST0010,PROD013,5,0.09,Credit Card,24204,28539.29,129853.77,8833.77
ORD08764,2025-04-18,CUST1939,PROD017,2,0.05,Credit Card,28919,40844.32,77604.21,19766.21
ORD08765,2023-06-09,CUST0147,PROD089,1,0.1,Debit Card,21871,32137.92,28924.13,7053.13
ORD08766,2024-09-02,CUST0364,PROD058,2,0.08,UPI,29901,44192.97,81315.06,21513.06
ORD08767,2024-09-30,CUST1623,PROD086,1,0.02,Credit Card,12989,19048.25,18667.28,5678.28
ORD08768,2025-11-21,CUST0253,PROD027,2,0.15,UPI,33194,49952.66,84919.52,18531.52
ORD08769,2025-02-15,CUST1723,PROD017,2,0.14,Cash on Delivery,28919,42947.46,73869.63,16031.63
ORD08770,2023-11-30,CUST0940,PROD090,3,0.21,Debit Card,39865,55639.17,131864.83,12269.83
ORD08771,2025-06-10,CUST1769,PROD038,3,0.19,Debit Card,41219,56121.78,136375.93,12718.93
ORD08772,2025-07-28,CUST1277,PROD014,4,0.1,Cash on Delivery,6122,9024.58,32488.49,8000.49
ORD08773,2023-12-18,CUST1467,PROD014,2,0.15,Credit Card,6122,9057.79,15398.24,3154.24
ORD08774,2025-07-14,CUST0736,PROD012,1,0.16,Debit Card,33865,44012.56,36970.55,3105.55
ORD08775,2024-01-31,CUST0340,PROD069,2,0.28,Credit Card,21682,24963.13,35946.91,-7417.09
ORD08776,2024-06-13,CUST1540,PROD068,5,0.29,Debit Card,30755,39718.19,140999.57,-12775.43
ORD08777,2023-12-24,CUST1377,PROD055,1,0.24,Cash on Delivery,44065,61278.21,46571.44,2506.44
ORD08778,2025-04-07,CUST0624,PROD063,5,0.17,Cash on Delivery,48779,67644.26,280723.68,36828.68
ORD08779,2023-03-01,CUST0705,PROD029,4,0.28,Credit Card,23495,31035.48,89382.18,-4597.82
ORD08780,2024-04-21,CUST1677,PROD089,5,0.05,Debit Card,21871,34327.62,163056.2,53701.2
ORD08781,2024-09-03,CUST0323,PROD045,4,0.21,Debit Card,45004,61401.64,194029.18,14013.18
ORD08782,2023-01-01,CUST1164,PROD004,4,0.14,UPI,42258,51240.88,176268.63,7236.63
ORD08783,2023-11-07,CUST0861,PROD016,4,0.04,UPI,45432,56203.93,215823.09,34095.09
ORD08784,2023-06-17,CUST1975,PROD066,5,0.02,Debit Card,26705,31847.41,156052.31,22527.31
ORD08785,2023-07-11,CUST1469,PROD023,4,0.14,Credit Card,14296,18166.29,62492.04,5308.04
ORD08786,2025-11-23,CUST0095,PROD068,4,0.07,Cash on Delivery,30755,39585.59,147258.39,24238.39
ORD08787,2025-11-23,CUST0553,PROD020,3,0.08,Debit Card,29671,38583.38,106490.13,17477.13
ORD08788,2024-12-08,CUST1444,PROD017,2,0.1,UPI,28919,44138.44,79449.19,21611.19
ORD08789,2024-01-01,CUST1538,PROD052,4,0.22,Cash on Delivery,20157,30123.94,93986.69,13358.69
ORD08790,2025-05-07,CUST0790,PROD006,1,0.05,Credit Card,17488,24015.39,22814.62,5326.62
ORD08791,2023-11-23,CUST1174,PROD082,1,0.22,Debit Card,37566,50712.47,39555.73,1989.73
ORD08792,2023-04-24,CUST0553,PROD084,3,0.23,Debit Card,6252,8253.54,19065.68,309.68
ORD08793,2025-03-07,CUST1375,PROD039,5,0.18,Cash on Delivery,46187,53396.98,218927.62,-12007.38
ORD08794,2025-07-07,CUST0116,PROD034,5,0.07,Cash on Delivery,48452,75772.97,352344.31,110084.31
ORD08795,2024-08-31,CUST0632,PROD054,5,0.02,UPI,39049,50028.5,245139.65,49894.65
ORD08796,2023-11-05,CUST1261,PROD088,4,0.12,Credit Card,27486,42022.07,147917.69,37973.69
ORD08797,2024-02-05,CUST0270,PROD082,5,0.25,Cash on Delivery,37566,55724.48,208966.8,21136.8
ORD08798,2023-07-31,CUST0861,PROD094,5,0.03,Credit Card,11294,13569.57,65812.41,9342.41
ORD08799,2023-11-13,CUST0291,PROD065,2,0.22,Credit Card,5346,6901.44,10766.25,74.25
ORD08800,2023-07-04,CUST1458,PROD087,4,0.14,Debit Card,1853,2535.08,8720.68,1308.68
ORD08801,2023-09-03,CUST0009,PROD029,4,0.27,Cash on Delivery,23495,29791.0,86989.72,-6990.28
ORD08802,2023-08-27,CUST1775,PROD041,1,0.11,Cash on Delivery,37776,50277.95,44747.38,6971.38
ORD08803,2024-06-03,CUST0630,PROD063,1,0.21,UPI,48779,62295.34,49213.32,434.32
ORD08804,2023-10-04,CUST0864,PROD032,2,0.22,Debit Card,17963,25796.19,40242.06,4316.06
ORD08805,2025-10-02,CUST1851,PROD066,3,0.06,Cash on Delivery,26705,35044.9,98826.62,18711.62
ORD08806,2023-07-21,CUST1848,PROD100,4,0.05,Cash on Delivery,41593,54313.53,206391.41,40019.41
ORD08807,2023-08-02,CUST0475,PROD045,1,0.03,UPI,45004,57254.42,55536.79,10532.79
ORD08808,2024-08-28,CUST1546,PROD017,5,0.21,UPI,28919,43687.54,172565.78,27970.78
ORD08809,2024-04-22,CUST0537,PROD043,4,0.16,Credit Card,1019,1468.04,4932.61,856.61
ORD08810,2024-05-22,CUST0685,PROD066,4,0.03,Debit Card,26705,39374.76,152774.07,45954.07
ORD08811,2024-10-30,CUST1761,PROD068,4,0.09,Credit Card,30755,40819.26,148582.11,25562.11
ORD08812,2024-10-26,CUST1035,PROD034,1,0.04,UPI,48452,74023.17,71062.24,22610.24
ORD08813,2023-05-22,CUST0613,PROD001,2,0.03,Cash on Delivery,19397,25940.94,50325.42,11531.42
ORD08814,2023-11-18,CUST0777,PROD023,1,0.09,Cash on Delivery,14296,17575.84,15994.01,1698.01
ORD08815,2024-04-05,CUST1927,PROD006,5,0.03,UPI,17488,24129.91,117030.06,29590.06
ORD08816,2024-12-07,CUST1351,PROD016,5,0.08,Credit Card,45432,61342.71,282176.47,55016.47
ORD08817,2024-10-31,CUST1954,PROD002,3,0.17,Credit Card,8668,10326.04,25711.84,-292.16
ORD08818,2023-02-23,CUST0595,PROD076,1,0.17,UPI,19739,28586.08,23726.45,3987.45
ORD08819,2023-10-04,CUST0276,PROD027,1,0.05,Cash on Delivery,33194,50302.12,47787.01,14593.01
ORD08820,2024-02-04,CUST0370,PROD019,3,0.06,Debit Card,26105,34204.63,96457.06,18142.06
ORD08821,2024-10-29,CUST1514,PROD028,3,0.26,Credit Card,24730,36888.41,81892.27,7702.27
ORD08822,2024-05-30,CUST0345,PROD035,4,0.05,Debit Card,34337,48539.94,184451.77,47103.77
ORD08823,2024-07-29,CUST1797,PROD068,4,0.01,Cash on Delivery,30755,39146.48,155020.06,32000.06
ORD08824,2023-04-22,CUST0368,PROD049,5,0.07,UPI,1602,2090.27,9719.76,1709.76
ORD08825,2023-08-27,CUST1757,PROD007,2,0.17,Credit Card,3479,5482.06,9100.22,2142.22
ORD08826,2025-11-09,CUST1335,PROD037,5,0.0,Credit Card,49377,61578.32,307891.6,61006.6
ORD08827,2023-07-16,CUST0731,PROD025,1,0.3,Cash on Delivery,31820,38768.33,27137.83,-4682.17
ORD08828,2024-01-17,CUST1625,PROD041,2,0.07,UPI,37776,44728.75,83195.47,7643.47
ORD08829,2023-06-13,CUST1509,PROD081,4,0.07,Credit Card,2375,3667.03,13641.35,4141.35
ORD08830,2024-08-28,CUST0015,PROD062,3,0.22,Cash on Delivery,42867,62262.36,145693.92,17092.92
ORD08831,2025-12-27,CUST0758,PROD041,3,0.07,Credit Card,37776,45425.61,126737.45,13409.45
ORD08832,2025-05-04,CUST0688,PROD014,5,0.12,Debit Card,6122,9149.61,40258.28,9648.28
ORD08833,2025-11-10,CUST0004,PROD054,1,0.16,Credit Card,39049,55966.43,47011.8,7962.8
ORD08834,2025-04-10,CUST1870,PROD002,1,0.01,Cash on Delivery,8668,13815.03,13676.88,5008.88
ORD08835,2024-08-19,CUST1400,PROD088,3,0.25,Debit Card,27486,37934.46,85352.54,2894.54
ORD08836,2024-06-19,CUST1393,PROD079,5,0.15,Credit Card,16940,23417.67,99525.1,14825.1
ORD08837,2023-04-21,CUST1489,PROD048,5,0.09,Credit Card,7733,9760.36,44409.64,5744.64
ORD08838,2025-08-06,CUST0533,PROD051,4,0.12,UPI,47215,58353.76,205405.24,16545.24
ORD08839,2025-05-12,CUST1744,PROD097,4,0.02,UPI,10894,16124.1,63206.47,19630.47
ORD08840,2024-08-17,CUST0986,PROD055,4,0.22,Credit Card,44065,58064.35,181160.77,4900.77
ORD08841,2025-10-18,CUST1161,PROD012,2,0.16,Debit Card,33865,49983.71,83972.63,16242.63
ORD08842,2024-04-04,CUST0834,PROD083,5,0.27,UPI,37036,55498.4,202569.16,17389.16
ORD08843,2024-03-09,CUST0363,PROD069,5,0.14,UPI,21682,33747.62,145114.77,36704.77
ORD08844,2025-06-06,CUST1999,PROD001,4,0.25,UPI,19397,26037.51,78112.53,524.53
ORD08845,2025-02-21,CUST1955,PROD059,3,0.06,Cash on Delivery,42048,50168.67,141475.65,15331.65
ORD08846,2025-09-14,CUST1240,PROD073,4,0.02,Credit Card,46032,53386.76,209276.1,25148.1
ORD08847,2023-06-18,CUST1392,PROD034,2,0.28,Debit Card,48452,62083.8,89400.67,-7503.33
ORD08848,2024-12-09,CUST0117,PROD093,3,0.08,Debit Card,48575,76244.03,210433.52,64708.52
ORD08849,2025-08-22,CUST1203,PROD046,5,0.25,Credit Card,11014,16372.42,61396.58,6326.58
ORD08850,2024-12-27,CUST1270,PROD059,2,0.08,UPI,42048,58935.19,108440.75,24344.75
ORD08851,2023-08-17,CUST0128,PROD066,2,0.05,Debit Card,26705,33590.28,63821.53,10411.53
ORD08852,2024-03-02,CUST1382,PROD019,3,0.22,Cash on Delivery,26105,38394.59,89843.34,11528.34
ORD08853,2023-05-02,CUST0078,PROD028,4,0.23,Cash on Delivery,24730,36684.02,112986.78,14066.78
ORD08854,2023-05-29,CUST0741,PROD099,4,0.25,Debit Card,42208,52916.2,158748.6,-10083.4
ORD08855,2025-05-01,CUST1317,PROD040,1,0.26,Cash on Delivery,34631,50861.04,37637.17,3006.17
ORD08856,2024-12-05,CUST0774,PROD057,3,0.14,Credit Card,43648,52556.77,135596.47,4652.47
ORD08857,2023-04-21,CUST0082,PROD051,4,0.12,Cash on Delivery,47215,56457.66,198730.96,9870.96
ORD08858,2023-03-05,CUST0342,PROD022,2,0.23,Cash on Delivery,46697,54862.19,84487.77,-8906.23
ORD08859,2024-09-29,CUST1362,PROD068,4,0.17,Debit Card,30755,46581.2,154649.58,31629.58
ORD08860,2025-06-27,CUST0819,PROD008,4,0.29,Cash on Delivery,24024,30553.13,86770.89,-9325.11
ORD08861,2023-01-13,CUST0578,PROD060,2,0.11,Debit Card,7054,10029.94,17853.29,3745.29
ORD08862,2025-07-22,CUST0096,PROD065,3,0.01,UPI,5346,6495.48,19291.58,3253.58
ORD08863,2023-08-27,CUST1169,PROD036,1,0.18,UPI,5763,7774.81,6375.34,612.34
ORD08864,2024-10-24,CUST0577,PROD071,4,0.11,Cash on Delivery,43519,50589.34,180098.05,6022.05
ORD08865,2025-11-10,CUST0521,PROD089,4,0.1,UPI,21871,33615.25,121014.9,33530.9
ORD08866,2024-11-24,CUST1421,PROD029,4,0.17,Debit Card,23495,32725.88,108649.92,14669.92
ORD08867,2025-08-28,CUST0996,PROD065,3,0.28,UPI,5346,8290.2,17906.83,1868.83
ORD08868,2025-08-21,CUST0357,PROD056,2,0.08,Credit Card,6756,9191.56,16912.47,3400.47
ORD08869,2023-03-17,CUST0186,PROD082,2,0.11,UPI,37566,48548.32,86416.01,11284.01
ORD08870,2023-11-25,CUST1694,PROD004,2,0.27,UPI,42258,56218.4,82078.86,-2437.14
ORD08871,2023-06-01,CUST0543,PROD084,2,0.27,Debit Card,6252,7875.85,11498.74,-1005.26
ORD08872,2023-03-13,CUST0151,PROD072,2,0.07,UPI,16543,25616.89,47647.42,14561.42
ORD08873,2023-08-13,CUST1343,PROD091,2,0.21,Cash on Delivery,15191,19490.47,30794.94,412.94
ORD08874,2024-04-17,CUST1778,PROD050,4,0.12,Credit Card,1097,1405.8,4948.42,560.42
ORD08875,2023-12-26,CUST1692,PROD039,4,0.28,UPI,46187,66242.71,190779.0,6031.0
ORD08876,2024-06-23,CUST1083,PROD035,2,0.22,UPI,34337,41383.91,64558.9,-4115.1
ORD08877,2025-03-21,CUST0010,PROD025,2,0.15,Cash on Delivery,31820,39731.43,67543.43,3903.43
ORD08878,2024-08-31,CUST0857,PROD078,3,0.25,Credit Card,3912,5255.6,11825.1,89.1
ORD08879,2025-12-05,CUST1148,PROD044,3,0.3,Credit Card,31606,38944.1,81782.61,-13035.39
ORD08880,2023-01-01,CUST0356,PROD047,5,0.13,UPI,47956,60702.52,264055.96,24275.96
ORD08881,2024-11-08,CUST1370,PROD040,4,0.11,Debit Card,34631,50733.29,180610.51,42086.51
ORD08882,2023-10-18,CUST0794,PROD031,2,0.18,Credit Card,15105,19272.9,31607.56,1397.56
ORD08883,2023-07-23,CUST0237,PROD069,4,0.2,Credit Card,21682,31151.36,99684.35,12956.35
ORD08884,2024-07-19,CUST0333,PROD081,5,0.21,Debit Card,2375,3259.65,12875.62,1000.62
ORD08885,2024-04-26,CUST0017,PROD074,3,0.14,Credit Card,36254,54215.36,139875.63,31113.63
ORD08886,2024-05-25,CUST1448,PROD043,5,0.1,Credit Card,1019,1516.09,6822.4,1727.4
ORD08887,2025-07-12,CUST0324,PROD055,1,0.25,Debit Card,44065,54591.97,40943.98,-3121.02
ORD08888,2023-10-05,CUST0023,PROD016,3,0.29,UPI,45432,71530.78,152360.56,16064.56
ORD08889,2025-10-01,CUST0931,PROD068,4,0.26,Debit Card,30755,46470.59,137552.95,14532.95
ORD08890,2023-01-16,CUST0459,PROD069,3,0.2,Cash on Delivery,21682,30130.98,72314.35,7268.35
ORD08891,2023-12-22,CUST1484,PROD042,5,0.11,Cash on Delivery,35023,49098.43,218488.01,43373.01
ORD08892,2023-12-22,CUST0521,PROD041,2,0.19,UPI,37776,57531.96,93201.78,17649.78
ORD08893,2025-04-09,CUST0719,PROD050,5,0.03,Cash on Delivery,1097,1500.55,7277.67,1792.67
ORD08894,2024-08-21,CUST0557,PROD084,5,0.16,Cash on Delivery,6252,8535.98,35851.12,4591.12
ORD08895,2025-07-16,CUST1445,PROD006,2,0.23,Credit Card,17488,25070.5,38608.57,3632.57
ORD08896,2025-12-26,CUST1989,PROD075,4,0.08,Credit Card,900,1070.76,3940.4,340.4
ORD08897,2025-05-08,CUST0403,PROD053,4,0.15,UPI,45509,64257.03,218473.9,36437.9
ORD08898,2023-08-02,CUST1355,PROD017,3,0.02,Cash on Delivery,28919,36170.69,106341.83,19584.83
ORD08899,2024-03-24,CUST0457,PROD057,5,0.25,Cash on Delivery,43648,52487.46,196827.97,-21412.03
ORD08900,2025-08-22,CUST1507,PROD067,3,0.11,Debit Card,26070,39546.53,105589.24,27379.24
ORD08901,2025-02-25,CUST1522,PROD016,2,0.17,Credit Card,45432,60052.82,99687.68,8823.68
ORD08902,2024-05-13,CUST1051,PROD052,1,0.11,Debit Card,20157,27741.4,24689.85,4532.85
ORD08903,2024-12-10,CUST0397,PROD100,4,0.18,Cash on Delivery,41593,53324.54,174904.49,8532.49
ORD08904,2024-01-15,CUST1977,PROD090,2,0.22,UPI,39865,46399.18,72382.72,-7347.28
ORD08905,2025-01-09,CUST1212,PROD088,4,0.1,Cash on Delivery,27486,37080.71,133490.56,23546.56
ORD08906,2024-09-23,CUST0140,PROD034,3,0.16,UPI,48452,72078.04,181636.66,36280.66
ORD08907,2025-11-13,CUST0521,PROD084,1,0.24,UPI,6252,9323.29,7085.7,833.7
ORD08908,2024-06-22,CUST0746,PROD081,5,0.21,Debit Card,2375,3716.69,14680.93,2805.93
ORD08909,2025-08-02,CUST0092,PROD020,4,0.02,Cash on Delivery,29671,45342.68,177743.31,59059.31
ORD08910,2025-01-22,CUST0077,PROD080,5,0.17,Debit Card,24906,39651.6,164554.14,40024.14
ORD08911,2024-06-18,CUST0852,PROD056,3,0.11,Cash on Delivery,6756,9507.27,25384.41,5116.41
ORD08912,2024-11-03,CUST1268,PROD051,4,0.21,UPI,47215,55379.48,174999.16,-13860.84
ORD08913,2025-11-30,CUST0845,PROD053,3,0.01,Credit Card,45509,70016.87,207950.1,71423.1
ORD08914,2024-07-21,CUST0667,PROD049,5,0.1,Cash on Delivery,1602,2528.62,11378.79,3368.79
ORD08915,2024-02-19,CUST1754,PROD004,3,0.03,UPI,42258,57423.46,167102.27,40328.27
ORD08916,2024-03-24,CUST0959,PROD018,3,0.28,Credit Card,34967,42004.86,90730.5,-14170.5
ORD08917,2024-09-01,CUST0989,PROD036,3,0.26,Cash on Delivery,5763,6691.31,14854.71,-2434.29
ORD08918,2024-10-19,CUST0797,PROD035,2,0.29,Credit Card,34337,48967.29,69533.55,859.55
ORD08919,2024-03-11,CUST1686,PROD030,2,0.19,Cash on Delivery,27284,39573.55,64109.15,9541.15
ORD08920,2024-12-05,CUST1865,PROD063,4,0.24,Cash on Delivery,48779,56451.78,171613.41,-23502.59
ORD08921,2023-08-27,CUST0088,PROD082,3,0.18,Credit Card,37566,59247.87,145749.76,33051.76
ORD08922,2025-12-01,CUST1642,PROD021,3,0.15,Debit Card,22664,31593.77,80564.11,12572.11
ORD08923,2025-01-03,CUST0915,PROD052,3,0.25,Credit Card,20157,28734.27,64652.11,4181.11
ORD08924,2025-03-10,CUST1318,PROD096,2,0.23,Credit Card,16906,23733.79,36550.04,2738.04
ORD08925,2023-01-10,CUST0095,PROD069,5,0.22,UPI,21682,28026.61,109303.78,893.78
ORD08926,2025-01-16,CUST1277,PROD041,3,0.27,Credit Card,37776,58751.57,128665.94,15337.94
ORD08927,2023-05-19,CUST0551,PROD054,1,0.28,Cash on Delivery,39049,44973.3,32380.78,-6668.22
ORD08928,2024-12-31,CUST0399,PROD087,4,0.13,Cash on Delivery,1853,2754.0,9583.92,2171.92
ORD08929,2023-07-15,CUST0767,PROD030,2,0.08,Credit Card,27284,35806.81,65884.53,11316.53
ORD08930,2023-09-21,CUST1078,PROD091,5,0.15,UPI,15191,18770.01,79772.54,3817.54
ORD08931,2025-08-02,CUST1952,PROD056,1,0.03,Cash on Delivery,6756,9095.25,8822.39,2066.39
ORD08932,2025-07-08,CUST0243,PROD079,3,0.28,Debit Card,16940,20990.62,45339.74,-5480.26
ORD08933,2023-06-10,CUST1134,PROD041,2,0.3,Credit Card,37776,58211.83,81496.56,5944.56
ORD08934,2024-05-05,CUST1790,PROD014,3,0.2,Debit Card,6122,9232.12,22157.09,3791.09
ORD08935,2025-02-08,CUST0624,PROD021,4,0.22,UPI,22664,34803.94,108588.29,17932.29
ORD08936,2023-11-07,CUST1710,PROD098,2,0.1,Debit Card,27372,41773.56,75192.41,20448.41
ORD08937,2023-08-15,CUST0701,PROD090,1,0.26,Credit Card,39865,60641.29,44874.55,5009.55
ORD08938,2023-09-30,CUST1245,PROD025,5,0.27,Debit Card,31820,44918.41,163952.2,4852.2
ORD08939,2025-07-26,CUST1785,PROD050,5,0.02,Cash on Delivery,1097,1706.81,8363.37,2878.37
ORD08940,2023-11-13,CUST0564,PROD095,4,0.04,Debit Card,3434,4040.5,15515.52,1779.52
ORD08941,2023-10-18,CUST0162,PROD053,5,0.08,UPI,45509,58189.79,267673.03,40128.03
ORD08942,2024-12-29,CUST1993,PROD048,5,0.21,UPI,7733,9632.64,38048.93,-616.07
ORD08943,2024-01-10,CUST0035,PROD070,4,0.06,UPI,39873,48026.48,180579.56,21087.56
ORD08944,2024-07-20,CUST0966,PROD048,1,0.07,Cash on Delivery,7733,8915.05,8291.0,558.0
ORD08945,2025-05-17,CUST0037,PROD004,2,0.11,UPI,42258,56253.43,100131.11,15615.11
ORD08946,2025-01-24,CUST0846,PROD024,2,0.18,Cash on Delivery,37354,55127.05,90408.36,15700.36
ORD08947,2023-09-09,CUST0829,PROD031,4,0.29,UPI,15105,21754.2,61781.93,1361.93
ORD08948,2023-11-03,CUST0623,PROD083,3,0.24,UPI,37036,53441.87,121847.46,10739.46
ORD08949,2024-11-05,CUST1394,PROD075,4,0.17,UPI,900,1394.69,4630.37,1030.37
ORD08950,2025-05-17,CUST1201,PROD029,4,0.01,Cash on Delivery,23495,37141.1,147078.76,53098.76
ORD08951,2023-09-21,CUST0521,PROD005,4,0.16,UPI,14250,20751.79,69726.01,12726.01
ORD08952,2023-03-09,CUST1299,PROD082,4,0.06,Cash on Delivery,37566,44636.51,167833.28,17569.28
ORD08953,2024-05-28,CUST1657,PROD067,5,0.09,Cash on Delivery,26070,37919.24,172532.54,42182.54
ORD08954,2025-02-07,CUST0105,PROD075,5,0.08,Cash on Delivery,900,1259.68,5794.53,1294.53
ORD08955,2024-03-17,CUST0156,PROD085,1,0.1,Debit Card,21717,25603.91,23043.52,1326.52
ORD08956,2023-01-01,CUST0336,PROD094,4,0.02,UPI,11294,14294.84,56035.77,10859.77
ORD08957,2023-12-24,CUST1050,PROD083,2,0.17,Cash on Delivery,37036,46552.96,77277.91,3205.91
ORD08958,2025-06-21,CUST1958,PROD053,3,0.01,Debit Card,45509,68161.68,202440.19,65913.19
ORD08959,2023-10-01,CUST0296,PROD089,5,0.2,Credit Card,21871,28549.16,114196.64,4841.64
ORD08960,2025-05-05,CUST1561,PROD064,2,0.22,Cash on Delivery,24886,34225.69,53392.08,3620.08
ORD08961,2025-10-14,CUST1379,PROD035,5,0.15,Cash on Delivery,34337,51628.3,219420.28,47735.28
ORD08962,2023-06-22,CUST0886,PROD012,1,0.23,UPI,33865,53216.52,40976.72,7111.72
ORD08963,2024-08-07,CUST0069,PROD047,3,0.29,Cash on Delivery,47956,66764.17,142207.68,-1660.32
ORD08964,2025-07-17,CUST1351,PROD090,5,0.1,Credit Card,39865,55806.36,251128.62,51803.62
ORD08965,2024-04-25,CUST0151,PROD055,3,0.19,Cash on Delivery,44065,52575.71,127758.98,-4436.02
ORD08966,2024-03-30,CUST0857,PROD069,3,0.1,Cash on Delivery,21682,29757.31,80344.74,15298.74
ORD08967,2023-07-15,CUST0577,PROD083,2,0.13,UPI,37036,54032.19,94016.01,19944.01
ORD08968,2025-03-06,CUST0662,PROD091,5,0.01,Cash on Delivery,15191,18762.0,92871.9,16916.9
ORD08969,2024-08-21,CUST1344,PROD038,3,0.02,Credit Card,41219,49465.59,145428.83,21771.83
ORD08970,2024-07-09,CUST0757,PROD029,4,0.24,Debit Card,23495,36147.09,109887.15,15907.15
ORD08971,2025-04-27,CUST0452,PROD012,3,0.04,UPI,33865,40695.38,117202.69,15607.69
ORD08972,2024-03-14,CUST0570,PROD019,3,0.21,Debit Card,26105,40746.89,96570.13,18255.13
ORD08973,2024-10-11,CUST1692,PROD009,5,0.21,Credit Card,7565,9631.34,38043.79,218.79
ORD08974,2023-12-25,CUST1136,PROD082,4,0.3,Cash on Delivery,37566,48778.84,136580.75,-13683.25
ORD08975,2025-11-25,CUST0635,PROD029,3,0.21,Debit Card,23495,32576.07,77205.29,6720.29
ORD08976,2025-11-23,CUST1486,PROD003,5,0.04,UPI,7361,9088.23,43623.5,6818.5
ORD08977,2024-10-19,CUST1889,PROD087,5,0.19,Debit Card,1853,2705.1,10955.66,1690.66
ORD08978,2023-01-16,CUST1988,PROD030,3,0.16,Cash on Delivery,27284,37808.84,95278.28,13426.28
ORD08979,2025-01-14,CUST0362,PROD058,1,0.28,Debit Card,29901,47116.53,33923.9,4022.9
ORD08980,2024-02-25,CUST0203,PROD088,1,0.21,Credit Card,27486,42879.47,33874.78,6388.78
ORD08981,2024-07-06,CUST0487,PROD053,2,0.16,Cash on Delivery,45509,68098.34,114405.21,23387.21
ORD08982,2025-02-05,CUST1504,PROD004,1,0.19,Cash on Delivery,42258,52111.12,42210.01,-47.99
ORD08983,2025-03-03,CUST0004,PROD057,1,0.13,Cash on Delivery,43648,54394.41,47323.14,3675.14
ORD08984,2025-10-28,CUST1153,PROD054,5,0.15,Credit Card,39049,49623.98,210901.92,15656.92
ORD08985,2025-05-29,CUST1050,PROD028,5,0.22,UPI,24730,37722.28,147116.89,23466.89
ORD08986,2025-05-01,CUST0801,PROD016,3,0.02,Credit Card,45432,65493.66,192551.36,56255.36
ORD08987,2024-05-24,CUST0977,PROD013,3,0.18,Cash on Delivery,24204,29746.98,73177.57,565.57
ORD08988,2025-08-23,CUST0027,PROD072,5,0.03,Cash on Delivery,16543,22435.88,108814.02,26099.02
ORD08989,2025-07-02,CUST1066,PROD056,3,0.26,Debit Card,6756,10733.29,23827.9,3559.9
ORD08990,2023-01-18,CUST0965,PROD053,5,0.28,Credit Card,45509,67331.15,242392.14,14847.14
ORD08991,2023-02-25,CUST1607,PROD048,1,0.23,UPI,7733,12144.12,9350.97,1617.97
ORD08992,2025-07-07,CUST0064,PROD025,3,0.22,Cash on Delivery,31820,48174.75,112728.92,17268.92
ORD08993,2025-11-24,CUST1049,PROD066,1,0.28,Credit Card,26705,39423.97,28385.26,1680.26
ORD08994,2025-06-20,CUST0072,PROD030,2,0.07,Cash on Delivery,27284,41566.19,77313.11,22745.11
ORD08995,2024-09-21,CUST1506,PROD003,3,0.07,UPI,7361,10759.25,30018.31,7935.31
ORD08996,2025-03-04,CUST1897,PROD023,5,0.14,UPI,14296,20090.38,86388.63,14908.63
ORD08997,2023-12-13,CUST0900,PROD029,5,0.0,Debit Card,23495,34799.59,173997.95,56522.95
ORD08998,2025-11-21,CUST0268,PROD041,2,0.29,Debit Card,37776,47343.12,67227.23,-8324.77
ORD08999,2025-06-26,CUST1850,PROD094,5,0.01,Debit Card,11294,15480.2,76626.99,20156.99
ORD09000,2025-10-20,CUST0095,PROD011,1,0.18,UPI,23684,37376.33,30648.59,6964.59
ORD09001,2024-07-29,CUST0395,PROD021,5,0.11,Credit Card,22664,34310.48,152681.64,39361.64
ORD09002,2023-07-18,CUST0869,PROD091,2,0.03,Credit Card,15191,23801.79,46175.47,15793.47
ORD09003,2023-10-28,CUST0364,PROD024,4,0.01,UPI,37354,59219.23,234508.15,85092.15
ORD09004,2025-10-13,CUST1339,PROD095,4,0.08,UPI,3434,4856.45,17871.74,4135.74
ORD09005,2023-01-26,CUST0117,PROD094,1,0.03,Credit Card,11294,13985.12,13565.57,2271.57
ORD09006,2024-03-25,CUST0164,PROD065,4,0.28,Cash on Delivery,5346,7930.64,22840.24,1456.24
ORD09007,2023-11-16,CUST0877,PROD001,5,0.07,Credit Card,19397,22370.54,104023.01,7038.01
ORD09008,2023-06-05,CUST0790,PROD054,2,0.03,UPI,39049,46472.75,90157.14,12059.14
ORD09009,2024-04-15,CUST0577,PROD072,1,0.23,Credit Card,16543,21154.39,16288.88,-254.12
ORD09010,2024-02-24,CUST0306,PROD034,4,0.12,Credit Card,48452,56050.94,197299.31,3491.31
ORD09011,2024-10-12,CUST0772,PROD080,5,0.25,UPI,24906,36300.72,136127.7,11597.7
ORD09012,2025-06-04,CUST1764,PROD091,5,0.25,Cash on Delivery,15191,23051.78,86444.17,10489.17
ORD09013,2025-07-18,CUST0200,PROD068,3,0.3,UPI,30755,45800.22,96180.46,3915.46
ORD09014,2025-04-14,CUST1756,PROD083,3,0.24,Debit Card,37036,44999.34,102598.5,-8509.5
ORD09015,2025-05-25,CUST0180,PROD029,2,0.06,Debit Card,23495,35518.74,66775.23,19785.23
ORD09016,2025-07-30,CUST0358,PROD003,1,0.18,Credit Card,7361,11209.48,9191.77,1830.77
ORD09017,2025-09-20,CUST0740,PROD011,4,0.16,UPI,23684,28265.38,94971.68,235.68
ORD09018,2024-07-25,CUST1276,PROD008,4,0.15,Cash on Delivery,24024,32950.7,112032.38,15936.38
ORD09019,2023-02-23,CUST1323,PROD062,5,0.09,Credit Card,42867,62571.09,284698.46,70363.46
ORD09020,2024-08-27,CUST1897,PROD033,4,0.06,UPI,8919,11889.1,44703.02,9027.02
ORD09021,2023-11-21,CUST0430,PROD008,2,0.22,Credit Card,24024,37241.28,58096.4,10048.4
ORD09022,2025-08-27,CUST1028,PROD025,3,0.03,Credit Card,31820,44169.78,128534.06,33074.06
ORD09023,2025-06-03,CUST0653,PROD088,5,0.01,UPI,27486,33119.36,163940.83,26510.83
ORD09024,2023-09-22,CUST0678,PROD026,1,0.11,Cash on Delivery,1165,1617.83,1439.87,274.87
ORD09025,2024-01-17,CUST0254,PROD026,5,0.22,Cash on Delivery,1165,1642.47,6405.63,580.63
ORD09026,2023-11-29,CUST0941,PROD017,4,0.26,Debit Card,28919,45666.96,135174.2,19498.2
ORD09027,2025-10-30,CUST1689,PROD091,2,0.16,Cash on Delivery,15191,20354.34,34195.29,3813.29
ORD09028,2023-07-22,CUST1603,PROD029,1,0.25,Debit Card,23495,36461.06,27345.8,3850.8
ORD09029,2023-02-27,CUST1591,PROD043,5,0.01,UPI,1019,1318.57,6526.92,1431.92
ORD09030,2024-06-30,CUST1120,PROD073,4,0.14,Credit Card,46032,62306.0,214332.64,30204.64
ORD09031,2025-05-20,CUST0167,PROD078,5,0.04,Credit Card,3912,5687.55,27300.24,7740.24
ORD09032,2023-04-13,CUST1857,PROD005,1,0.17,Cash on Delivery,14250,22065.8,18314.61,4064.61
ORD09033,2025-05-14,CUST1355,PROD050,4,0.28,Credit Card,1097,1643.69,4733.83,345.83
ORD09034,2024-02-02,CUST1922,PROD094,3,0.0,UPI,11294,13778.2,41334.6,7452.6
ORD09035,2024-01-27,CUST0965,PROD056,1,0.2,Cash on Delivery,6756,8358.28,6686.62,-69.38
ORD09036,2023-04-16,CUST1912,PROD063,3,0.24,Cash on Delivery,48779,57593.25,131312.61,-15024.39
ORD09037,2025-12-13,CUST0854,PROD057,3,0.22,Debit Card,43648,62402.04,146020.77,15076.77
ORD09038,2023-04-21,CUST1086,PROD092,4,0.01,UPI,4811,6485.95,25684.36,6440.36
ORD09039,2023-08-12,CUST0174,PROD045,5,0.05,Debit Card,45004,69491.86,330086.33,105066.33
ORD09040,2023-03-16,CUST1277,PROD037,5,0.03,Cash on Delivery,49377,78767.86,382024.12,135139.12
ORD09041,2024-05-20,CUST1485,PROD072,2,0.03,Debit Card,16543,25564.74,49595.6,16509.6
ORD09042,2025-11-03,CUST0624,PROD079,1,0.22,UPI,16940,19836.41,15472.4,-1467.6
ORD09043,2025-02-08,CUST1239,PROD092,1,0.13,Debit Card,4811,7577.14,6592.11,1781.11
ORD09044,2024-04-26,CUST1263,PROD036,4,0.22,Cash on Delivery,5763,6894.54,21510.96,-1541.04
ORD09045,2023-12-30,CUST0415,PROD033,4,0.11,Debit Card,8919,12051.73,42904.16,7228.16
ORD09046,2023-08-27,CUST0739,PROD006,2,0.04,Cash on Delivery,17488,22451.07,43106.05,8130.05
ORD09047,2025-04-25,CUST1766,PROD076,2,0.22,Cash on Delivery,19739,24089.48,37579.59,-1898.41
ORD09048,2025-09-11,CUST1769,PROD071,3,0.19,Debit Card,43519,53400.29,129762.7,-794.3
ORD09049,2024-01-27,CUST0675,PROD045,2,0.03,Credit Card,45004,58758.36,113991.22,23983.22
ORD09050,2025-11-06,CUST0126,PROD092,5,0.28,UPI,4811,5587.63,20115.47,-3939.53
ORD09051,2025-08-22,CUST0941,PROD007,3,0.09,Cash on Delivery,3479,4102.07,11198.65,761.65
ORD09052,2023-01-12,CUST0253,PROD065,2,0.2,Credit Card,5346,7866.24,12585.98,1893.98
ORD09053,2023-05-26,CUST1869,PROD024,5,0.01,UPI,37354,53483.63,264743.97,77973.97
ORD09054,2023-06-18,CUST1974,PROD045,5,0.13,Credit Card,45004,53766.77,233885.45,8865.45
ORD09055,2025-04-26,CUST1735,PROD061,3,0.29,Debit Card,13164,17699.72,37700.4,-1791.6
ORD09056,2023-06-19,CUST0197,PROD019,3,0.27,Cash on Delivery,26105,37159.66,81379.66,3064.66
ORD09057,2025-02-03,CUST1658,PROD032,5,0.07,Credit Card,17963,21446.74,99727.34,9912.34
ORD09058,2024-05-13,CUST0413,PROD030,4,0.26,Credit Card,27284,43310.58,128199.32,19063.32
ORD09059,2025-06-15,CUST1480,PROD065,3,0.09,UPI,5346,8189.14,22356.35,6318.35
ORD09060,2025-12-12,CUST0776,PROD032,1,0.26,UPI,17963,22494.36,16645.83,-1317.17
ORD09061,2023-04-28,CUST1078,PROD057,4,0.22,Cash on Delivery,43648,60386.51,188405.91,13813.91
ORD09062,2023-12-31,CUST1671,PROD020,1,0.11,Credit Card,29671,40900.23,36401.2,6730.2
ORD09063,2023-05-16,CUST1363,PROD085,2,0.27,Cash on Delivery,21717,28240.68,41231.39,-2202.61
ORD09064,2024-07-10,CUST1383,PROD083,3,0.15,UPI,37036,55251.64,140891.68,29783.68
ORD09065,2023-01-18,CUST1175,PROD094,3,0.1,Cash on Delivery,11294,16333.71,44101.02,10219.02
ORD09066,2024-02-07,CUST1124,PROD092,5,0.08,Debit Card,4811,7403.64,34056.74,10001.74
ORD09067,2023-07-24,CUST0234,PROD096,3,0.28,Cash on Delivery,16906,19480.7,42078.31,-8639.69
ORD09068,2024-05-13,CUST1568,PROD030,1,0.23,Debit Card,27284,38792.43,29870.17,2586.17
ORD09069,2023-11-20,CUST1086,PROD087,4,0.1,Cash on Delivery,1853,2958.76,10651.54,3239.54
ORD09070,2024-08-17,CUST1965,PROD091,2,0.08,Cash on Delivery,15191,22864.61,42070.88,11688.88
ORD09071,2024-07-15,CUST0196,PROD059,4,0.06,Debit Card,42048,54870.21,206311.99,38119.99
ORD09072,2024-04-23,CUST0542,PROD090,1,0.07,UPI,39865,48645.08,45239.92,5374.92
ORD09073,2023-06-13,CUST1779,PROD062,2,0.03,Cash on Delivery,42867,57558.63,111663.74,25929.74
ORD09074,2023-11-20,CUST1130,PROD067,5,0.15,UPI,26070,34957.82,148570.74,18220.74
ORD09075,2024-07-04,CUST0295,PROD031,3,0.01,Credit Card,15105,21349.0,63406.53,18091.53
ORD09076,2025-04-10,CUST0645,PROD066,3,0.0,UPI,26705,31504.68,94514.04,14399.04
ORD09077,2024-10-01,CUST1475,PROD054,5,0.19,Credit Card,39049,51710.1,209425.91,14180.91
ORD09078,2024-09-25,CUST1558,PROD010,1,0.03,UPI,38184,58599.36,56841.38,18657.38
ORD09079,2025-01-28,CUST0156,PROD038,5,0.25,UPI,41219,59340.11,222525.41,16430.41
ORD09080,2023-07-27,CUST0406,PROD083,1,0.03,Credit Card,37036,49836.15,48341.07,11305.07
ORD09081,2023-11-11,CUST0896,PROD031,2,0.16,Debit Card,15105,19479.6,32725.73,2515.73
ORD09082,2023-10-31,CUST0726,PROD029,4,0.2,UPI,23495,29977.3,95927.36,1947.36
ORD09083,2025-06-19,CUST0738,PROD025,4,0.07,Credit Card,31820,47309.61,175991.75,48711.75
ORD09084,2023-08-27,CUST0797,PROD032,5,0.27,UPI,17963,24122.61,88047.53,-1767.47
ORD09085,2025-03-14,CUST1707,PROD017,3,0.14,UPI,28919,36461.13,94069.72,7312.72
ORD09086,2023-10-02,CUST0554,PROD045,5,0.09,UPI,45004,68213.67,310372.2,85352.2
ORD09087,2025-08-11,CUST1596,PROD049,3,0.27,UPI,1602,2033.78,4453.98,-352.02
ORD09088,2025-12-25,CUST0375,PROD087,5,0.26,Cash on Delivery,1853,2184.68,8083.32,-1181.68
ORD09089,2023-09-12,CUST1613,PROD018,5,0.21,UPI,34967,48836.37,192903.66,18068.66
ORD09090,2023-05-05,CUST0455,PROD075,4,0.09,Credit Card,900,1148.02,4178.79,578.79
ORD09091,2024-09-06,CUST0202,PROD052,3,0.12,UPI,20157,23224.85,61313.6,842.6
ORD09092,2024-01-20,CUST1756,PROD020,4,0.21,Credit Card,29671,40818.44,128986.27,10302.27
ORD09093,2024-03-22,CUST1476,PROD062,3,0.06,Credit Card,42867,66552.94,187679.29,59078.29
ORD09094,2024-01-22,CUST1211,PROD013,2,0.15,Debit Card,24204,34850.38,59245.65,10837.65
ORD09095,2024-01-18,CUST1632,PROD088,2,0.22,Credit Card,27486,31833.45,49660.18,-5311.82
ORD09096,2023-05-04,CUST0854,PROD043,2,0.2,Credit Card,1019,1345.53,2152.85,114.85
ORD09097,2024-12-28,CUST0724,PROD084,1,0.22,Debit Card,6252,7884.83,6150.17,-101.83
ORD09098,2025-06-14,CUST1392,PROD092,4,0.27,UPI,4811,6984.12,20393.63,1149.63
ORD09099,2023-11-24,CUST0340,PROD099,4,0.29,Cash on Delivery,42208,57217.56,162497.87,-6334.13
ORD09100,2024-11-24,CUST0262,PROD021,2,0.14,Debit Card,22664,27825.28,47859.48,2531.48
ORD09101,2025-12-27,CUST1865,PROD006,5,0.02,Cash on Delivery,17488,23702.0,116139.8,28699.8
ORD09102,2023-12-25,CUST1948,PROD071,4,0.25,UPI,43519,68286.86,204860.58,30784.58
ORD09103,2025-09-29,CUST1613,PROD093,3,0.04,UPI,48575,64840.79,186741.48,41016.48
ORD09104,2025-03-07,CUST0543,PROD053,4,0.07,Cash on Delivery,45509,70158.91,260991.15,78955.15
ORD09105,2024-03-18,CUST0551,PROD087,4,0.2,Cash on Delivery,1853,2527.4,8087.68,675.68
ORD09106,2023-06-13,CUST1330,PROD052,3,0.22,Credit Card,20157,30052.92,70323.83,9852.83
ORD09107,2025-08-30,CUST1870,PROD069,2,0.21,UPI,21682,32601.75,51510.76,8146.76
ORD09108,2023-12-27,CUST1750,PROD086,2,0.13,Debit Card,12989,19383.94,33728.06,7750.06
ORD09109,2024-08-07,CUST0638,PROD009,3,0.28,Debit Card,7565,10873.36,23486.46,791.46
ORD09110,2025-05-02,CUST0165,PROD096,4,0.25,UPI,16906,26688.15,80064.45,12440.45
ORD09111,2025-10-07,CUST0758,PROD074,4,0.2,Cash on Delivery,36254,56841.2,181891.84,36875.84
ORD09112,2025-10-20,CUST0621,PROD046,2,0.13,Cash on Delivery,11014,14166.79,24650.21,2622.21
ORD09113,2023-08-29,CUST1112,PROD092,1,0.14,Debit Card,4811,7036.56,6051.44,1240.44
ORD09114,2024-10-27,CUST1224,PROD075,2,0.05,Cash on Delivery,900,1304.24,2478.06,678.06
ORD09115,2024-07-18,CUST1295,PROD071,3,0.23,Debit Card,43519,53968.67,124667.63,-5889.37
ORD09116,2025-04-11,CUST0051,PROD030,1,0.26,Credit Card,27284,34631.05,25626.98,-1657.02
ORD09117,2025-09-02,CUST0489,PROD043,1,0.25,Credit Card,1019,1314.35,985.76,-33.24
ORD09118,2023-01-31,CUST0198,PROD059,3,0.16,Credit Card,42048,54629.34,137665.94,11521.94
ORD09119,2023-08-11,CUST1047,PROD038,5,0.25,UPI,41219,63249.04,237183.9,31088.9
ORD09120,2023-09-23,CUST0665,PROD034,2,0.24,Cash on Delivery,48452,72232.67,109793.66,12889.66
ORD09121,2025-02-26,CUST1247,PROD046,4,0.25,Credit Card,11014,16669.47,50008.41,5952.41
ORD09122,2024-01-16,CUST1966,PROD092,2,0.29,Debit Card,4811,7509.3,10663.21,1041.21
ORD09123,2024-07-09,CUST1245,PROD032,3,0.24,Credit Card,17963,24815.06,56578.34,2689.34
ORD09124,2023-03-03,CUST0663,PROD016,4,0.08,Cash on Delivery,45432,69326.71,255122.29,73394.29
ORD09125,2024-12-13,CUST0266,PROD039,5,0.25,Debit Card,46187,67567.08,253376.55,22441.55
ORD09126,2025-04-26,CUST0073,PROD001,3,0.11,Credit Card,19397,26363.57,70390.73,12199.73
ORD09127,2024-06-04,CUST1905,PROD098,2,0.15,Cash on Delivery,27372,33865.58,57571.49,2827.49
ORD09128,2025-12-30,CUST0077,PROD057,1,0.24,Debit Card,43648,58646.42,44571.28,923.28
ORD09129,2024-08-24,CUST0544,PROD087,3,0.1,Credit Card,1853,2303.21,6218.67,659.67
ORD09130,2023-05-20,CUST0881,PROD020,3,0.01,Credit Card,29671,37955.88,112728.96,23715.96
ORD09131,2024-08-12,CUST0435,PROD082,2,0.22,Cash on Delivery,37566,47993.63,74870.06,-261.94
ORD09132,2024-06-11,CUST1961,PROD082,5,0.27,Credit Card,37566,56065.94,204640.68,16810.68
ORD09133,2024-06-24,CUST1089,PROD042,2,0.28,Cash on Delivery,35023,48279.38,69522.31,-523.69
ORD09134,2024-01-10,CUST1985,PROD085,2,0.24,Credit Card,21717,32725.66,49743.0,6309.0
ORD09135,2023-10-18,CUST0357,PROD072,5,0.28,Debit Card,16543,25556.18,92002.25,9287.25
ORD09136,2023-02-12,CUST0936,PROD034,5,0.25,Credit Card,48452,69056.28,258961.05,16701.05
ORD09137,2025-12-12,CUST0018,PROD050,3,0.01,UPI,1097,1462.57,4343.83,1052.83
ORD09138,2023-01-08,CUST0676,PROD011,1,0.1,Credit Card,23684,36367.91,32731.12,9047.12
ORD09139,2024-04-27,CUST1823,PROD043,2,0.1,Cash on Delivery,1019,1432.09,2577.76,539.76
ORD09140,2023-02-11,CUST1590,PROD010,1,0.07,Credit Card,38184,58636.17,54531.64,16347.64
ORD09141,2023-11-29,CUST0575,PROD008,5,0.24,UPI,24024,30497.03,115888.71,-4231.29
ORD09142,2025-12-29,CUST1793,PROD072,5,0.16,Debit Card,16543,23236.16,97591.87,14876.87
ORD09143,2025-11-05,CUST0751,PROD019,2,0.25,UPI,26105,32508.21,48762.32,-3447.68
ORD09144,2023-03-10,CUST1460,PROD065,3,0.18,Debit Card,5346,7827.94,19256.73,3218.73
ORD09145,2023-02-22,CUST0996,PROD055,2,0.18,UPI,44065,62312.36,102192.27,14062.27
ORD09146,2024-11-15,CUST1465,PROD052,3,0.12,UPI,20157,28223.83,74510.91,14039.91
ORD09147,2025-09-20,CUST1033,PROD003,4,0.24,UPI,7361,10582.16,32169.77,2725.77
ORD09148,2024-06-10,CUST1494,PROD053,3,0.2,Debit Card,45509,60023.25,144055.8,7528.8
ORD09149,2023-03-04,CUST0632,PROD044,2,0.1,Credit Card,31606,39077.32,70339.18,7127.18
ORD09150,2023-09-18,CUST1372,PROD096,2,0.3,Cash on Delivery,16906,25576.85,35807.59,1995.59
ORD09151,2025-05-07,CUST1626,PROD048,3,0.14,Credit Card,7733,10230.5,26394.69,3195.69
ORD09152,2023-06-29,CUST0372,PROD054,1,0.09,UPI,39049,62283.99,56678.43,17629.43
ORD09153,2025-11-05,CUST0970,PROD016,3,0.21,Debit Card,45432,62080.6,147131.02,10835.02
ORD09154,2023-12-21,CUST1848,PROD030,4,0.07,Debit Card,27284,37392.9,139101.59,29965.59
ORD09155,2025-07-22,CUST1199,PROD092,4,0.25,Credit Card,4811,7000.09,21000.27,1756.27
ORD09156,2024-12-27,CUST1539,PROD028,1,0.2,Debit Card,24730,35859.28,28687.42,3957.42
ORD09157,2024-08-11,CUST1154,PROD016,4,0.26,Debit Card,45432,55937.4,165574.7,-16153.3
ORD09158,2024-08-27,CUST1590,PROD051,2,0.1,UPI,47215,60082.96,108149.33,13719.33
ORD09159,2023-06-30,CUST1317,PROD033,1,0.26,Debit Card,8919,11186.05,8277.68,-641.32
ORD09160,2023-06-23,CUST1720,PROD025,1,0.15,Debit Card,31820,37357.71,31754.05,-65.95
ORD09161,2023-12-20,CUST1951,PROD018,1,0.02,UPI,34967,40564.69,39753.4,4786.4
ORD09162,2023-12-20,CUST0353,PROD026,3,0.06,Credit Card,1165,1677.89,4731.65,1236.65
ORD09163,2024-03-09,CUST0224,PROD006,3,0.07,Cash on Delivery,17488,24034.92,67057.43,14593.43
ORD09164,2025-06-23,CUST1548,PROD038,1,0.23,Cash on Delivery,41219,63995.3,49276.38,8057.38
ORD09165,2023-10-09,CUST0954,PROD044,4,0.06,Cash on Delivery,31606,40624.68,152748.8,26324.8
ORD09166,2023-09-16,CUST1731,PROD067,2,0.17,Credit Card,26070,39219.22,65103.91,12963.91
ORD09167,2025-05-17,CUST1783,PROD043,2,0.2,Debit Card,1019,1219.15,1950.64,-87.36
ORD09168,2024-07-12,CUST1533,PROD006,3,0.23,UPI,17488,26536.27,61298.78,8834.78
ORD09169,2023-01-05,CUST0368,PROD078,5,0.24,Credit Card,3912,6120.42,23257.6,3697.6
ORD09170,2024-08-18,CUST1690,PROD064,1,0.22,Cash on Delivery,24886,35644.26,27802.52,2916.52
ORD09171,2024-01-29,CUST1614,PROD082,5,0.06,Debit Card,37566,55642.09,261517.82,73687.82
ORD09172,2023-12-02,CUST1676,PROD080,2,0.16,Cash on Delivery,24906,39712.81,66717.52,16905.52
ORD09173,2023-03-04,CUST1524,PROD088,3,0.09,Cash on Delivery,27486,36286.58,99062.36,16604.36
ORD09174,2023-02-13,CUST1114,PROD013,3,0.23,Cash on Delivery,24204,28154.4,65036.66,-7575.34
ORD09175,2023-06-02,CUST0656,PROD065,3,0.22,Credit Card,5346,7790.04,18228.69,2190.69
ORD09176,2025-05-03,CUST1973,PROD038,3,0.07,Debit Card,41219,47649.1,132940.99,9283.99
ORD09177,2023-10-02,CUST1096,PROD064,3,0.19,Cash on Delivery,24886,34983.25,85009.3,10351.3
ORD09178,2024-03-01,CUST0433,PROD014,1,0.02,Credit Card,6122,8686.29,8512.56,2390.56
ORD09179,2024-04-27,CUST1713,PROD017,5,0.23,UPI,28919,40863.28,157323.63,12728.63
ORD09180,2023-08-02,CUST1372,PROD077,2,0.23,UPI,10916,13368.43,20587.38,-1244.62
ORD09181,2023-03-20,CUST1287,PROD013,2,0.1,Credit Card,24204,28669.74,51605.53,3197.53
ORD09182,2023-05-19,CUST1295,PROD073,3,0.24,UPI,46032,71740.17,163567.59,25471.59
ORD09183,2025-08-07,CUST0509,PROD006,3,0.26,Cash on Delivery,17488,24373.39,54108.93,1644.93
ORD09184,2023-04-08,CUST0508,PROD006,3,0.06,Credit Card,17488,22653.74,63883.55,11419.55
ORD09185,2024-10-25,CUST0617,PROD094,4,0.11,Credit Card,11294,16910.34,60200.81,15024.81
ORD09186,2023-07-17,CUST0420,PROD037,2,0.08,UPI,49377,77262.39,142162.8,43408.8
ORD09187,2025-02-23,CUST1096,PROD057,3,0.11,Debit Card,43648,58134.65,155219.52,24275.52
ORD09188,2023-06-05,CUST0074,PROD053,5,0.13,UPI,45509,54348.55,236416.19,8871.19
ORD09189,2025-12-09,CUST1679,PROD046,4,0.15,Cash on Delivery,11014,16098.92,54736.33,10680.33
ORD09190,2024-04-23,CUST1527,PROD078,1,0.01,Debit Card,3912,6096.41,6035.45,2123.45
ORD09191,2023-08-16,CUST0574,PROD004,4,0.02,Debit Card,42258,67240.22,263581.66,94549.66
ORD09192,2024-06-05,CUST0146,PROD034,4,0.2,Cash on Delivery,48452,73457.78,235064.9,41256.9
ORD09193,2023-05-29,CUST0046,PROD066,4,0.13,Debit Card,26705,33933.98,118090.25,11270.25
ORD09194,2025-12-17,CUST1765,PROD063,5,0.03,Credit Card,48779,63958.98,310201.05,66306.05
ORD09195,2023-06-11,CUST1129,PROD061,2,0.12,Debit Card,13164,15948.62,28069.57,1741.57
ORD09196,2025-05-12,CUST1133,PROD081,3,0.14,Debit Card,2375,3493.0,9011.94,1886.94
ORD09197,2024-01-30,CUST1341,PROD042,5,0.19,UPI,35023,42943.96,173923.04,-1191.96
ORD09198,2025-03-11,CUST0121,PROD078,5,0.04,Credit Card,3912,5259.23,25244.3,5684.3
ORD09199,2023-07-05,CUST1523,PROD064,3,0.3,Cash on Delivery,24886,34573.87,72605.13,-2052.87
ORD09200,2024-07-11,CUST1067,PROD017,4,0.14,Credit Card,28919,38234.96,131528.26,15852.26
ORD09201,2024-03-21,CUST1964,PROD061,1,0.2,Debit Card,13164,16025.37,12820.3,-343.7
ORD09202,2025-04-09,CUST0099,PROD030,4,0.27,UPI,27284,34934.96,102010.08,-7125.92
ORD09203,2023-03-28,CUST0706,PROD043,4,0.01,Cash on Delivery,1019,1462.0,5789.52,1713.52
ORD09204,2024-03-13,CUST0311,PROD093,2,0.18,Cash on Delivery,48575,71748.71,117667.88,20517.88
ORD09205,2024-05-30,CUST1238,PROD007,4,0.16,Debit Card,3479,4963.09,16675.98,2759.98
ORD09206,2025-08-04,CUST1487,PROD073,1,0.02,Credit Card,46032,72941.77,71482.93,25450.93
ORD09207,2025-01-25,CUST1765,PROD046,5,0.21,UPI,11014,15707.44,62044.39,6974.39
ORD09208,2025-03-07,CUST0423,PROD023,4,0.07,Credit Card,14296,17890.05,66550.99,9366.99
ORD09209,2024-11-16,CUST1413,PROD036,5,0.21,Credit Card,5763,7900.92,31208.63,2393.63
ORD09210,2023-11-21,CUST1721,PROD014,2,0.11,Cash on Delivery,6122,9344.03,16632.37,4388.37
ORD09211,2024-09-14,CUST1136,PROD020,1,0.23,Credit Card,29671,38471.74,29623.24,-47.76
ORD09212,2024-11-17,CUST1935,PROD056,3,0.28,Credit Card,6756,10010.12,21621.86,1353.86
ORD09213,2024-02-04,CUST1883,PROD081,3,0.26,Cash on Delivery,2375,3570.42,7926.33,801.33
ORD09214,2025-05-17,CUST0272,PROD032,2,0.14,Cash on Delivery,17963,28207.02,48516.07,12590.07
ORD09215,2023-08-05,CUST0825,PROD025,1,0.07,Credit Card,31820,42337.43,39373.81,7553.81
ORD09216,2025-03-19,CUST1126,PROD094,5,0.3,Cash on Delivery,11294,14306.57,50073.0,-6397.0
ORD09217,2025-08-18,CUST0210,PROD049,2,0.2,UPI,1602,2208.48,3533.57,329.57
ORD09218,2025-09-27,CUST0739,PROD057,4,0.12,UPI,43648,69712.73,245388.81,70796.81
ORD09219,2025-07-20,CUST0793,PROD027,5,0.14,Credit Card,33194,51648.49,222088.51,56118.51
ORD09220,2023-08-28,CUST1046,PROD027,4,0.04,Debit Card,33194,42414.62,162872.14,30096.14
ORD09221,2023-02-17,CUST0760,PROD046,4,0.15,Cash on Delivery,11014,13641.08,46379.67,2323.67
ORD09222,2025-05-24,CUST0159,PROD095,5,0.05,Debit Card,3434,4686.14,22259.16,5089.16
ORD09223,2023-05-12,CUST1915,PROD045,4,0.11,Cash on Delivery,45004,55111.83,196198.11,16182.11
ORD09224,2024-09-16,CUST0741,PROD026,3,0.15,Cash on Delivery,1165,1737.15,4429.73,934.73
ORD09225,2024-08-23,CUST1954,PROD014,5,0.28,Credit Card,6122,7141.16,25708.18,-4901.82
ORD09226,2024-11-03,CUST0343,PROD048,2,0.19,UPI,7733,9674.96,15673.44,207.44
ORD09227,2023-11-30,CUST1424,PROD085,3,0.11,Debit Card,21717,25152.62,67157.5,2006.5
ORD09228,2023-02-05,CUST1478,PROD092,2,0.03,UPI,4811,6023.53,11685.65,2063.65
ORD09229,2025-02-16,CUST0699,PROD015,1,0.22,UPI,18761,22016.79,17173.1,-1587.9
ORD09230,2023-08-11,CUST1167,PROD094,2,0.14,Debit Card,11294,16411.29,28227.42,5639.42
ORD09231,2024-06-13,CUST1874,PROD089,5,0.02,Cash on Delivery,21871,30764.26,150744.87,41389.87
ORD09232,2023-08-29,CUST1894,PROD051,2,0.2,Debit Card,47215,58842.22,94147.55,-282.45
ORD09233,2023-05-14,CUST0397,PROD054,1,0.11,UPI,39049,48509.98,43173.88,4124.88
ORD09234,2024-01-26,CUST0536,PROD011,4,0.12,Debit Card,23684,30340.08,106797.08,12061.08
ORD09235,2023-04-12,CUST0141,PROD075,5,0.25,Credit Card,900,1358.28,5093.55,593.55
ORD09236,2024-11-11,CUST0961,PROD028,3,0.04,Cash on Delivery,24730,30114.38,86729.41,12539.41
ORD09237,2024-05-12,CUST0240,PROD055,3,0.1,Cash on Delivery,44065,53087.99,143337.57,11142.57
ORD09238,2024-05-25,CUST0292,PROD069,2,0.11,Debit Card,21682,29891.3,53206.51,9842.51
ORD09239,2024-12-03,CUST0817,PROD092,3,0.0,Cash on Delivery,4811,7405.22,22215.66,7782.66
ORD09240,2025-09-20,CUST0082,PROD072,1,0.25,Cash on Delivery,16543,20692.81,15519.61,-1023.39
ORD09241,2025-08-06,CUST0560,PROD026,3,0.25,UPI,1165,1395.45,3139.76,-355.24
ORD09242,2025-04-20,CUST1889,PROD070,2,0.2,UPI,39873,54676.24,87481.98,7735.98
ORD09243,2023-01-06,CUST0870,PROD032,3,0.27,Cash on Delivery,17963,26575.71,58200.8,4311.8
ORD09244,2025-08-15,CUST0171,PROD048,4,0.08,Cash on Delivery,7733,11044.62,40644.2,9712.2
ORD09245,2023-07-13,CUST1798,PROD096,4,0.07,UPI,16906,22623.18,84158.23,16534.23
ORD09246,2025-01-11,CUST0977,PROD012,3,0.02,Cash on Delivery,33865,39560.39,116307.55,14712.55
ORD09247,2025-06-30,CUST0580,PROD070,5,0.18,Cash on Delivery,39873,51247.45,210114.54,10749.54
ORD09248,2024-04-17,CUST0526,PROD077,3,0.15,UPI,10916,17068.95,43525.82,10777.82
ORD09249,2023-08-04,CUST0542,PROD061,4,0.24,UPI,13164,16458.79,50034.72,-2621.28
ORD09250,2025-05-25,CUST0110,PROD034,4,0.14,UPI,48452,69106.1,237724.98,43916.98
ORD09251,2023-02-07,CUST1236,PROD087,1,0.06,Credit Card,1853,2887.62,2714.36,861.36
ORD09252,2024-04-15,CUST1800,PROD081,2,0.24,UPI,2375,3252.92,4944.44,194.44
ORD09253,2024-03-27,CUST1462,PROD045,1,0.14,Cash on Delivery,45004,60792.55,52281.59,7277.59
ORD09254,2025-10-09,CUST0322,PROD060,5,0.29,UPI,7054,8559.88,30387.57,-4882.43
ORD09255,2023-04-13,CUST0900,PROD065,2,0.16,Credit Card,5346,8506.96,14291.69,3599.69
ORD09256,2023-02-11,CUST0714,PROD071,3,0.04,UPI,43519,53506.67,154099.21,23542.21
ORD09257,2025-08-04,CUST0084,PROD013,3,0.26,UPI,24204,33078.54,73434.36,822.36
ORD09258,2023-03-07,CUST0956,PROD078,5,0.26,Credit Card,3912,4800.41,17761.52,-1798.48
ORD09259,2025-07-31,CUST0376,PROD081,4,0.13,Debit Card,2375,3103.58,10800.46,1300.46
ORD09260,2023-07-12,CUST1077,PROD094,3,0.01,Debit Card,11294,17480.9,51918.27,18036.27
ORD09261,2025-11-27,CUST1891,PROD048,1,0.01,UPI,7733,11131.61,11020.29,3287.29
ORD09262,2024-05-16,CUST1520,PROD049,4,0.11,Debit Card,1602,1849.4,6583.86,175.86
ORD09263,2024-10-25,CUST1280,PROD098,3,0.21,Debit Card,27372,43385.8,102824.35,20708.35
ORD09264,2023-12-18,CUST0586,PROD091,4,0.1,Cash on Delivery,15191,22828.4,82182.24,21418.24
ORD09265,2023-11-22,CUST1244,PROD058,2,0.0,Cash on Delivery,29901,47808.45,95616.9,35814.9
ORD09266,2025-11-27,CUST1679,PROD089,3,0.25,Cash on Delivery,21871,32659.75,73484.44,7871.44
ORD09267,2023-04-18,CUST0100,PROD099,3,0.29,Credit Card,42208,63066.52,134331.69,7707.69
ORD09268,2024-09-22,CUST0129,PROD073,4,0.1,Debit Card,46032,67424.01,242726.44,58598.44
ORD09269,2023-05-31,CUST0918,PROD070,2,0.02,UPI,39873,53448.19,104758.45,25012.45
ORD09270,2025-12-16,CUST0219,PROD061,1,0.09,Credit Card,13164,17004.27,15473.89,2309.89
ORD09271,2025-05-27,CUST0477,PROD026,2,0.24,Debit Card,1165,1615.08,2454.92,124.92
ORD09272,2023-12-01,CUST1807,PROD039,1,0.16,UPI,46187,56819.57,47728.44,1541.44
ORD09273,2025-03-14,CUST1482,PROD058,5,0.12,Credit Card,29901,44106.79,194069.88,44564.88
ORD09274,2025-02-05,CUST0022,PROD027,2,0.1,Cash on Delivery,33194,53070.36,95526.65,29138.65
ORD09275,2023-09-16,CUST1714,PROD040,1,0.03,UPI,34631,49190.58,47714.86,13083.86
ORD09276,2025-02-20,CUST0560,PROD031,4,0.1,Cash on Delivery,15105,23192.31,83492.32,23072.32
ORD09277,2023-02-03,CUST0629,PROD003,1,0.14,Debit Card,7361,9035.98,7770.94,409.94
ORD09278,2023-11-22,CUST1019,PROD088,5,0.2,UPI,27486,41813.95,167255.8,29825.8
ORD09279,2025-04-16,CUST1353,PROD015,1,0.08,Cash on Delivery,18761,29236.11,26897.22,8136.22
ORD09280,2024-11-21,CUST1912,PROD054,2,0.27,Cash on Delivery,39049,59646.97,87084.58,8986.58
ORD09281,2025-01-08,CUST1715,PROD070,1,0.15,Debit Card,39873,57108.77,48542.45,8669.45
ORD09282,2025-01-13,CUST1504,PROD011,2,0.12,Debit Card,23684,37109.77,65313.2,17945.2
ORD09283,2025-04-26,CUST1809,PROD030,5,0.18,Debit Card,27284,43181.3,177043.33,40623.33
ORD09284,2023-04-27,CUST1898,PROD035,1,0.05,Debit Card,34337,52086.26,49481.95,15144.95
ORD09285,2024-10-11,CUST0339,PROD043,1,0.03,Debit Card,1019,1422.73,1380.05,361.05
ORD09286,2024-02-07,CUST1896,PROD061,5,0.1,Credit Card,13164,20086.74,90390.33,24570.33
ORD09287,2025-09-23,CUST1883,PROD040,1,0.01,Cash on Delivery,34631,45621.96,45165.74,10534.74
ORD09288,2023-08-21,CUST0179,PROD093,2,0.11,Debit Card,48575,63437.31,112918.41,15768.41
ORD09289,2025-07-17,CUST0421,PROD087,3,0.2,Cash on Delivery,1853,2421.05,5810.52,251.52
ORD09290,2024-04-24,CUST1506,PROD042,3,0.24,Credit Card,35023,43416.2,98988.94,-6080.06
ORD09291,2025-09-02,CUST1007,PROD042,2,0.17,UPI,35023,50094.28,83156.5,13110.5
ORD09292,2023-01-09,CUST0049,PROD003,1,0.21,Cash on Delivery,7361,10656.26,8418.45,1057.45
ORD09293,2024-12-15,CUST1851,PROD090,2,0.25,Cash on Delivery,39865,61266.04,91899.06,12169.06
ORD09294,2024-01-14,CUST1930,PROD078,5,0.23,Cash on Delivery,3912,5721.42,22027.47,2467.47
ORD09295,2024-01-16,CUST0767,PROD083,2,0.1,UPI,37036,55589.99,100061.98,25989.98
ORD09296,2025-04-23,CUST0030,PROD085,3,0.17,Credit Card,21717,31706.27,78948.61,13797.61
ORD09297,2023-12-26,CUST0085,PROD021,4,0.08,Cash on Delivery,22664,33172.63,122075.28,31419.28
ORD09298,2023-06-25,CUST0789,PROD073,5,0.17,Credit Card,46032,59991.06,248962.9,18802.9
ORD09299,2024-04-29,CUST1526,PROD077,1,0.13,Cash on Delivery,10916,17298.02,15049.28,4133.28
ORD09300,2023-02-02,CUST1570,PROD053,2,0.11,Cash on Delivery,45509,65417.18,116442.58,25424.58
ORD09301,2024-11-26,CUST0329,PROD044,5,0.06,Cash on Delivery,31606,44697.57,210078.58,52048.58
ORD09302,2023-06-06,CUST0610,PROD046,3,0.17,UPI,11014,16865.16,41994.25,8952.25
ORD09303,2024-07-18,CUST0434,PROD037,1,0.22,Credit Card,49377,66137.05,51586.9,2209.9
ORD09304,2023-07-21,CUST0588,PROD038,2,0.17,Credit Card,41219,49187.19,81650.74,-787.26
ORD09305,2025-07-11,CUST1711,PROD088,2,0.02,Debit Card,27486,34578.66,67774.17,12802.17
ORD09306,2023-03-15,CUST1877,PROD038,1,0.28,Cash on Delivery,41219,62390.78,44921.36,3702.36
ORD09307,2023-04-06,CUST1273,PROD011,4,0.0,UPI,23684,35036.13,140144.52,45408.52
ORD09308,2023-06-22,CUST1876,PROD093,4,0.27,Cash on Delivery,48575,58422.85,170594.72,-23705.28
ORD09309,2023-06-04,CUST1158,PROD045,5,0.23,Credit Card,45004,53165.19,204685.98,-20334.02
ORD09310,2023-10-16,CUST0690,PROD064,2,0.03,Credit Card,24886,35583.44,69031.87,19259.87
ORD09311,2023-09-15,CUST1389,PROD044,5,0.07,Cash on Delivery,31606,49697.01,231091.1,73061.1
ORD09312,2023-06-23,CUST1764,PROD081,1,0.1,Credit Card,2375,2918.2,2626.38,251.38
ORD09313,2023-11-26,CUST1599,PROD062,5,0.27,Cash on Delivery,42867,59887.77,218590.36,4255.36
ORD09314,2025-01-28,CUST1804,PROD090,2,0.29,Cash on Delivery,39865,60410.84,85783.39,6053.39
ORD09315,2025-10-16,CUST0425,PROD061,4,0.03,Debit Card,13164,18270.47,70889.42,18233.42
ORD09316,2023-06-10,CUST1439,PROD090,4,0.12,UPI,39865,52143.69,183545.79,24085.79
ORD09317,2023-07-05,CUST0770,PROD012,1,0.04,UPI,33865,50992.49,48952.79,15087.79
ORD09318,2023-05-23,CUST1680,PROD082,3,0.08,Credit Card,37566,56238.24,155217.54,42519.54
ORD09319,2025-06-25,CUST0512,PROD009,5,0.29,Credit Card,7565,11526.93,40920.6,3095.6
ORD09320,2024-10-01,CUST1409,PROD067,1,0.3,Debit Card,26070,41067.96,28747.57,2677.57
ORD09321,2023-01-27,CUST1412,PROD074,4,0.14,Credit Card,36254,44149.54,151874.42,6858.42
ORD09322,2023-07-21,CUST1839,PROD002,2,0.05,Credit Card,8668,11297.45,21465.16,4129.16
ORD09323,2025-11-10,CUST1012,PROD008,2,0.16,Cash on Delivery,24024,38286.91,64322.01,16274.01
ORD09324,2024-10-31,CUST1473,PROD043,3,0.1,Debit Card,1019,1444.47,3900.07,843.07
ORD09325,2025-10-28,CUST0564,PROD018,3,0.28,Cash on Delivery,34967,50756.65,109634.36,4733.36
ORD09326,2024-04-16,CUST0303,PROD052,4,0.25,Cash on Delivery,20157,31199.87,93599.61,12971.61
ORD09327,2023-09-16,CUST0099,PROD039,3,0.09,Credit Card,46187,67477.81,184214.42,45653.42
ORD09328,2023-02-24,CUST1997,PROD031,3,0.01,Cash on Delivery,15105,22014.86,65384.13,20069.13
ORD09329,2025-06-29,CUST1330,PROD014,2,0.3,UPI,6122,7328.2,10259.48,-1984.52
ORD09330,2025-10-26,CUST0557,PROD064,5,0.21,UPI,24886,34294.86,135464.7,11034.7
ORD09331,2024-07-07,CUST0042,PROD097,2,0.13,UPI,10894,15828.3,27541.24,5753.24
ORD09332,2025-12-09,CUST0991,PROD093,2,0.09,Debit Card,48575,73507.64,133783.9,36633.9
ORD09333,2023-04-22,CUST0468,PROD044,4,0.0,Debit Card,31606,42224.26,168897.04,42473.04
ORD09334,2023-05-26,CUST0440,PROD060,4,0.05,UPI,7054,8504.24,32316.11,4100.11
ORD09335,2023-08-18,CUST0327,PROD097,5,0.0,UPI,10894,14321.49,71607.45,17137.45
ORD09336,2024-05-11,CUST0569,PROD099,1,0.18,Cash on Delivery,42208,56701.42,46495.16,4287.16
ORD09337,2024-04-05,CUST0033,PROD002,3,0.2,Debit Card,8668,12897.59,30954.22,4950.22
ORD09338,2025-03-17,CUST0412,PROD099,3,0.23,Credit Card,42208,48914.91,112993.44,-13630.56
ORD09339,2023-08-14,CUST1650,PROD032,2,0.06,Credit Card,17963,23775.99,44698.86,8772.86
ORD09340,2023-02-28,CUST0812,PROD036,2,0.03,Debit Card,5763,7788.97,15110.6,3584.6
ORD09341,2024-03-03,CUST1138,PROD055,5,0.2,Cash on Delivery,44065,61583.13,246332.52,26007.52
ORD09342,2024-12-28,CUST0508,PROD087,3,0.15,UPI,1853,2939.78,7496.44,1937.44
ORD09343,2025-07-20,CUST0056,PROD063,2,0.26,Cash on Delivery,48779,72352.47,107081.66,9523.66
ORD09344,2024-05-12,CUST1580,PROD069,2,0.16,Cash on Delivery,21682,27104.52,45535.59,2171.59
ORD09345,2025-03-26,CUST1748,PROD080,4,0.13,Debit Card,24906,35743.8,124388.42,24764.42
ORD09346,2025-06-28,CUST1376,PROD040,1,0.15,UPI,34631,45219.69,38436.74,3805.74
ORD09347,2023-03-08,CUST1353,PROD024,5,0.23,Debit Card,37354,56596.41,217896.18,31126.18
ORD09348,2023-08-18,CUST0546,PROD058,1,0.01,Debit Card,29901,36687.97,36321.09,6420.09
ORD09349,2025-09-09,CUST1294,PROD028,1,0.28,Cash on Delivery,24730,30047.6,21634.27,-3095.73
ORD09350,2023-11-29,CUST0196,PROD062,5,0.21,Debit Card,42867,51252.95,202449.15,-11885.85
ORD09351,2023-10-04,CUST0413,PROD025,3,0.27,Debit Card,31820,44384.03,97201.03,1741.03
ORD09352,2024-12-21,CUST0637,PROD007,2,0.29,Debit Card,3479,4193.81,5955.21,-1002.79
ORD09353,2023-05-24,CUST1103,PROD038,5,0.07,Debit Card,41219,48176.32,224019.89,17924.89
ORD09354,2024-11-21,CUST1791,PROD071,2,0.17,Cash on Delivery,43519,56557.52,93885.48,6847.48
ORD09355,2023-02-26,CUST1681,PROD086,4,0.15,UPI,12989,19602.67,66649.08,14693.08
ORD09356,2023-11-04,CUST1107,PROD086,1,0.16,UPI,12989,15849.61,13313.67,324.67
ORD09357,2023-06-23,CUST0742,PROD091,4,0.01,Cash on Delivery,15191,19916.17,78868.03,18104.03
ORD09358,2025-01-19,CUST0137,PROD097,1,0.27,Credit Card,10894,14664.22,10704.88,-189.12
ORD09359,2025-09-30,CUST0539,PROD045,3,0.29,Debit Card,45004,69494.57,148023.43,13011.43
ORD09360,2024-11-08,CUST0689,PROD032,5,0.21,Cash on Delivery,17963,24508.06,96806.84,6991.84
ORD09361,2024-07-13,CUST0719,PROD032,3,0.08,Credit Card,17963,24795.76,68436.3,14547.3
ORD09362,2023-12-15,CUST0933,PROD001,1,0.24,Credit Card,19397,24529.08,18642.1,-754.9
ORD09363,2025-12-26,CUST1948,PROD074,4,0.22,Debit Card,36254,52598.91,164108.6,19092.6
ORD09364,2023-11-26,CUST0306,PROD045,1,0.17,Cash on Delivery,45004,52274.31,43387.68,-1616.32
ORD09365,2023-07-13,CUST1335,PROD064,3,0.05,Debit Card,24886,39419.37,112345.2,37687.2
ORD09366,2023-09-23,CUST0388,PROD068,3,0.06,Credit Card,30755,42262.11,119179.15,26914.15
ORD09367,2023-06-17,CUST0725,PROD093,4,0.18,Credit Card,48575,57212.41,187656.7,-6643.3
ORD09368,2023-05-25,CUST1890,PROD007,4,0.04,Debit Card,3479,4876.26,18724.84,4808.84
ORD09369,2023-07-05,CUST0915,PROD038,3,0.22,Debit Card,41219,56935.47,133229.0,9572.0
ORD09370,2025-06-04,CUST0549,PROD070,1,0.06,Debit Card,39873,50172.84,47162.47,7289.47
ORD09371,2025-05-14,CUST0506,PROD053,1,0.27,UPI,45509,56611.57,41326.45,-4182.55
ORD09372,2025-02-12,CUST0388,PROD075,5,0.27,Cash on Delivery,900,1144.66,4178.01,-321.99
ORD09373,2025-10-03,CUST0293,PROD073,3,0.09,Cash on Delivery,46032,55624.12,151853.85,13757.85
ORD09374,2025-02-24,CUST0179,PROD030,5,0.03,Cash on Delivery,27284,37901.3,183821.3,47401.3
ORD09375,2024-04-01,CUST0672,PROD022,3,0.18,Credit Card,46697,72171.2,177541.15,37450.15
ORD09376,2023-12-11,CUST1453,PROD058,5,0.13,Cash on Delivery,29901,46807.25,203611.54,54106.54
ORD09377,2025-01-04,CUST1904,PROD073,2,0.04,Cash on Delivery,46032,72677.36,139540.53,47476.53
ORD09378,2024-07-07,CUST1548,PROD055,1,0.16,Credit Card,44065,62579.72,52566.96,8501.96
ORD09379,2025-10-17,CUST1705,PROD046,1,0.3,Credit Card,11014,15746.68,11022.68,8.68
ORD09380,2025-02-26,CUST1336,PROD097,2,0.02,UPI,10894,14050.35,27538.69,5750.69
ORD09381,2025-07-24,CUST0080,PROD026,4,0.08,Credit Card,1165,1803.89,6638.32,1978.32
ORD09382,2024-12-05,CUST1038,PROD064,2,0.16,Debit Card,24886,34085.5,57263.64,7491.64
ORD09383,2023-09-04,CUST1078,PROD080,1,0.24,UPI,24906,31772.31,24146.96,-759.04
ORD09384,2025-03-22,CUST0447,PROD009,3,0.01,Credit Card,7565,11987.12,35601.75,12906.75
ORD09385,2025-11-12,CUST0766,PROD087,5,0.22,Cash on Delivery,1853,2719.13,10604.61,1339.61
ORD09386,2025-08-10,CUST1089,PROD015,1,0.04,UPI,18761,25497.95,24478.03,5717.03
ORD09387,2025-03-25,CUST1396,PROD019,2,0.25,UPI,26105,30827.04,46240.56,-5969.44
ORD09388,2023-05-24,CUST0503,PROD016,3,0.21,Cash on Delivery,45432,55112.32,130616.2,-5679.8
ORD09389,2024-12-30,CUST0570,PROD025,1,0.14,Cash on Delivery,31820,39406.35,33889.46,2069.46
ORD09390,2025-05-12,CUST0096,PROD099,2,0.25,Cash on Delivery,42208,65687.4,98531.1,14115.1
ORD09391,2024-04-09,CUST1557,PROD051,1,0.22,Debit Card,47215,74940.35,58453.47,11238.47
ORD09392,2024-01-10,CUST1284,PROD077,2,0.23,UPI,10916,13864.85,21351.87,-480.13
ORD09393,2024-11-07,CUST0585,PROD046,2,0.09,Debit Card,11014,15135.9,27547.34,5519.34
ORD09394,2024-11-22,CUST0248,PROD007,1,0.19,Debit Card,3479,5240.59,4244.88,765.88
ORD09395,2024-09-20,CUST0127,PROD034,3,0.04,Cash on Delivery,48452,64106.21,184625.88,39269.88
ORD09396,2024-07-09,CUST0499,PROD058,1,0.25,Credit Card,29901,41011.31,30758.48,857.48
ORD09397,2025-05-12,CUST0046,PROD078,1,0.16,Debit Card,3912,6061.37,5091.55,1179.55
ORD09398,2023-03-15,CUST0982,PROD023,3,0.25,Credit Card,14296,17775.36,39994.56,-2893.44
ORD09399,2024-03-13,CUST0268,PROD023,1,0.06,Credit Card,14296,22834.05,21464.01,7168.01
ORD09400,2025-05-30,CUST1664,PROD017,5,0.04,Cash on Delivery,28919,39195.01,188136.05,43541.05
ORD09401,2023-08-14,CUST1566,PROD013,5,0.21,Credit Card,24204,30647.98,121059.52,39.52
ORD09402,2023-11-04,CUST0094,PROD027,5,0.02,Debit Card,33194,51504.55,252372.3,86402.3
ORD09403,2025-08-23,CUST0736,PROD066,2,0.07,Credit Card,26705,31630.12,58832.02,5422.02
ORD09404,2023-12-14,CUST1340,PROD030,4,0.27,Debit Card,27284,39262.87,114647.58,5511.58
ORD09405,2024-04-20,CUST0612,PROD004,1,0.04,Cash on Delivery,42258,49769.79,47779.0,5521.0
ORD09406,2024-06-08,CUST0071,PROD094,4,0.11,Debit Card,11294,17796.93,63357.07,18181.07
ORD09407,2024-06-07,CUST0593,PROD067,5,0.28,Credit Card,26070,37485.37,134947.33,4597.33
ORD09408,2024-07-15,CUST0449,PROD014,3,0.01,Debit Card,6122,8136.67,24165.91,5799.91
ORD09409,2024-07-22,CUST1934,PROD011,5,0.13,Credit Card,23684,31759.8,138155.13,19735.13
ORD09410,2023-04-16,CUST1391,PROD040,1,0.24,Credit Card,34631,42399.13,32223.34,-2407.66
ORD09411,2023-07-10,CUST1836,PROD087,4,0.27,Cash on Delivery,1853,2431.14,7098.93,-313.07
ORD09412,2024-11-30,CUST0620,PROD096,4,0.22,Credit Card,16906,26317.73,82111.32,14487.32
ORD09413,2025-04-10,CUST0614,PROD003,2,0.27,UPI,7361,11132.91,16254.05,1532.05
ORD09414,2023-03-13,CUST1434,PROD001,3,0.01,Debit Card,19397,28080.4,83398.79,25207.79
ORD09415,2025-01-24,CUST0091,PROD009,5,0.03,UPI,7565,11994.32,58172.45,20347.45
ORD09416,2024-04-01,CUST1533,PROD073,3,0.22,UPI,46032,64815.2,151667.57,13571.57
ORD09417,2025-06-23,CUST0877,PROD076,1,0.23,Debit Card,19739,24265.65,18684.55,-1054.45
ORD09418,2024-04-23,CUST0528,PROD001,2,0.18,Cash on Delivery,19397,28535.45,46798.14,8004.14
ORD09419,2023-02-21,CUST1134,PROD016,5,0.22,Debit Card,45432,64348.15,250957.78,23797.78
ORD09420,2025-09-30,CUST0775,PROD094,1,0.26,Cash on Delivery,11294,15206.76,11253.0,-41.0
ORD09421,2024-07-27,CUST0672,PROD072,3,0.16,Credit Card,16543,20118.63,50698.95,1069.95
ORD09422,2025-06-11,CUST0765,PROD046,2,0.28,UPI,11014,16024.78,23075.68,1047.68
ORD09423,2023-09-12,CUST1113,PROD010,5,0.21,Debit Card,38184,51541.89,203590.47,12670.47
ORD09424,2024-11-15,CUST1631,PROD033,3,0.14,Credit Card,8919,12579.22,32454.39,5697.39
ORD09425,2023-02-26,CUST1296,PROD041,5,0.13,Debit Card,37776,48803.99,212297.36,23417.36
ORD09426,2025-08-07,CUST1271,PROD051,2,0.23,Debit Card,47215,57605.95,88713.16,-5716.84
ORD09427,2025-12-26,CUST0361,PROD022,2,0.19,Credit Card,46697,61264.52,99248.52,5854.52
ORD09428,2025-12-05,CUST0378,PROD016,3,0.25,Debit Card,45432,69667.57,156752.03,20456.03
ORD09429,2024-08-28,CUST1230,PROD083,5,0.23,Credit Card,37036,45250.76,174215.43,-10964.57
ORD09430,2024-01-04,CUST0345,PROD075,4,0.16,UPI,900,1225.85,4118.86,518.86
ORD09431,2023-08-20,CUST1854,PROD062,1,0.28,Credit Card,42867,55037.96,39627.33,-3239.67
ORD09432,2025-06-26,CUST0798,PROD053,2,0.21,Debit Card,45509,72043.0,113827.94,22809.94
ORD09433,2025-11-12,CUST1784,PROD075,5,0.06,UPI,900,1069.29,5025.66,525.66
ORD09434,2024-07-27,CUST0455,PROD014,3,0.19,UPI,6122,7716.21,18750.39,384.39
ORD09435,2025-04-20,CUST0908,PROD059,3,0.06,Credit Card,42048,56861.53,160349.51,34205.51
ORD09436,2023-04-28,CUST0067,PROD026,2,0.17,Cash on Delivery,1165,1469.39,2439.19,109.19
ORD09437,2025-12-14,CUST0987,PROD044,2,0.24,Credit Card,31606,46396.56,70522.77,7310.77
ORD09438,2023-09-25,CUST1582,PROD020,4,0.24,Cash on Delivery,29671,39073.69,118784.02,100.02
ORD09439,2023-04-23,CUST0979,PROD084,3,0.2,Credit Card,6252,9386.44,22527.46,3771.46
ORD09440,2023-06-15,CUST0043,PROD005,5,0.23,UPI,14250,19922.54,76701.78,5451.78
ORD09441,2024-10-29,CUST0229,PROD065,1,0.14,Credit Card,5346,7174.71,6170.25,824.25
ORD09442,2025-10-28,CUST1975,PROD011,1,0.17,Cash on Delivery,23684,31125.38,25834.07,2150.07
ORD09443,2024-12-14,CUST1837,PROD047,4,0.26,Debit Card,47956,59940.61,177424.21,-14399.79
ORD09444,2024-03-06,CUST1468,PROD010,5,0.15,Cash on Delivery,38184,48251.26,205067.86,14147.86
ORD09445,2025-06-11,CUST0234,PROD061,1,0.11,UPI,13164,16183.44,14403.26,1239.26
ORD09446,2025-12-09,CUST1223,PROD092,1,0.24,Credit Card,4811,7376.64,5606.25,795.25
ORD09447,2023-04-17,CUST0497,PROD045,5,0.02,UPI,45004,62858.33,308005.82,82985.82
ORD09448,2025-10-29,CUST0848,PROD047,5,0.29,Debit Card,47956,65569.94,232773.29,-7006.71
ORD09449,2025-01-14,CUST1056,PROD034,2,0.1,Debit Card,48452,62745.97,112942.75,16038.75
ORD09450,2024-11-30,CUST1288,PROD013,1,0.19,Debit Card,24204,33464.23,27106.03,2902.03
ORD09451,2023-11-19,CUST0113,PROD089,1,0.21,Credit Card,21871,33837.7,26731.78,4860.78
ORD09452,2023-11-05,CUST0973,PROD023,4,0.04,Cash on Delivery,14296,21947.85,84279.74,27095.74
ORD09453,2025-04-29,CUST1854,PROD036,2,0.25,Credit Card,5763,8181.1,12271.65,745.65
ORD09454,2024-09-13,CUST0459,PROD063,2,0.17,UPI,48779,67728.7,112429.64,14871.64
ORD09455,2025-09-21,CUST1300,PROD076,1,0.1,Credit Card,19739,24705.37,22234.83,2495.83
ORD09456,2023-05-25,CUST1170,PROD047,3,0.26,UPI,47956,70102.93,155628.5,11760.5
ORD09457,2025-01-09,CUST1381,PROD066,3,0.19,Credit Card,26705,40965.28,99545.63,19430.63
ORD09458,2025-03-31,CUST0006,PROD084,5,0.24,Cash on Delivery,6252,8049.83,30589.35,-670.65
ORD09459,2024-02-16,CUST1364,PROD080,2,0.3,Debit Card,24906,33523.31,46932.63,-2879.37
ORD09460,2023-04-24,CUST0992,PROD014,1,0.04,Credit Card,6122,7334.28,7040.91,918.91
ORD09461,2024-07-28,CUST0494,PROD053,1,0.22,Cash on Delivery,45509,69910.42,54530.13,9021.13
ORD09462,2024-02-03,CUST1132,PROD066,1,0.23,Credit Card,26705,31884.94,24551.4,-2153.6
ORD09463,2023-05-04,CUST1949,PROD049,4,0.26,Credit Card,1602,2350.06,6956.18,548.18
ORD09464,2023-03-27,CUST1796,PROD016,3,0.12,Debit Card,45432,56069.49,148023.45,11727.45
ORD09465,2023-02-16,CUST0071,PROD068,4,0.26,UPI,30755,45521.76,134744.41,11724.41
ORD09466,2025-08-01,CUST0939,PROD043,1,0.19,Cash on Delivery,1019,1466.55,1187.91,168.91
ORD09467,2025-03-14,CUST1364,PROD077,1,0.02,Credit Card,10916,15944.76,15625.86,4709.86
ORD09468,2024-01-24,CUST0674,PROD065,2,0.01,Debit Card,5346,7677.44,15201.33,4509.33
ORD09469,2024-07-29,CUST1124,PROD009,2,0.14,Credit Card,7565,10050.12,17286.21,2156.21
ORD09470,2024-09-23,CUST1351,PROD021,3,0.24,Credit Card,22664,32388.83,73846.53,5854.53
ORD09471,2024-12-14,CUST1057,PROD082,5,0.12,Debit Card,37566,47167.65,207537.66,19707.66
ORD09472,2025-12-05,CUST0143,PROD096,1,0.26,Credit Card,16906,21525.93,15929.19,-976.81
ORD09473,2024-09-13,CUST1268,PROD098,2,0.15,Credit Card,27372,32280.07,54876.12,132.12
ORD09474,2023-02-15,CUST0736,PROD084,3,0.01,Cash on Delivery,6252,8913.93,26474.37,7718.37
ORD09475,2024-12-24,CUST0726,PROD043,4,0.29,Cash on Delivery,1019,1557.4,4423.02,347.02
ORD09476,2024-06-23,CUST1656,PROD066,1,0.15,Cash on Delivery,26705,35258.68,29969.88,3264.88
ORD09477,2023-03-28,CUST1704,PROD004,5,0.2,Credit Card,42258,52564.95,210259.8,-1030.2
ORD09478,2025-03-13,CUST1885,PROD007,3,0.06,Credit Card,3479,5290.75,14919.92,4482.92
ORD09479,2023-09-22,CUST0217,PROD086,5,0.09,Cash on Delivery,12989,18702.3,85095.46,20150.46
ORD09480,2025-11-11,CUST1925,PROD084,1,0.15,Credit Card,6252,9703.66,8248.11,1996.11
ORD09481,2024-12-03,CUST1998,PROD058,3,0.26,Debit Card,29901,34470.16,76523.76,-13179.24
ORD09482,2023-08-20,CUST0434,PROD099,2,0.03,Debit Card,42208,56158.61,108947.7,24531.7
ORD09483,2023-07-05,CUST1891,PROD004,5,0.23,Credit Card,42258,65729.41,253058.23,41768.23
ORD09484,2023-11-22,CUST0834,PROD020,4,0.17,Credit Card,29671,43139.33,143222.58,24538.58
ORD09485,2024-02-01,CUST1753,PROD035,4,0.15,UPI,34337,46732.31,158889.85,21541.85
ORD09486,2025-12-24,CUST1078,PROD097,5,0.26,Debit Card,10894,14560.34,53873.26,-596.74
ORD09487,2025-08-13,CUST0720,PROD059,1,0.04,Credit Card,42048,65293.07,62681.35,20633.35
ORD09488,2024-07-08,CUST0942,PROD085,1,0.3,UPI,21717,33103.39,23172.37,1455.37
ORD09489,2025-01-02,CUST1616,PROD045,1,0.26,Debit Card,45004,52003.94,38482.92,-6521.08
ORD09490,2025-11-06,CUST0907,PROD014,4,0.1,UPI,6122,7373.89,26546.0,2058.0
ORD09491,2025-03-07,CUST1916,PROD095,4,0.14,Cash on Delivery,3434,4740.78,16308.28,2572.28
ORD09492,2024-01-26,CUST1969,PROD022,2,0.01,UPI,46697,56110.48,111098.75,17704.75
ORD09493,2023-02-13,CUST0995,PROD048,1,0.16,Cash on Delivery,7733,9849.09,8273.24,540.24
ORD09494,2025-06-19,CUST1175,PROD030,4,0.16,Credit Card,27284,41627.44,139868.2,30732.2
ORD09495,2024-04-26,CUST0055,PROD029,4,0.28,Credit Card,23495,31101.8,89573.18,-4406.82
ORD09496,2024-07-19,CUST1541,PROD036,1,0.12,Debit Card,5763,7796.83,6861.21,1098.21
ORD09497,2023-08-08,CUST1472,PROD042,1,0.17,UPI,35023,43021.76,35708.06,685.06
ORD09498,2025-02-10,CUST1059,PROD029,4,0.22,UPI,23495,33387.37,104168.59,10188.59
ORD09499,2024-02-13,CUST0861,PROD007,5,0.18,Credit Card,3479,4189.2,17175.72,-219.28
ORD09500,2024-04-15,CUST1007,PROD032,4,0.05,Debit Card,17963,25751.75,97856.65,26004.65
ORD09501,2025-12-20,CUST1143,PROD013,2,0.05,Credit Card,24204,35967.9,68339.01,19931.01
ORD09502,2023-06-15,CUST1221,PROD013,3,0.04,Debit Card,24204,37349.77,107567.34,34955.34
ORD09503,2024-11-02,CUST0566,PROD054,1,0.07,UPI,39049,55141.15,51281.27,12232.27
ORD09504,2023-04-21,CUST0771,PROD014,2,0.1,Cash on Delivery,6122,7954.8,14318.64,2074.64
ORD09505,2024-07-02,CUST1798,PROD006,5,0.22,Debit Card,17488,26813.56,104572.88,17132.88
ORD09506,2025-10-23,CUST1879,PROD016,3,0.02,UPI,45432,64444.43,189466.62,53170.62
ORD09507,2025-11-02,CUST0878,PROD041,4,0.25,Debit Card,37776,49530.45,148591.35,-2512.65
ORD09508,2023-12-10,CUST0824,PROD052,1,0.08,Cash on Delivery,20157,26106.19,24017.69,3860.69
ORD09509,2023-11-28,CUST0514,PROD085,4,0.18,Cash on Delivery,21717,28107.8,92193.58,5325.58
ORD09510,2023-09-21,CUST1618,PROD016,2,0.17,Credit Card,45432,53398.71,88641.86,-2222.14
ORD09511,2023-03-24,CUST0862,PROD005,1,0.05,Cash on Delivery,14250,17037.31,16185.44,1935.44
ORD09512,2025-02-15,CUST0422,PROD024,4,0.09,Cash on Delivery,37354,44465.01,161852.64,12436.64
ORD09513,2025-07-12,CUST1976,PROD043,1,0.09,Credit Card,1019,1315.0,1196.65,177.65
ORD09514,2023-11-30,CUST0517,PROD065,2,0.19,Cash on Delivery,5346,7288.15,11806.8,1114.8
ORD09515,2024-10-19,CUST1710,PROD010,4,0.24,Credit Card,38184,46447.44,141200.22,-11535.78
ORD09516,2024-03-29,CUST1163,PROD059,3,0.3,Debit Card,42048,64021.36,134444.86,8300.86
ORD09517,2024-11-03,CUST0705,PROD035,5,0.03,UPI,34337,40501.43,196431.94,24746.94
ORD09518,2025-01-10,CUST1674,PROD031,4,0.28,Credit Card,15105,23796.27,68533.26,8113.26
ORD09519,2023-11-29,CUST0809,PROD079,1,0.17,Debit Card,16940,20048.41,16640.18,-299.82
ORD09520,2023-11-06,CUST1652,PROD011,4,0.11,Cash on Delivery,23684,36771.77,130907.5,36171.5
ORD09521,2024-12-27,CUST0044,PROD009,1,0.09,Debit Card,7565,9587.27,8724.42,1159.42
ORD09522,2023-12-20,CUST0858,PROD066,2,0.06,Credit Card,26705,42568.73,80029.21,26619.21
ORD09523,2025-04-03,CUST0801,PROD044,5,0.17,Credit Card,31606,43761.59,181610.6,23580.6
ORD09524,2023-05-25,CUST0219,PROD094,1,0.28,Credit Card,11294,13081.15,9418.43,-1875.57
ORD09525,2025-10-30,CUST0568,PROD016,4,0.05,Credit Card,45432,58025.8,220498.04,38770.04
ORD09526,2025-12-03,CUST1778,PROD048,2,0.13,Debit Card,7733,12164.58,21166.37,5700.37
ORD09527,2025-06-28,CUST0908,PROD053,3,0.06,UPI,45509,58472.22,164891.66,28364.66
ORD09528,2025-01-30,CUST0258,PROD065,4,0.05,UPI,5346,7013.01,26649.44,5265.44
ORD09529,2024-05-09,CUST1537,PROD048,5,0.26,Debit Card,7733,9046.58,33472.35,-5192.65
ORD09530,2024-10-03,CUST0961,PROD070,2,0.08,UPI,39873,50398.09,92732.49,12986.49
ORD09531,2024-06-14,CUST1401,PROD046,4,0.07,Cash on Delivery,11014,13951.37,51899.1,7843.1
ORD09532,2024-05-27,CUST0893,PROD075,1,0.27,Debit Card,900,1324.97,967.23,67.23
ORD09533,2023-05-10,CUST0289,PROD033,1,0.12,Debit Card,8919,12286.78,10812.37,1893.37
ORD09534,2025-10-04,CUST1494,PROD052,1,0.0,Debit Card,20157,24640.99,24640.99,4483.99
ORD09535,2025-01-03,CUST0972,PROD081,4,0.22,UPI,2375,3581.55,11174.44,1674.44
ORD09536,2025-08-04,CUST0103,PROD055,5,0.16,Debit Card,44065,62800.71,263762.98,43437.98
ORD09537,2025-09-28,CUST0804,PROD051,1,0.23,Debit Card,47215,60001.14,46200.88,-1014.12
ORD09538,2024-04-08,CUST1173,PROD098,4,0.17,Credit Card,27372,34234.23,113657.64,4169.64
ORD09539,2023-05-21,CUST1108,PROD040,4,0.11,Credit Card,34631,54239.37,193092.16,54568.16
ORD09540,2025-05-31,CUST1956,PROD025,5,0.02,UPI,31820,45715.01,224003.55,64903.55
ORD09541,2024-03-31,CUST1050,PROD063,2,0.26,Credit Card,48779,73819.09,109252.25,11694.25
ORD09542,2024-03-09,CUST1199,PROD022,2,0.06,Cash on Delivery,46697,58440.49,109868.12,16474.12
ORD09543,2023-06-22,CUST1759,PROD090,4,0.29,Credit Card,39865,56406.23,160193.69,733.69
ORD09544,2024-04-17,CUST1665,PROD091,2,0.07,Credit Card,15191,17835.3,33173.66,2791.66
ORD09545,2025-10-16,CUST1446,PROD038,3,0.25,Debit Card,41219,58433.05,131474.36,7817.36
ORD09546,2025-07-05,CUST1678,PROD009,5,0.24,Cash on Delivery,7565,9392.8,35692.64,-2132.36
ORD09547,2024-03-14,CUST1370,PROD037,4,0.14,Cash on Delivery,49377,71650.56,246477.93,48969.93
ORD09548,2025-10-12,CUST0302,PROD005,2,0.12,Credit Card,14250,22363.73,39360.16,10860.16
ORD09549,2025-12-16,CUST1322,PROD082,2,0.21,UPI,37566,50955.25,80509.3,5377.3
ORD09550,2024-05-12,CUST1159,PROD022,5,0.16,Debit Card,46697,60119.04,252499.97,19014.97
ORD09551,2023-06-18,CUST1079,PROD012,1,0.19,UPI,33865,40823.25,33066.83,-798.17
ORD09552,2025-09-15,CUST0056,PROD060,2,0.14,UPI,7054,10240.76,17614.11,3506.11
ORD09553,2024-07-14,CUST1015,PROD044,5,0.17,UPI,31606,44655.49,185320.28,27290.28
ORD09554,2024-03-03,CUST0374,PROD022,1,0.06,Cash on Delivery,46697,65144.97,61236.27,14539.27
ORD09555,2024-02-23,CUST1612,PROD006,4,0.02,UPI,17488,27476.88,107709.37,37757.37
ORD09556,2024-03-30,CUST0831,PROD100,1,0.11,UPI,41593,66139.94,58864.55,17271.55
ORD09557,2024-12-14,CUST0920,PROD027,2,0.14,Cash on Delivery,33194,48882.9,84078.59,17690.59
ORD09558,2023-07-21,CUST1363,PROD055,4,0.27,Credit Card,44065,54561.07,159318.32,-16941.68
ORD09559,2023-06-28,CUST0457,PROD015,4,0.12,Cash on Delivery,18761,29568.15,104079.89,29035.89
ORD09560,2023-02-26,CUST1379,PROD064,1,0.13,Cash on Delivery,24886,32481.63,28259.02,3373.02
ORD09561,2025-08-03,CUST0132,PROD017,4,0.2,Credit Card,28919,34286.94,109718.21,-5957.79
ORD09562,2024-05-15,CUST0493,PROD003,1,0.06,UPI,7361,9263.73,8707.91,1346.91
ORD09563,2025-01-08,CUST1578,PROD010,1,0.26,UPI,38184,58179.79,43053.04,4869.04
ORD09564,2023-04-22,CUST1888,PROD063,1,0.13,Credit Card,48779,60568.6,52694.68,3915.68
ORD09565,2024-12-15,CUST0110,PROD063,5,0.28,UPI,48779,64767.8,233164.08,-10730.92
ORD09566,2025-05-26,CUST0582,PROD089,2,0.08,Credit Card,21871,27843.48,51232.0,7490.0
ORD09567,2025-12-15,CUST0796,PROD062,4,0.14,Cash on Delivery,42867,50219.46,172754.94,1286.94
ORD09568,2025-03-23,CUST1150,PROD085,3,0.23,UPI,21717,30464.03,70371.91,5220.91
ORD09569,2025-08-21,CUST1884,PROD009,2,0.17,UPI,7565,10840.2,17994.73,2864.73
ORD09570,2025-12-13,CUST1320,PROD024,3,0.2,Debit Card,37354,56255.73,135013.75,22951.75
ORD09571,2023-02-06,CUST1203,PROD032,1,0.08,UPI,17963,24009.3,22088.56,4125.56
ORD09572,2025-10-09,CUST1949,PROD003,4,0.1,Debit Card,7361,8933.3,32159.88,2715.88
ORD09573,2025-05-12,CUST0810,PROD033,2,0.15,UPI,8919,12874.31,21886.33,4048.33
ORD09574,2025-01-01,CUST0886,PROD043,3,0.06,Debit Card,1019,1579.99,4455.57,1398.57
ORD09575,2025-03-20,CUST1221,PROD012,3,0.04,Credit Card,33865,40770.74,117419.73,15824.73
ORD09576,2025-10-21,CUST0773,PROD093,3,0.25,UPI,48575,59853.03,134669.32,-11055.68
ORD09577,2023-01-23,CUST1125,PROD085,2,0.23,Credit Card,21717,28191.69,43415.2,-18.8
ORD09578,2025-03-06,CUST0937,PROD098,5,0.28,Debit Card,27372,39487.76,142155.94,5295.94
ORD09579,2024-05-10,CUST0573,PROD097,1,0.18,Debit Card,10894,15095.99,12378.71,1484.71
ORD09580,2025-06-18,CUST1207,PROD032,4,0.13,Debit Card,17963,26415.77,91926.88,20074.88
ORD09581,2024-02-29,CUST1948,PROD020,3,0.03,Debit Card,29671,34540.07,100511.6,11498.6
ORD09582,2024-11-30,CUST0809,PROD067,2,0.26,Cash on Delivery,26070,39488.39,58442.82,6302.82
ORD09583,2023-01-18,CUST0879,PROD068,3,0.14,Credit Card,30755,49034.76,126509.68,34244.68
ORD09584,2024-09-18,CUST1033,PROD017,2,0.17,Debit Card,28919,33864.12,56214.44,-1623.56
ORD09585,2025-11-28,CUST0413,PROD081,5,0.09,UPI,2375,3260.73,14836.32,2961.32
ORD09586,2023-07-30,CUST1742,PROD019,3,0.16,Debit Card,26105,38712.71,97556.03,19241.03
ORD09587,2024-07-18,CUST1958,PROD004,3,0.23,Credit Card,42258,57655.96,133185.27,6411.27
ORD09588,2025-08-29,CUST0830,PROD093,4,0.21,Cash on Delivery,48575,68822.17,217478.06,23178.06
ORD09589,2023-05-13,CUST0566,PROD017,2,0.3,Credit Card,28919,45241.38,63337.93,5499.93
ORD09590,2024-03-24,CUST1716,PROD064,2,0.15,UPI,24886,34664.45,58929.56,9157.56
ORD09591,2023-09-21,CUST0104,PROD022,5,0.16,Cash on Delivery,46697,58673.27,246427.73,12942.73
ORD09592,2023-04-21,CUST1150,PROD066,3,0.02,Credit Card,26705,39587.01,116385.81,36270.81
ORD09593,2025-04-29,CUST1570,PROD042,4,0.12,Debit Card,35023,46193.35,162600.59,22508.59
ORD09594,2025-06-19,CUST0677,PROD076,1,0.28,UPI,19739,25232.4,18167.33,-1571.67
ORD09595,2025-01-28,CUST0945,PROD045,4,0.11,UPI,45004,56785.26,202155.53,22139.53
ORD09596,2025-05-10,CUST1834,PROD011,4,0.23,Cash on Delivery,23684,28082.44,86493.92,-8242.08
ORD09597,2025-06-15,CUST0270,PROD053,4,0.29,Credit Card,45509,71440.41,202890.76,20854.76
ORD09598,2025-05-11,CUST0466,PROD060,4,0.04,UPI,7054,9900.37,38017.42,9801.42
ORD09599,2023-07-12,CUST0801,PROD029,3,0.1,Cash on Delivery,23495,37117.29,100216.68,29731.68
ORD09600,2024-05-29,CUST1142,PROD020,4,0.14,Debit Card,29671,45628.21,156961.04,38277.04
ORD09601,2025-02-28,CUST1890,PROD005,2,0.07,Debit Card,14250,16581.34,30841.29,2341.29
ORD09602,2025-08-25,CUST1116,PROD025,2,0.0,Cash on Delivery,31820,40133.88,80267.76,16627.76
ORD09603,2023-03-25,CUST1636,PROD034,4,0.14,Credit Card,48452,62595.75,215329.38,21521.38
ORD09604,2025-03-08,CUST1005,PROD012,2,0.16,Debit Card,33865,46409.27,77967.57,10237.57
ORD09605,2023-03-21,CUST1509,PROD028,3,0.19,Debit Card,24730,36408.94,88473.72,14283.72
ORD09606,2024-06-05,CUST1111,PROD098,1,0.25,Cash on Delivery,27372,39863.1,29897.32,2525.32
ORD09607,2023-08-22,CUST0234,PROD006,4,0.08,Credit Card,17488,27880.64,102600.76,32648.76
ORD09608,2023-09-01,CUST0913,PROD019,2,0.02,Debit Card,26105,40867.25,80099.81,27889.81
ORD09609,2025-04-28,CUST1148,PROD012,2,0.03,Credit Card,33865,41783.32,81059.64,13329.64
ORD09610,2024-01-28,CUST1227,PROD025,3,0.15,Cash on Delivery,31820,48905.44,124708.87,29248.87
ORD09611,2023-01-09,CUST1056,PROD013,3,0.28,Credit Card,24204,37015.68,79953.87,7341.87
ORD09612,2024-09-04,CUST0357,PROD081,1,0.29,Credit Card,2375,3345.57,2375.35,0.35
ORD09613,2025-03-17,CUST1487,PROD076,5,0.06,UPI,19739,25703.22,120805.13,22110.13
ORD09614,2024-12-15,CUST0964,PROD003,5,0.05,Debit Card,7361,9156.18,43491.86,6686.86
ORD09615,2023-04-20,CUST1575,PROD024,5,0.11,Debit Card,37354,46528.36,207051.2,20281.2
ORD09616,2025-04-13,CUST0094,PROD008,1,0.14,Debit Card,24024,31279.77,26900.6,2876.6
ORD09617,2023-09-23,CUST1546,PROD100,4,0.24,Credit Card,41593,57264.24,174083.29,7711.29
ORD09618,2025-09-02,CUST1751,PROD090,5,0.23,Cash on Delivery,39865,56318.06,216824.53,17499.53
ORD09619,2025-08-12,CUST1432,PROD045,5,0.28,Credit Card,45004,58337.25,210014.1,-15005.9
ORD09620,2025-06-25,CUST1124,PROD072,2,0.26,Debit Card,16543,21678.95,32084.85,-1001.15
ORD09621,2024-11-02,CUST0244,PROD096,2,0.13,Debit Card,16906,19544.75,34007.86,195.86
ORD09622,2023-06-25,CUST0058,PROD096,4,0.01,Debit Card,16906,19458.02,77053.76,9429.76
ORD09623,2024-06-08,CUST0965,PROD001,3,0.07,Debit Card,19397,30225.03,84327.83,26136.83
ORD09624,2025-12-26,CUST1381,PROD003,1,0.18,Cash on Delivery,7361,8511.57,6979.49,-381.51
ORD09625,2025-08-09,CUST1515,PROD065,5,0.15,UPI,5346,6227.58,26467.22,-262.78
ORD09626,2025-11-24,CUST0320,PROD015,1,0.07,Credit Card,18761,23311.22,21679.43,2918.43
ORD09627,2024-05-19,CUST1043,PROD050,2,0.04,Cash on Delivery,1097,1628.53,3126.78,932.78
ORD09628,2025-04-28,CUST0357,PROD020,1,0.06,UPI,29671,43186.56,40595.37,10924.37
ORD09629,2025-08-20,CUST0117,PROD003,2,0.08,Debit Card,7361,10608.89,19520.36,4798.36
ORD09630,2024-04-16,CUST1160,PROD061,1,0.26,Cash on Delivery,13164,18544.51,13722.94,558.94
ORD09631,2024-06-06,CUST1863,PROD015,2,0.21,Cash on Delivery,18761,23277.98,36779.21,-742.79
ORD09632,2025-05-29,CUST0296,PROD059,1,0.17,Cash on Delivery,42048,55884.74,46384.33,4336.33
ORD09633,2023-10-01,CUST0525,PROD054,5,0.01,Credit Card,39049,53307.55,263872.37,68627.37
ORD09634,2023-02-23,CUST1125,PROD060,5,0.25,UPI,7054,9960.95,37353.56,2083.56
ORD09635,2025-12-14,CUST1404,PROD037,4,0.17,UPI,49377,61192.58,203159.37,5651.37
ORD09636,2025-06-06,CUST1179,PROD021,1,0.19,Credit Card,22664,33498.87,27134.08,4470.08
ORD09637,2025-01-14,CUST1618,PROD023,3,0.02,UPI,14296,18427.71,54177.47,11289.47
ORD09638,2023-10-04,CUST1624,PROD099,4,0.24,Debit Card,42208,61079.23,185680.86,16848.86
ORD09639,2025-06-01,CUST1129,PROD018,1,0.25,Cash on Delivery,34967,48299.65,36224.74,1257.74
ORD09640,2024-09-23,CUST1666,PROD017,3,0.27,UPI,28919,40963.66,89710.42,2953.42
ORD09641,2024-07-23,CUST1808,PROD031,5,0.16,UPI,15105,20179.02,84751.88,9226.88
ORD09642,2023-06-25,CUST1550,PROD064,5,0.12,Cash on Delivery,24886,33603.09,147853.6,23423.6
ORD09643,2024-07-19,CUST1152,PROD048,5,0.02,Debit Card,7733,11914.11,58379.14,19714.14
ORD09644,2025-02-09,CUST0401,PROD026,3,0.06,Debit Card,1165,1589.23,4481.63,986.63
ORD09645,2023-09-19,CUST1596,PROD022,2,0.07,UPI,46697,70384.05,130914.33,37520.33
ORD09646,2024-06-14,CUST1990,PROD045,1,0.02,Debit Card,45004,59754.56,58559.47,13555.47
ORD09647,2025-06-09,CUST0739,PROD036,4,0.05,Credit Card,5763,8444.18,32087.88,9035.88
ORD09648,2025-08-05,CUST0529,PROD064,4,0.27,Cash on Delivery,24886,31227.02,91182.9,-8361.1
ORD09649,2024-08-07,CUST0557,PROD035,5,0.16,Cash on Delivery,34337,53657.01,225359.44,53674.44
ORD09650,2025-03-25,CUST0550,PROD075,2,0.23,Credit Card,900,1426.75,2197.2,397.2
ORD09651,2023-10-29,CUST1148,PROD091,1,0.08,Debit Card,15191,23631.06,21740.58,6549.58
ORD09652,2024-09-19,CUST0360,PROD098,1,0.04,Debit Card,27372,35744.76,34314.97,6942.97
ORD09653,2024-07-26,CUST0064,PROD082,4,0.11,Cash on Delivery,37566,47874.88,170434.57,20170.57
ORD09654,2024-06-12,CUST1913,PROD027,4,0.24,Credit Card,33194,40898.26,124330.71,-8445.29
ORD09655,2023-02-03,CUST0765,PROD068,4,0.09,Credit Card,30755,47450.27,172718.98,49698.98
ORD09656,2024-06-15,CUST0774,PROD017,1,0.06,Cash on Delivery,28919,34800.47,32712.44,3793.44
ORD09657,2024-01-06,CUST1980,PROD070,4,0.01,UPI,39873,57379.19,227221.59,67729.59
ORD09658,2024-02-13,CUST0624,PROD011,1,0.19,Cash on Delivery,23684,30769.28,24923.12,1239.12
ORD09659,2024-09-08,CUST0102,PROD005,5,0.13,UPI,14250,17592.52,76527.46,5277.46
ORD09660,2023-03-12,CUST0561,PROD058,2,0.08,UPI,29901,36868.48,67838.0,8036.0
ORD09661,2023-03-25,CUST1301,PROD082,4,0.16,UPI,37566,57924.39,194625.95,44361.95
ORD09662,2023-07-28,CUST1251,PROD057,1,0.21,Cash on Delivery,43648,67083.45,52995.93,9347.93
ORD09663,2023-09-16,CUST1047,PROD089,5,0.07,Credit Card,21871,27828.94,129404.57,20049.57
ORD09664,2025-07-20,CUST0844,PROD074,3,0.18,Credit Card,36254,42242.98,103917.73,-4844.27
ORD09665,2023-10-09,CUST1721,PROD080,5,0.08,Credit Card,24906,38382.36,176558.86,52028.86
ORD09666,2024-01-29,CUST1088,PROD074,2,0.3,Cash on Delivery,36254,42627.32,59678.25,-12829.75
ORD09667,2024-02-22,CUST1181,PROD074,5,0.22,Cash on Delivery,36254,43074.25,167989.58,-13280.42
ORD09668,2025-05-08,CUST1819,PROD100,4,0.18,Debit Card,41593,63215.72,207347.56,40975.56
ORD09669,2024-09-17,CUST1414,PROD085,4,0.05,Cash on Delivery,21717,32960.95,125251.61,38383.61
ORD09670,2024-07-15,CUST1173,PROD014,3,0.18,Credit Card,6122,7598.14,18691.42,325.42
ORD09671,2025-04-11,CUST0839,PROD072,1,0.24,Debit Card,16543,19308.96,14674.81,-1868.19
ORD09672,2025-07-29,CUST1387,PROD001,5,0.22,Cash on Delivery,19397,22856.3,89139.57,-7845.43
ORD09673,2023-03-03,CUST0681,PROD016,3,0.23,Cash on Delivery,45432,61516.07,142102.12,5806.12
ORD09674,2025-01-03,CUST1488,PROD026,4,0.1,Cash on Delivery,1165,1559.01,5612.44,952.44
ORD09675,2025-02-20,CUST0645,PROD049,1,0.1,Debit Card,1602,1973.71,1776.34,174.34
ORD09676,2024-06-22,CUST0399,PROD042,1,0.16,Debit Card,35023,54603.24,45866.72,10843.72
ORD09677,2024-08-19,CUST0405,PROD070,2,0.08,UPI,39873,55765.75,102608.98,22862.98
ORD09678,2023-01-09,CUST0826,PROD066,4,0.03,Debit Card,26705,40412.74,156801.43,49981.43
ORD09679,2023-10-03,CUST1156,PROD053,1,0.14,Credit Card,45509,54459.56,46835.22,1326.22
ORD09680,2023-08-15,CUST1221,PROD009,2,0.0,Credit Card,7565,12013.65,24027.3,8897.3
ORD09681,2023-07-05,CUST0647,PROD069,2,0.23,Cash on Delivery,21682,32834.83,50565.64,7201.64
ORD09682,2024-08-13,CUST0035,PROD040,4,0.22,Credit Card,34631,44311.09,138250.6,-273.4
ORD09683,2024-03-08,CUST0420,PROD056,1,0.17,Credit Card,6756,7832.59,6501.05,-254.95
ORD09684,2024-07-22,CUST0377,PROD005,1,0.22,Credit Card,14250,17442.41,13605.08,-644.92
ORD09685,2024-10-17,CUST1423,PROD056,5,0.19,Credit Card,6756,9041.74,36619.05,2839.05
ORD09686,2023-12-22,CUST0220,PROD072,1,0.21,Debit Card,16543,19046.67,15046.87,-1496.13
ORD09687,2025-04-22,CUST1922,PROD005,2,0.02,Credit Card,14250,16649.39,32632.8,4132.8
ORD09688,2024-01-27,CUST1912,PROD069,3,0.26,Cash on Delivery,21682,25896.68,57490.63,-7555.37
ORD09689,2024-08-01,CUST0697,PROD052,4,0.19,Debit Card,20157,30525.2,98901.65,18273.65
ORD09690,2024-02-24,CUST1541,PROD081,3,0.18,UPI,2375,3315.71,8156.65,1031.65
ORD09691,2023-06-13,CUST1607,PROD073,1,0.12,Credit Card,46032,56892.85,50065.71,4033.71
ORD09692,2025-02-17,CUST0342,PROD098,2,0.01,UPI,27372,34735.34,68775.97,14031.97
ORD09693,2024-09-29,CUST0753,PROD033,3,0.27,UPI,8919,12834.27,28107.05,1350.05
ORD09694,2023-01-17,CUST1887,PROD022,4,0.3,Cash on Delivery,46697,60396.71,169110.79,-17677.21
ORD09695,2024-03-21,CUST0416,PROD085,5,0.24,UPI,21717,31640.79,120235.0,11650.0
ORD09696,2023-06-19,CUST1480,PROD015,3,0.27,Credit Card,18761,28145.3,61638.21,5355.21
ORD09697,2023-12-06,CUST1321,PROD065,5,0.04,Cash on Delivery,5346,6885.55,33050.64,6320.64
ORD09698,2024-12-26,CUST0938,PROD071,1,0.04,Cash on Delivery,43519,57224.47,54935.49,11416.49
ORD09699,2025-10-31,CUST1355,PROD023,1,0.26,Debit Card,14296,16762.54,12404.28,-1891.72
ORD09700,2023-05-13,CUST1729,PROD006,4,0.02,Cash on Delivery,17488,26562.69,104125.74,34173.74
ORD09701,2025-06-19,CUST1007,PROD084,5,0.03,UPI,6252,8894.92,43140.36,11880.36
ORD09702,2024-10-01,CUST0680,PROD058,5,0.25,Credit Card,29901,46338.2,173768.25,24263.25
ORD09703,2025-04-02,CUST1363,PROD026,4,0.17,Debit Card,1165,1438.79,4776.78,116.78
ORD09704,2025-08-11,CUST0748,PROD012,3,0.12,UPI,33865,53583.58,141460.65,39865.65
ORD09705,2023-03-20,CUST0806,PROD077,4,0.17,Cash on Delivery,10916,16025.03,53203.1,9539.1
ORD09706,2023-12-12,CUST1322,PROD077,1,0.26,Credit Card,10916,13519.19,10004.2,-911.8
ORD09707,2024-08-31,CUST1784,PROD002,5,0.23,Cash on Delivery,8668,11774.07,45330.17,1990.17
ORD09708,2024-09-30,CUST1701,PROD032,2,0.21,Debit Card,17963,26307.32,41565.57,5639.57
ORD09709,2025-11-13,CUST0312,PROD050,2,0.29,Debit Card,1097,1269.93,1803.3,-390.7
ORD09710,2023-05-11,CUST1607,PROD095,1,0.16,Credit Card,3434,5154.88,4330.1,896.1
ORD09711,2023-12-22,CUST1767,PROD061,5,0.0,UPI,13164,20752.47,103762.35,37942.35
ORD09712,2025-08-01,CUST0055,PROD011,5,0.13,Credit Card,23684,28105.17,122257.49,3837.49
ORD09713,2023-05-30,CUST0694,PROD068,4,0.03,UPI,30755,47797.98,185456.16,62436.16
ORD09714,2023-02-19,CUST0534,PROD034,3,0.03,Credit Card,48452,65846.26,191612.62,46256.62
ORD09715,2024-04-08,CUST1819,PROD080,4,0.08,Debit Card,24906,34420.58,126667.73,27043.73
ORD09716,2024-03-30,CUST0105,PROD095,2,0.11,Debit Card,3434,5247.32,9340.23,2472.23
ORD09717,2023-12-01,CUST1199,PROD089,5,0.14,Cash on Delivery,21871,30955.04,133106.67,23751.67
ORD09718,2024-10-29,CUST0294,PROD008,3,0.05,Debit Card,24024,31426.79,89566.35,17494.35
ORD09719,2023-11-23,CUST0880,PROD008,4,0.09,Cash on Delivery,24024,35547.5,129392.9,33296.9
ORD09720,2025-10-12,CUST0551,PROD098,3,0.08,Debit Card,27372,33181.63,91581.3,9465.3
ORD09721,2023-12-02,CUST0911,PROD015,2,0.11,Debit Card,18761,27200.14,48416.25,10894.25
ORD09722,2024-10-27,CUST0375,PROD005,3,0.03,Cash on Delivery,14250,21354.77,62142.38,19392.38
ORD09723,2025-09-21,CUST0450,PROD019,5,0.12,Credit Card,26105,33953.37,149394.83,18869.83
ORD09724,2023-03-22,CUST1469,PROD074,3,0.17,Credit Card,36254,57520.77,143226.72,34464.72
ORD09725,2023-03-28,CUST1084,PROD009,3,0.03,Credit Card,7565,10880.52,31662.31,8967.31
ORD09726,2023-09-15,CUST1416,PROD057,4,0.16,UPI,43648,52074.48,174970.25,378.25
ORD09727,2025-09-17,CUST0812,PROD054,3,0.23,UPI,39049,61885.95,142956.54,25809.54
ORD09728,2023-07-04,CUST1835,PROD029,3,0.0,Debit Card,23495,34885.3,104655.9,34170.9
ORD09729,2024-11-28,CUST0390,PROD019,2,0.01,Debit Card,26105,38192.66,75621.47,23411.47
ORD09730,2023-05-03,CUST1236,PROD077,3,0.14,Debit Card,10916,13797.41,35597.32,2849.32
ORD09731,2024-08-27,CUST0667,PROD046,4,0.26,Cash on Delivery,11014,15011.16,44433.03,377.03
ORD09732,2024-05-29,CUST1709,PROD080,4,0.3,UPI,24906,38740.61,108473.71,8849.71
ORD09733,2025-06-22,CUST1559,PROD062,5,0.03,UPI,42867,55241.39,267920.74,53585.74
ORD09734,2023-11-01,CUST1264,PROD094,2,0.01,Credit Card,11294,15139.6,29976.41,7388.41
ORD09735,2024-10-18,CUST1512,PROD060,1,0.07,UPI,7054,8927.11,8302.21,1248.21
ORD09736,2023-09-19,CUST1745,PROD005,5,0.14,Cash on Delivery,14250,17771.97,76419.47,5169.47
ORD09737,2024-05-05,CUST1146,PROD033,3,0.17,Cash on Delivery,8919,10432.3,25976.43,-780.57
ORD09738,2025-01-07,CUST1277,PROD083,2,0.29,Cash on Delivery,37036,54872.72,77919.26,3847.26
ORD09739,2025-11-20,CUST0141,PROD055,5,0.27,Cash on Delivery,44065,52474.44,191531.71,-28793.29
ORD09740,2024-12-02,CUST1476,PROD019,4,0.17,Debit Card,26105,36262.35,120391.0,15971.0
ORD09741,2025-06-05,CUST1876,PROD017,2,0.11,Cash on Delivery,28919,33904.87,60350.67,2512.67
ORD09742,2023-01-12,CUST0874,PROD088,2,0.1,Credit Card,27486,43778.18,78800.72,23828.72
ORD09743,2023-04-01,CUST1856,PROD092,3,0.17,Cash on Delivery,4811,7068.56,17600.71,3167.71
ORD09744,2024-08-22,CUST1177,PROD042,2,0.22,UPI,35023,50211.53,78329.99,8283.99
ORD09745,2023-10-28,CUST1917,PROD022,2,0.14,Cash on Delivery,46697,57618.36,99103.58,5709.58
ORD09746,2023-03-21,CUST1750,PROD039,1,0.09,Credit Card,46187,64090.2,58322.08,12135.08
ORD09747,2025-04-15,CUST1332,PROD080,3,0.18,UPI,24906,34285.63,84342.65,9624.65
ORD09748,2024-10-13,CUST1584,PROD099,2,0.17,UPI,42208,55351.23,91883.04,7467.04
ORD09749,2024-03-08,CUST1341,PROD027,2,0.13,UPI,33194,40504.99,70478.68,4090.68
ORD09750,2024-02-21,CUST1553,PROD076,1,0.22,Debit Card,19739,25960.91,20249.51,510.51
ORD09751,2023-01-18,CUST1320,PROD046,1,0.08,UPI,11014,15685.0,14430.2,3416.2
ORD09752,2025-12-13,CUST0843,PROD028,4,0.15,Debit Card,24730,33862.98,115134.13,16214.13
ORD09753,2025-01-15,CUST1369,PROD052,3,0.28,Cash on Delivery,20157,28351.22,61238.64,767.64
ORD09754,2023-08-28,CUST1605,PROD065,1,0.22,Credit Card,5346,7524.0,5868.72,522.72
ORD09755,2025-04-25,CUST0597,PROD039,2,0.12,UPI,46187,58200.41,102432.72,10058.72
ORD09756,2024-02-22,CUST1306,PROD018,1,0.16,Cash on Delivery,34967,41958.26,35244.94,277.94
ORD09757,2025-05-05,CUST1232,PROD087,5,0.12,Debit Card,1853,2566.01,11290.44,2025.44
ORD09758,2024-08-21,CUST0952,PROD022,4,0.03,Debit Card,46697,72453.55,281119.77,94331.77
ORD09759,2024-02-24,CUST0552,PROD068,4,0.1,Credit Card,30755,49143.87,176917.93,53897.93
ORD09760,2023-08-04,CUST1120,PROD011,3,0.26,Cash on Delivery,23684,35612.56,79059.88,8007.88
ORD09761,2024-12-09,CUST1476,PROD082,4,0.14,Credit Card,37566,46938.81,161469.51,11205.51
ORD09762,2024-07-04,CUST1786,PROD064,3,0.18,Credit Card,24886,35677.7,87767.14,13109.14
ORD09763,2025-08-23,CUST0373,PROD071,5,0.05,UPI,43519,54724.7,259942.32,42347.32
ORD09764,2025-04-12,CUST0648,PROD085,2,0.11,UPI,21717,30608.02,54482.28,11048.28
ORD09765,2024-11-10,CUST1097,PROD057,5,0.28,Credit Card,43648,59636.68,214692.05,-3547.95
ORD09766,2024-05-01,CUST1837,PROD035,3,0.09,UPI,34337,45383.22,123896.19,20885.19
ORD09767,2024-09-14,CUST1809,PROD037,3,0.08,Cash on Delivery,49377,71040.55,196071.92,47940.92
ORD09768,2023-08-07,CUST1705,PROD050,3,0.02,Debit Card,1097,1684.96,4953.78,1662.78
ORD09769,2024-12-21,CUST0333,PROD030,2,0.03,Debit Card,27284,35520.07,68908.94,14340.94
ORD09770,2024-01-16,CUST0393,PROD017,3,0.18,UPI,28919,39584.75,97378.48,10621.48
ORD09771,2023-03-28,CUST1734,PROD033,5,0.2,Cash on Delivery,8919,12086.33,48345.32,3750.32
ORD09772,2025-03-25,CUST1883,PROD016,2,0.19,UPI,45432,57342.03,92894.09,2030.09
ORD09773,2024-02-15,CUST1130,PROD015,5,0.16,Cash on Delivery,18761,25130.36,105547.51,11742.51
ORD09774,2024-11-21,CUST1125,PROD013,2,0.15,Debit Card,24204,28069.69,47718.47,-689.53
ORD09775,2025-10-09,CUST1383,PROD003,3,0.02,Cash on Delivery,7361,10179.12,29926.61,7843.61
ORD09776,2024-06-08,CUST1771,PROD024,2,0.25,Debit Card,37354,55073.12,82609.68,7901.68
ORD09777,2024-03-22,CUST1816,PROD023,1,0.15,UPI,14296,18805.32,15984.52,1688.52
ORD09778,2023-10-27,CUST1353,PROD059,5,0.04,Cash on Delivery,42048,62481.58,299911.58,89671.58
ORD09779,2024-02-12,CUST1913,PROD055,1,0.04,UPI,44065,65559.7,62937.31,18872.31
ORD09780,2024-01-10,CUST1642,PROD065,1,0.15,Credit Card,5346,8515.39,7238.08,1892.08
ORD09781,2023-08-21,CUST0395,PROD032,3,0.07,Credit Card,17963,25070.51,69946.72,16057.72
ORD09782,2024-09-29,CUST0035,PROD097,3,0.28,UPI,10894,14508.94,31339.31,-1342.69
ORD09783,2024-10-11,CUST0157,PROD060,1,0.15,Debit Card,7054,10142.14,8620.82,1566.82
ORD09784,2025-08-18,CUST0904,PROD030,2,0.29,Cash on Delivery,27284,39069.58,55478.8,910.8
ORD09785,2025-12-08,CUST1297,PROD066,3,0.22,UPI,26705,42575.89,99627.58,19512.58
ORD09786,2023-07-05,CUST0967,PROD018,5,0.24,Debit Card,34967,51347.72,195121.34,20286.34
ORD09787,2023-03-19,CUST0396,PROD059,1,0.12,Cash on Delivery,42048,54156.19,47657.45,5609.45
ORD09788,2023-07-13,CUST1776,PROD053,5,0.04,UPI,45509,56175.37,269641.78,42096.78
ORD09789,2023-10-14,CUST0207,PROD064,5,0.21,UPI,24886,37496.4,148110.78,23680.78
ORD09790,2023-09-07,CUST1781,PROD030,5,0.12,Debit Card,27284,33583.65,147768.06,11348.06
ORD09791,2024-06-19,CUST1629,PROD018,1,0.28,Cash on Delivery,34967,50084.95,36061.16,1094.16
ORD09792,2023-10-27,CUST0621,PROD005,4,0.06,Cash on Delivery,14250,17235.98,64807.28,7807.28
ORD09793,2025-03-19,CUST1330,PROD069,3,0.19,Debit Card,21682,31946.64,77630.34,12584.34
ORD09794,2024-04-02,CUST1650,PROD008,5,0.26,UPI,24024,36091.32,133537.88,13417.88
ORD09795,2024-11-21,CUST1560,PROD009,1,0.12,Debit Card,7565,12071.8,10623.18,3058.18
ORD09796,2024-12-18,CUST0805,PROD032,4,0.29,Debit Card,17963,28370.72,80572.84,8720.84
ORD09797,2023-02-09,CUST0462,PROD014,1,0.02,UPI,6122,9006.77,8826.63,2704.63
ORD09798,2023-04-18,CUST0252,PROD013,3,0.18,Cash on Delivery,24204,30857.4,75909.2,3297.2
ORD09799,2023-09-18,CUST1291,PROD018,1,0.23,Credit Card,34967,40899.96,31492.97,-3474.03
ORD09800,2024-06-09,CUST0867,PROD068,2,0.06,Credit Card,30755,43052.65,80938.98,19428.98
ORD09801,2024-12-10,CUST0209,PROD022,2,0.02,Debit Card,46697,69797.59,136803.28,43409.28
ORD09802,2023-05-06,CUST0955,PROD020,5,0.02,Cash on Delivery,29671,34263.5,167891.15,19536.15
ORD09803,2025-12-21,CUST1591,PROD015,1,0.1,UPI,18761,26005.76,23405.18,4644.18
ORD09804,2023-02-23,CUST0539,PROD007,1,0.07,Cash on Delivery,3479,5383.06,5006.25,1527.25
ORD09805,2023-12-12,CUST0835,PROD077,5,0.07,Debit Card,10916,15683.54,72928.46,18348.46
ORD09806,2023-05-16,CUST0503,PROD098,5,0.14,Cash on Delivery,27372,39900.2,171570.86,34710.86
ORD09807,2023-11-26,CUST0956,PROD030,4,0.03,Cash on Delivery,27284,37200.36,144337.4,35201.4
ORD09808,2023-05-16,CUST0514,PROD005,1,0.3,UPI,14250,22435.45,15704.81,1454.81
ORD09809,2025-03-23,CUST0580,PROD001,3,0.21,Credit Card,19397,25576.71,60616.8,2425.8
ORD09810,2025-05-01,CUST1938,PROD060,3,0.01,Cash on Delivery,7054,9315.47,27666.95,6504.95
ORD09811,2025-05-20,CUST1172,PROD031,3,0.21,Cash on Delivery,15105,20889.94,49509.16,4194.16
ORD09812,2025-06-10,CUST1855,PROD020,5,0.24,Credit Card,29671,41944.99,159390.96,11035.96
ORD09813,2024-09-26,CUST1998,PROD083,5,0.06,Cash on Delivery,37036,51548.23,242276.68,57096.68
ORD09814,2024-10-30,CUST0840,PROD064,5,0.25,Cash on Delivery,24886,37786.51,141699.41,17269.41
ORD09815,2025-11-06,CUST1666,PROD064,3,0.18,Cash on Delivery,24886,37964.36,93392.33,18734.33
ORD09816,2023-09-26,CUST0986,PROD029,4,0.25,Credit Card,23495,28411.31,85233.93,-8746.07
ORD09817,2025-05-10,CUST0083,PROD010,2,0.22,Debit Card,38184,54155.36,84482.36,8114.36
ORD09818,2024-04-26,CUST1066,PROD029,1,0.21,Credit Card,23495,37421.77,29563.2,6068.2
ORD09819,2023-10-12,CUST0156,PROD031,2,0.05,Credit Card,15105,21446.78,40748.88,10538.88
ORD09820,2025-11-26,CUST1693,PROD075,1,0.09,Debit Card,900,1313.71,1195.48,295.48
ORD09821,2023-04-13,CUST0453,PROD087,5,0.16,UPI,1853,2849.2,11966.64,2701.64
ORD09822,2025-03-02,CUST1643,PROD030,3,0.03,Credit Card,27284,42016.56,122268.19,40416.19
ORD09823,2023-08-27,CUST1308,PROD025,2,0.14,Cash on Delivery,31820,36839.15,63363.34,-276.66
ORD09824,2025-01-10,CUST1212,PROD080,5,0.13,UPI,24906,31325.39,136265.45,11735.45
ORD09825,2024-10-06,CUST0617,PROD058,1,0.07,UPI,29901,45996.56,42776.8,12875.8
ORD09826,2025-05-31,CUST0624,PROD057,2,0.06,Debit Card,43648,63298.12,119000.47,31704.47
ORD09827,2024-08-29,CUST1498,PROD087,2,0.07,UPI,1853,2657.7,4943.32,1237.32
ORD09828,2023-07-07,CUST0507,PROD063,2,0.18,Cash on Delivery,48779,74972.1,122954.24,25396.24
ORD09829,2025-06-06,CUST1157,PROD097,2,0.12,UPI,10894,16482.05,29008.41,7220.41
ORD09830,2025-09-13,CUST1295,PROD037,2,0.12,Cash on Delivery,49377,73478.3,129321.81,30567.81
ORD09831,2025-07-12,CUST0622,PROD058,5,0.05,Debit Card,29901,35023.3,166360.67,16855.67
ORD09832,2025-03-04,CUST1097,PROD028,1,0.24,UPI,24730,37138.15,28224.99,3494.99
ORD09833,2024-06-13,CUST1952,PROD027,1,0.21,Credit Card,33194,41169.66,32524.03,-669.97
ORD09834,2024-11-06,CUST1460,PROD070,4,0.13,Debit Card,39873,46320.62,161195.76,1703.76
ORD09835,2024-01-27,CUST1882,PROD037,3,0.04,Debit Card,49377,67713.17,195013.93,46882.93
ORD09836,2024-11-02,CUST0293,PROD006,2,0.21,Cash on Delivery,17488,27527.2,43492.98,8516.98
ORD09837,2025-05-10,CUST0655,PROD089,1,0.27,Debit Card,21871,33876.08,24729.54,2858.54
ORD09838,2024-04-10,CUST0937,PROD077,3,0.05,Credit Card,10916,17377.46,49525.76,16777.76
ORD09839,2025-04-18,CUST1796,PROD062,3,0.18,UPI,42867,54052.69,132969.62,4368.62
ORD09840,2025-09-14,CUST0757,PROD097,5,0.13,UPI,10894,15937.12,69326.47,14856.47
ORD09841,2025-12-09,CUST1461,PROD033,2,0.03,UPI,8919,10480.99,20333.12,2495.12
ORD09842,2023-01-04,CUST0996,PROD089,4,0.22,Cash on Delivery,21871,33059.19,103144.67,15660.67
ORD09843,2025-05-01,CUST1876,PROD078,3,0.02,Credit Card,3912,5420.83,15937.24,4201.24
ORD09844,2024-06-18,CUST0667,PROD040,5,0.21,Cash on Delivery,34631,55351.72,218639.29,45484.29
ORD09845,2025-06-21,CUST1685,PROD041,2,0.08,UPI,37776,47522.11,87440.68,11888.68
ORD09846,2025-12-20,CUST0060,PROD042,1,0.17,UPI,35023,52642.78,43693.51,8670.51
ORD09847,2024-10-07,CUST1622,PROD009,4,0.05,Credit Card,7565,9281.73,35270.57,5010.57
ORD09848,2023-01-24,CUST1728,PROD018,2,0.11,Cash on Delivery,34967,44730.9,79621.0,9687.0
ORD09849,2024-07-10,CUST0327,PROD015,5,0.03,Credit Card,18761,24070.43,116741.59,22936.59
ORD09850,2024-11-21,CUST1967,PROD004,5,0.14,UPI,42258,59585.48,256217.56,44927.56
ORD09851,2023-12-22,CUST1206,PROD034,5,0.06,Credit Card,48452,63680.43,299298.02,57038.02
ORD09852,2025-05-19,CUST0799,PROD062,5,0.06,Credit Card,42867,57759.93,271471.67,57136.67
ORD09853,2025-07-29,CUST0785,PROD038,5,0.03,Cash on Delivery,41219,57080.59,276840.86,70745.86
ORD09854,2024-07-28,CUST0767,PROD081,4,0.23,Cash on Delivery,2375,2791.34,8597.33,-902.67
ORD09855,2023-01-29,CUST1458,PROD071,3,0.19,Credit Card,43519,63077.01,153277.13,22720.13
ORD09856,2023-12-23,CUST0519,PROD096,3,0.05,Debit Card,16906,24381.33,69486.79,18768.79
ORD09857,2023-12-31,CUST0638,PROD023,1,0.14,Debit Card,14296,22647.16,19476.56,5180.56
ORD09858,2024-08-30,CUST0083,PROD020,3,0.2,Cash on Delivery,29671,35902.63,86166.31,-2846.69
ORD09859,2024-02-13,CUST0028,PROD056,5,0.26,UPI,6756,7863.55,29095.14,-4684.86
ORD09860,2024-07-20,CUST0266,PROD053,3,0.02,UPI,45509,55063.71,161887.31,25360.31
ORD09861,2023-08-07,CUST1307,PROD002,3,0.11,Cash on Delivery,8668,11616.07,31014.91,5010.91
ORD09862,2023-06-22,CUST0397,PROD021,5,0.18,Cash on Delivery,22664,28245.46,115806.39,2486.39
ORD09863,2024-08-30,CUST0962,PROD076,4,0.0,Credit Card,19739,24621.31,98485.24,19529.24
ORD09864,2025-11-01,CUST0763,PROD042,5,0.07,UPI,35023,53978.47,250999.89,75884.89
ORD09865,2025-05-07,CUST0980,PROD057,3,0.22,Debit Card,43648,56555.76,132340.48,1396.48
ORD09866,2024-10-18,CUST1724,PROD049,3,0.11,Cash on Delivery,1602,2142.77,5721.2,915.2
ORD09867,2025-08-26,CUST1407,PROD091,1,0.03,Cash on Delivery,15191,22146.47,21482.08,6291.08
ORD09868,2024-03-16,CUST0811,PROD010,5,0.19,UPI,38184,49752.76,201498.68,10578.68
ORD09869,2024-09-08,CUST0581,PROD072,1,0.08,UPI,16543,23151.27,21299.17,4756.17
ORD09870,2023-08-14,CUST1343,PROD061,1,0.21,Debit Card,13164,18236.02,14406.46,1242.46
ORD09871,2024-01-06,CUST1862,PROD021,2,0.27,Cash on Delivery,22664,28730.78,41946.94,-3381.06
ORD09872,2023-01-28,CUST0611,PROD060,1,0.16,Debit Card,7054,10388.37,8726.23,1672.23
ORD09873,2025-10-04,CUST0193,PROD086,3,0.18,Credit Card,12989,19812.79,48739.46,9772.46
ORD09874,2025-09-21,CUST0227,PROD013,3,0.15,Credit Card,24204,36367.84,92737.99,20125.99
ORD09875,2023-01-16,CUST0451,PROD048,2,0.25,Cash on Delivery,7733,10268.5,15402.75,-63.25
ORD09876,2023-11-29,CUST1206,PROD040,2,0.07,Credit Card,34631,54364.83,101118.58,31856.58
ORD09877,2024-04-27,CUST0932,PROD063,5,0.12,UPI,48779,75828.62,333645.93,89750.93
ORD09878,2024-07-19,CUST1351,PROD076,2,0.27,UPI,19739,25070.03,36602.24,-2875.76
ORD09879,2023-04-24,CUST1629,PROD081,4,0.22,UPI,2375,2863.71,8934.78,-565.22
ORD09880,2023-02-07,CUST0655,PROD009,3,0.1,Debit Card,7565,11742.5,31704.75,9009.75
ORD09881,2024-03-29,CUST0203,PROD057,3,0.25,UPI,43648,64825.38,145857.1,14913.1
ORD09882,2025-01-11,CUST0402,PROD051,2,0.07,Debit Card,47215,60904.79,113282.91,18852.91
ORD09883,2023-06-15,CUST1668,PROD040,2,0.19,Cash on Delivery,34631,44576.83,72214.46,2952.46
ORD09884,2024-11-24,CUST0472,PROD076,3,0.29,Cash on Delivery,19739,25561.53,54446.06,-4770.94
ORD09885,2023-07-24,CUST1803,PROD073,2,0.17,UPI,46032,70778.82,117492.84,25428.84
ORD09886,2025-05-27,CUST1670,PROD064,5,0.24,UPI,24886,31309.18,118974.88,-5455.12
ORD09887,2023-09-02,CUST0890,PROD094,2,0.22,Cash on Delivery,11294,16297.12,25423.51,2835.51
ORD09888,2025-07-31,CUST0179,PROD070,2,0.26,Debit Card,39873,60826.25,90022.85,10276.85
ORD09889,2025-03-31,CUST1722,PROD064,5,0.29,Debit Card,24886,32956.66,116996.14,-7433.86
ORD09890,2024-05-21,CUST1980,PROD025,5,0.01,Debit Card,31820,37473.49,185493.78,26393.78
ORD09891,2025-07-12,CUST1042,PROD028,5,0.01,Credit Card,24730,36884.41,182577.83,58927.83
ORD09892,2024-02-14,CUST0463,PROD010,3,0.18,Credit Card,38184,44253.01,108862.4,-5689.6
ORD09893,2023-11-06,CUST0835,PROD028,2,0.29,UPI,24730,37685.93,53514.02,4054.02
ORD09894,2023-03-09,CUST1937,PROD093,5,0.15,UPI,48575,63749.21,270934.14,28059.14
ORD09895,2023-04-24,CUST0609,PROD036,5,0.25,Cash on Delivery,5763,8705.56,32645.85,3830.85
ORD09896,2023-08-08,CUST1570,PROD011,3,0.23,UPI,23684,33048.95,76343.07,5291.07
ORD09897,2023-08-08,CUST0926,PROD021,4,0.15,Cash on Delivery,22664,29727.17,101072.38,10416.38
ORD09898,2024-12-30,CUST1427,PROD026,2,0.15,Credit Card,1165,1811.22,3079.07,749.07
ORD09899,2025-01-18,CUST1417,PROD018,4,0.13,UPI,34967,52281.61,181940.0,42072.0
ORD09900,2025-07-31,CUST0936,PROD068,4,0.08,Debit Card,30755,36485.22,134265.61,11245.61
ORD09901,2024-01-21,CUST0300,PROD041,5,0.26,Cash on Delivery,37776,59261.71,219268.33,30388.33
ORD09902,2025-07-18,CUST0351,PROD015,3,0.06,Debit Card,18761,25517.84,71960.31,15677.31
ORD09903,2024-02-09,CUST0187,PROD023,2,0.27,Credit Card,14296,17398.71,25402.12,-3189.88
ORD09904,2024-05-06,CUST1371,PROD041,2,0.11,Debit Card,37776,56552.38,100663.24,25111.24
ORD09905,2023-12-23,CUST0623,PROD006,2,0.01,Debit Card,17488,24184.61,47885.53,12909.53
ORD09906,2023-08-03,CUST1433,PROD071,4,0.05,UPI,43519,63221.37,240241.21,66165.21
ORD09907,2025-01-21,CUST1783,PROD060,1,0.27,Debit Card,7054,10315.18,7530.08,476.08
ORD09908,2025-04-06,CUST0071,PROD079,3,0.04,Debit Card,16940,20984.19,60434.47,9614.47
ORD09909,2024-06-11,CUST1845,PROD052,1,0.22,Credit Card,20157,31986.93,24949.81,4792.81
ORD09910,2025-07-04,CUST1968,PROD009,4,0.05,Debit Card,7565,9059.05,34424.39,4164.39
ORD09911,2024-10-27,CUST1351,PROD030,5,0.15,Cash on Delivery,27284,38814.42,164961.28,28541.28
ORD09912,2024-12-10,CUST1236,PROD044,1,0.06,Debit Card,31606,38428.11,36122.42,4516.42
ORD09913,2024-06-18,CUST0309,PROD062,1,0.1,Cash on Delivery,42867,66220.28,59598.25,16731.25
ORD09914,2024-07-07,CUST1132,PROD043,3,0.04,UPI,1019,1251.29,3603.72,546.72
ORD09915,2023-11-24,CUST0177,PROD028,4,0.17,Cash on Delivery,24730,33347.58,110713.97,11793.97
ORD09916,2025-06-20,CUST0427,PROD094,3,0.11,Cash on Delivery,11294,13429.61,35857.06,1975.06
ORD09917,2023-05-30,CUST0740,PROD008,5,0.11,UPI,24024,32471.2,144496.84,24376.84
ORD09918,2025-11-21,CUST0531,PROD099,2,0.01,UPI,42208,48616.36,96260.39,11844.39
ORD09919,2024-10-18,CUST1858,PROD051,4,0.04,Credit Card,47215,63719.55,244683.07,55823.07
ORD09920,2025-03-16,CUST0418,PROD099,5,0.21,Cash on Delivery,42208,61604.75,243338.76,32298.76
ORD09921,2023-10-20,CUST0248,PROD090,5,0.09,UPI,39865,49124.58,223516.84,24191.84
ORD09922,2025-07-07,CUST0209,PROD030,1,0.13,Debit Card,27284,38166.05,33204.46,5920.46
ORD09923,2024-11-19,CUST0216,PROD099,3,0.23,Credit Card,42208,57549.45,132939.23,6315.23
ORD09924,2025-08-14,CUST0713,PROD011,1,0.13,Debit Card,23684,30806.76,26801.88,3117.88
ORD09925,2025-12-20,CUST0438,PROD020,1,0.07,Debit Card,29671,43078.12,40062.65,10391.65
ORD09926,2024-02-20,CUST1793,PROD031,2,0.16,UPI,15105,24134.95,40546.72,10336.72
ORD09927,2024-08-20,CUST1642,PROD034,3,0.24,Credit Card,48452,76166.57,173659.78,28303.78
ORD09928,2023-01-07,CUST0311,PROD012,2,0.18,Credit Card,33865,53728.39,88114.56,20384.56
ORD09929,2025-07-06,CUST1807,PROD048,5,0.13,UPI,7733,8963.29,38990.31,325.31
ORD09930,2023-03-26,CUST0383,PROD028,2,0.04,Cash on Delivery,24730,31292.79,60082.16,10622.16
ORD09931,2025-02-12,CUST0981,PROD067,5,0.07,Credit Card,26070,40805.81,189747.02,59397.02
ORD09932,2025-08-14,CUST1295,PROD063,1,0.28,Debit Card,48779,57155.9,41152.25,-7626.75
ORD09933,2025-12-06,CUST0121,PROD048,2,0.23,Cash on Delivery,7733,10162.43,15650.14,184.14
ORD09934,2024-08-28,CUST0407,PROD042,3,0.03,Credit Card,35023,50555.38,147116.16,42047.16
ORD09935,2024-03-01,CUST0245,PROD052,2,0.0,Debit Card,20157,32096.88,64193.76,23879.76
ORD09936,2024-03-01,CUST0066,PROD005,5,0.05,Credit Card,14250,18155.89,86240.48,14990.48
ORD09937,2025-01-05,CUST0942,PROD077,4,0.28,Credit Card,10916,16307.22,46964.79,3300.79
ORD09938,2025-03-01,CUST0228,PROD012,3,0.17,UPI,33865,49008.28,122030.62,20435.62
ORD09939,2024-05-29,CUST0882,PROD059,5,0.25,UPI,42048,59963.0,224861.25,14621.25
ORD09940,2025-01-10,CUST0137,PROD065,4,0.14,Cash on Delivery,5346,7935.18,27297.02,5913.02
ORD09941,2023-05-11,CUST0194,PROD052,3,0.25,Credit Card,20157,25483.82,57338.59,-3132.41
ORD09942,2023-11-19,CUST0706,PROD043,4,0.01,Cash on Delivery,1019,1327.15,5255.51,1179.51
ORD09943,2025-04-02,CUST0658,PROD083,1,0.13,Debit Card,37036,51932.2,45181.01,8145.01
ORD09944,2024-06-26,CUST0657,PROD093,1,0.11,UPI,48575,65456.83,58256.58,9681.58
ORD09945,2023-03-07,CUST1513,PROD063,2,0.29,UPI,48779,71943.98,102160.45,4602.45
ORD09946,2024-12-18,CUST1608,PROD050,2,0.09,Cash on Delivery,1097,1656.78,3015.34,821.34
ORD09947,2023-01-31,CUST1378,PROD039,2,0.13,Cash on Delivery,46187,64089.29,111515.36,19141.36
ORD09948,2025-06-03,CUST0930,PROD042,2,0.23,UPI,35023,46485.34,71587.42,1541.42
ORD09949,2023-07-10,CUST1989,PROD089,4,0.26,Cash on Delivery,21871,34125.99,101012.93,13528.93
ORD09950,2024-02-19,CUST1728,PROD080,3,0.26,Credit Card,24906,37045.98,82242.08,7524.08
ORD09951,2025-01-16,CUST0556,PROD017,3,0.12,Debit Card,28919,42018.13,110927.86,24170.86
ORD09952,2025-12-05,CUST1181,PROD092,2,0.28,Cash on Delivery,4811,5656.7,8145.65,-1476.35
ORD09953,2024-01-10,CUST0958,PROD043,1,0.2,Debit Card,1019,1413.89,1131.11,112.11
ORD09954,2024-07-11,CUST1500,PROD049,5,0.26,Credit Card,1602,1929.89,7140.59,-869.41
ORD09955,2024-07-31,CUST1040,PROD005,2,0.28,Debit Card,14250,20623.0,29697.12,1197.12
ORD09956,2023-02-01,CUST1102,PROD001,2,0.07,UPI,19397,24921.89,46354.72,7560.72
ORD09957,2023-02-27,CUST0052,PROD067,1,0.15,Debit Card,26070,38644.27,32847.63,6777.63
ORD09958,2023-11-08,CUST0514,PROD024,5,0.18,Cash on Delivery,37354,56037.29,229752.89,42982.89
ORD09959,2025-12-26,CUST1528,PROD029,4,0.24,Cash on Delivery,23495,30195.4,91794.02,-2185.98
ORD09960,2024-11-20,CUST0744,PROD015,4,0.12,UPI,18761,29817.23,104956.65,29912.65
ORD09961,2023-08-23,CUST1085,PROD004,5,0.06,UPI,42258,58422.22,274584.43,63294.43
ORD09962,2024-10-04,CUST1156,PROD044,5,0.22,Credit Card,31606,39445.6,153837.84,-4192.16
ORD09963,2025-12-13,CUST1406,PROD065,4,0.18,UPI,5346,8012.79,26281.95,4897.95
ORD09964,2025-03-12,CUST1588,PROD079,2,0.27,Debit Card,16940,25280.15,36909.02,3029.02
ORD09965,2023-08-27,CUST1833,PROD088,2,0.2,Debit Card,27486,36728.23,58765.17,3793.17
ORD09966,2023-04-22,CUST0692,PROD031,1,0.01,Debit Card,15105,21847.5,21629.02,6524.02
ORD09967,2024-04-20,CUST0543,PROD020,5,0.29,Debit Card,29671,34411.74,122161.68,-26193.32
ORD09968,2023-10-31,CUST0410,PROD010,2,0.18,Debit Card,38184,48915.74,80221.81,3853.81
ORD09969,2023-10-17,CUST0155,PROD011,2,0.18,UPI,23684,36631.17,60075.12,12707.12
ORD09970,2023-07-27,CUST0633,PROD082,1,0.27,Credit Card,37566,47124.69,34401.02,-3164.98
ORD09971,2025-05-17,CUST0051,PROD098,5,0.2,Credit Card,27372,42632.27,170529.08,33669.08
ORD09972,2024-08-04,CUST1024,PROD028,1,0.14,Cash on Delivery,24730,34892.65,30007.68,5277.68
ORD09973,2024-01-05,CUST0994,PROD038,1,0.03,Debit Card,41219,64149.55,62225.06,21006.06
ORD09974,2023-08-08,CUST1119,PROD080,4,0.29,UPI,24906,30108.66,85508.59,-14115.41
ORD09975,2025-03-12,CUST1712,PROD024,1,0.02,Cash on Delivery,37354,50755.42,49740.31,12386.31
ORD09976,2025-03-29,CUST1547,PROD039,5,0.05,Credit Card,46187,59276.7,281564.32,50629.32
ORD09977,2023-12-15,CUST1928,PROD051,2,0.25,Debit Card,47215,73141.46,109712.19,15282.19
ORD09978,2023-09-12,CUST0524,PROD076,2,0.15,UPI,19739,25733.77,43747.41,4269.41
ORD09979,2024-03-27,CUST0355,PROD050,4,0.05,Credit Card,1097,1552.04,5897.75,1509.75
ORD09980,2023-05-22,CUST1069,PROD007,5,0.09,UPI,3479,5296.57,24099.39,6704.39
ORD09981,2025-12-28,CUST0802,PROD100,2,0.3,Debit Card,41593,52118.54,72965.96,-10220.04
ORD09982,2023-03-30,CUST1229,PROD081,1,0.18,UPI,2375,2780.14,2279.71,-95.29
ORD09983,2025-05-20,CUST1755,PROD068,3,0.12,Credit Card,30755,42207.02,111426.53,19161.53
ORD09984,2024-06-06,CUST0840,PROD053,3,0.26,Credit Card,45509,66336.16,147266.28,10739.28
ORD09985,2024-10-21,CUST1455,PROD037,3,0.14,Cash on Delivery,49377,72765.3,187734.47,39603.47
ORD09986,2025-08-08,CUST0256,PROD097,3,0.09,UPI,10894,14573.32,39785.16,7103.16
ORD09987,2025-06-28,CUST0248,PROD083,1,0.05,Cash on Delivery,37036,43901.69,41706.61,4670.61
ORD09988,2024-03-17,CUST0533,PROD054,2,0.22,Credit Card,39049,51990.48,81105.15,3007.15
ORD09989,2023-02-07,CUST0041,PROD090,4,0.18,Cash on Delivery,39865,48033.17,157548.8,-1911.2
ORD09990,2023-07-29,CUST1483,PROD055,1,0.03,Cash on Delivery,44065,52106.81,50543.61,6478.61
ORD09991,2024-05-27,CUST0790,PROD075,2,0.18,UPI,900,1157.89,1898.94,98.94
ORD09992,2025-10-21,CUST1301,PROD031,5,0.05,UPI,15105,22653.71,107605.12,32080.12
ORD09993,2025-09-07,CUST1948,PROD065,2,0.29,Cash on Delivery,5346,7996.31,11354.76,662.76
ORD09994,2024-01-16,CUST0195,PROD100,2,0.08,Debit Card,41593,59212.49,108950.98,25764.98
ORD09995,2025-04-07,CUST1095,PROD093,2,0.21,Debit Card,48575,73921.82,116796.48,19646.48
ORD09996,2025-05-08,CUST1294,PROD089,1,0.2,UPI,21871,30080.73,24064.58,2193.58
ORD09997,2024-01-29,CUST1359,PROD059,2,0.21,Credit Card,42048,52961.56,83679.26,-416.74
ORD09998,2025-12-09,CUST1609,PROD047,2,0.13,Debit Card,47956,67449.49,117362.11,21450.11
ORD09999,2024-01-31,CUST0308,PROD049,5,0.02,Credit Card,1602,2507.87,12288.56,4278.56
ORD10000,2023-02-01,CUST1451,PROD018,5,0.29,UPI,34967,40780.55,144770.95,-30064.05
